molecule_chembl_id,molecule_name,canonical_smiles,target_chembl_id,target_name,action_type,mechanism_of_action,max_phase
CHEMBL19,METHAZOLAMIDE,CC(=O)/N=c1/sc(S(N)(=O)=O)nn1C,CHEMBL2326,Carbonic anhydrase 7,INHIBITOR,Carbonic anhydrase VII inhibitor,4
CHEMBL1201117,METHOCARBAMOL,COc1ccccc1OCC(O)COC(N)=O,CHEMBL261,Carbonic anhydrase 1,INHIBITOR,Carbonic anhydrase I inhibitor,4
CHEMBL1200814,ACETAZOLAMIDE SODIUM,CC(=O)Nc1nnc(S([NH-])(=O)=O)s1.[Na+],CHEMBL261,Carbonic anhydrase 1,INHIBITOR,Carbonic anhydrase I inhibitor,4
CHEMBL17,DICHLORPHENAMIDE,NS(=O)(=O)c1cc(Cl)c(Cl)c(S(N)(=O)=O)c1,CHEMBL261,Carbonic anhydrase 1,INHIBITOR,Carbonic anhydrase I inhibitor,4
CHEMBL20,ACETAZOLAMIDE,CC(=O)Nc1nnc(S(N)(=O)=O)s1,CHEMBL261,Carbonic anhydrase 1,INHIBITOR,Carbonic anhydrase I inhibitor,4
CHEMBL19,METHAZOLAMIDE,CC(=O)/N=c1/sc(S(N)(=O)=O)nn1C,CHEMBL261,Carbonic anhydrase 1,INHIBITOR,Carbonic anhydrase I inhibitor,4
CHEMBL1450,ATOVAQUONE,O=C1C(O)=C([C@H]2CC[C@H](c3ccc(Cl)cc3)CC2)C(=O)c2ccccc21,CHEMBL1777,Cytochrome b,INHIBITOR,Cytochrome b inhibitor,4
CHEMBL1722209,TOLTERODINE TARTRATE,Cc1ccc(O)c([C@H](CCN(C(C)C)C(C)C)c2ccccc2)c1.O=C(O)C(O)C(O)C(=O)O,CHEMBL245,Muscarinic acetylcholine receptor M3,ANTAGONIST,Muscarinic acetylcholine receptor M3 antagonist,4
CHEMBL1240,PROPANTHELINE BROMIDE,CC(C)[N+](C)(CCOC(=O)C1c2ccccc2Oc2ccccc21)C(C)C.[Br-],CHEMBL245,Muscarinic acetylcholine receptor M3,ANTAGONIST,Muscarinic acetylcholine receptor M3 antagonist,4
CHEMBL1200479,DICYCLOMINE HYDROCHLORIDE,CCN(CC)CCOC(=O)C1(C2CCCCC2)CCCCC1.Cl,CHEMBL245,Muscarinic acetylcholine receptor M3,ANTAGONIST,Muscarinic acetylcholine receptor M3 antagonist,4
CHEMBL1768,BETHANECHOL CHLORIDE,CC(C[N+](C)(C)C)OC(N)=O.[Cl-],CHEMBL245,Muscarinic acetylcholine receptor M3,AGONIST,Muscarinic acetylcholine receptor M3 agonist,4
CHEMBL2146146,ATROPINE SULFATE,CN1[C@@H]2CC[C@H]1C[C@@H](OC(=O)C(CO)c1ccccc1)C2.O=S(=O)(O)O,CHEMBL245,Muscarinic acetylcholine receptor M3,ANTAGONIST,Muscarinic acetylcholine receptor M3 antagonist,4
CHEMBL517712,ATROPINE,CN1[C@@H]2CC[C@H]1C[C@@H](OC(=O)C(CO)c1ccccc1)C2,CHEMBL245,Muscarinic acetylcholine receptor M3,ANTAGONIST,Muscarinic acetylcholine receptor M3 antagonist,4
CHEMBL1200604,TROPICAMIDE,CCN(Cc1ccncc1)C(=O)C(CO)c1ccccc1,CHEMBL245,Muscarinic acetylcholine receptor M3,ANTAGONIST,Muscarinic acetylcholine receptor M3 antagonist,4
CHEMBL1200803,SOLIFENACIN SUCCINATE,O=C(O)CCC(=O)O.O=C(O[C@H]1CN2CCC1CC2)N1CCc2ccccc2[C@@H]1c1ccccc1,CHEMBL245,Muscarinic acetylcholine receptor M3,ANTAGONIST,Muscarinic acetylcholine receptor M3 antagonist,4
CHEMBL1200935,DARIFENACIN HYDROBROMIDE,Br.NC(=O)C(c1ccccc1)(c1ccccc1)[C@@H]1CCN(CCc2ccc3c(c2)CCO3)C1,CHEMBL245,Muscarinic acetylcholine receptor M3,ANTAGONIST,Muscarinic acetylcholine receptor M3 antagonist,4
CHEMBL551466,ACLIDINIUM BROMIDE,O=C(O[C@H]1C[N+]2(CCCOc3ccccc3)CCC1CC2)C(O)(c1cccs1)c1cccs1.[Br-],CHEMBL245,Muscarinic acetylcholine receptor M3,ANTAGONIST,Muscarinic acetylcholine receptor M3 antagonist,4
CHEMBL1200764,METHACHOLINE CHLORIDE,CC(=O)OC(C)C[N+](C)(C)C.[Cl-],CHEMBL245,Muscarinic acetylcholine receptor M3,AGONIST,Muscarinic acetylcholine receptor M3 agonist,4
CHEMBL3545181,TIOTROPIUM BROMIDE,C[N+]1(C)[C@@H]2C[C@@H](OC(=O)C(O)(c3cccs3)c3cccs3)C[C@H]1[C@@H]1O[C@@H]12.O.[Br-],CHEMBL245,Muscarinic acetylcholine receptor M3,ANTAGONIST,Muscarinic acetylcholine receptor M3 antagonist,4
CHEMBL1201765,FESOTERODINE FUMARATE,CC(C)C(=O)Oc1ccc(CO)cc1[C@H](CCN(C(C)C)C(C)C)c1ccccc1.O=C(O)/C=C/C(=O)O,CHEMBL245,Muscarinic acetylcholine receptor M3,ANTAGONIST,Muscarinic acetylcholine receptor M3 antagonist,4
CHEMBL1200473,CYCLOPENTOLATE HYDROCHLORIDE,CN(C)CCOC(=O)C(c1ccccc1)C1(O)CCCC1.Cl,CHEMBL245,Muscarinic acetylcholine receptor M3,ANTAGONIST,Muscarinic acetylcholine receptor M3 antagonist,4
CHEMBL1184,ACETYLCHOLINE CHLORIDE,CC(=O)OCC[N+](C)(C)C.[Cl-],CHEMBL245,Muscarinic acetylcholine receptor M3,AGONIST,Muscarinic acetylcholine receptor M3 agonist,4
CHEMBL14,CARBACHOL,C[N+](C)(C)CCOC(N)=O.[Cl-],CHEMBL245,Muscarinic acetylcholine receptor M3,AGONIST,Muscarinic acetylcholine receptor M3 agonist,4
CHEMBL550,PILOCARPINE,CC[C@@H]1C(=O)OC[C@@H]1Cc1cncn1C,CHEMBL245,Muscarinic acetylcholine receptor M3,AGONIST,Muscarinic acetylcholine receptor M3 agonist,4
CHEMBL1200330,PILOCARPINE HYDROCHLORIDE,CC[C@@H]1C(=O)OC[C@@H]1Cc1cncn1C.Cl,CHEMBL245,Muscarinic acetylcholine receptor M3,AGONIST,Muscarinic acetylcholine receptor M3 agonist,4
CHEMBL2218917,CEVIMELINE HYDROCHLORIDE,CC1OC2(CS1)CN1CCC2CC1.Cl.O,CHEMBL245,Muscarinic acetylcholine receptor M3,AGONIST,Muscarinic acetylcholine receptor M3 agonist,4
CHEMBL1200950,CLIDINIUM BROMIDE,C[N+]12CCC(CC1)C(OC(=O)C(O)(c1ccccc1)c1ccccc1)C2.[Br-],CHEMBL245,Muscarinic acetylcholine receptor M3,ANTAGONIST,Muscarinic acetylcholine receptor M3 antagonist,4
CHEMBL2134724,IPRATROPIUM BROMIDE,CC(C)[N+]1(C)[C@@H]2CC[C@H]1C[C@@H](OC(=O)C(CO)c1ccccc1)C2.O.[Br-],CHEMBL245,Muscarinic acetylcholine receptor M3,ANTAGONIST,Muscarinic acetylcholine receptor M3 antagonist,4
CHEMBL1231,OXYBUTYNIN,CCN(CC)CC#CCOC(=O)C(O)(c1ccccc1)C1CCCCC1,CHEMBL245,Muscarinic acetylcholine receptor M3,ANTAGONIST,Muscarinic acetylcholine receptor M3 antagonist,4
CHEMBL1133,OXYBUTYNIN CHLORIDE,CCN(CC)CC#CCOC(=O)C(O)(c1ccccc1)C1CCCCC1.Cl,CHEMBL245,Muscarinic acetylcholine receptor M3,ANTAGONIST,Muscarinic acetylcholine receptor M3 antagonist,4
CHEMBL1201027,GLYCOPYRRONIUM BROMIDE,C[N+]1(C)CCC(OC(=O)C(O)(c2ccccc2)C2CCCC2)C1.[Br-],CHEMBL245,Muscarinic acetylcholine receptor M3,ANTAGONIST,Muscarinic acetylcholine receptor M3 antagonist,4
CHEMBL3084748,TROSPIUM CHLORIDE,O=C(O[C@H]1C[C@H]2CC[C@@H](C1)[N+]21CCCC1)C(O)(c1ccccc1)c1ccccc1.[Cl-],CHEMBL245,Muscarinic acetylcholine receptor M3,ANTAGONIST,Muscarinic acetylcholine receptor M3 antagonist,4
CHEMBL3989514,IRINOTECAN HYDROCHLORIDE,CCc1c2c(nc3ccc(OC(=O)N4CCC(N5CCCCC5)CC4)cc13)-c1cc3c(c(=O)n1C2)COC(=O)[C@]3(O)CC.Cl.O.O.O,CHEMBL1781,DNA topoisomerase 1,INHIBITOR,DNA topoisomerase I inhibitor,4
CHEMBL4084119,LIRAGLUTIDE,CCCCCCCCCCCCCCCC(=O)N[C@@H](CCC(=O)NCCCC[C@H](NC(=O)[C@H](C)NC(=O)[C@H](C)NC(=O)[C@H](CCC(N)=O)NC(=O)CNC(=O)[C@H](CCC(=O)O)NC(=O)[C@H](CC(C)C)NC(=O)[C@H](Cc1ccc(O)cc1)NC(=O)[C@H](CO)NC(=O)[C@H](CO)NC(=O)[C@@H](NC(=O)[C@H](CC(=O)O)NC(=O)[C@H](CO)NC(=O)[C@@H](NC(=O)[C@H](Cc1ccccc1)NC(=O)[C@@H](NC(=O)CNC(=O)[C@H](CCC(=O)O)NC(=O)[C@H](C)NC(=O)[C@@H](N)Cc1cnc[nH]1)[C@@H](C)O)[C@@H](C)O)C(C)C)C(=O)N[C@@H](CCC(=O)O)C(=O)N[C@@H](Cc1ccccc1)C(=O)N[C@H](C(=O)N[C@@H](C)C(=O)N[C@@H](Cc1c[nH]c2ccccc12)C(=O)N[C@@H](CC(C)C)C(=O)N[C@H](C(=O)N[C@@H](CCCNC(=N)N)C(=O)NCC(=O)N[C@@H](CCCNC(=N)N)C(=O)NCC(=O)O)C(C)C)[C@@H](C)CC)C(=O)O,CHEMBL1784,Glucagon-like peptide 1 receptor,AGONIST,Glucagon-like peptide 1 receptor agonist,4
CHEMBL414357,EXENATIDE,CC[C@H](C)[C@H](NC(=O)[C@H](Cc1ccccc1)NC(=O)[C@H](CC(C)C)NC(=O)[C@H](CCCNC(=N)N)NC(=O)[C@@H](NC(=O)[C@H](C)NC(=O)[C@H](CCC(=O)O)NC(=O)[C@H](CCC(=O)O)NC(=O)[C@H](CCC(=O)O)NC(=O)[C@H](CCSC)NC(=O)[C@H](CCC(N)=O)NC(=O)[C@H](CCCCN)NC(=O)[C@H](CO)NC(=O)[C@H](CC(C)C)NC(=O)[C@H](CC(=O)O)NC(=O)[C@H](CO)NC(=O)[C@@H](NC(=O)[C@H](Cc1ccccc1)NC(=O)[C@@H](NC(=O)CNC(=O)[C@H](CCC(=O)O)NC(=O)CNC(=O)[C@@H](N)Cc1cnc[nH]1)[C@@H](C)O)[C@@H](C)O)C(C)C)C(=O)N[C@@H](CCC(=O)O)C(=O)N[C@@H](Cc1c[nH]c2ccccc12)C(=O)N[C@@H](CC(C)C)C(=O)N[C@@H](CCCCN)C(=O)N[C@@H](CC(N)=O)C(=O)NCC(=O)NCC(=O)N1CCC[C@H]1C(=O)N[C@@H](CO)C(=O)N[C@@H](CO)C(=O)NCC(=O)N[C@@H](C)C(=O)N1CCC[C@H]1C(=O)N1CCC[C@H]1C(=O)N1CCC[C@H]1C(=O)N[C@@H](CO)C(N)=O,CHEMBL1784,Glucagon-like peptide 1 receptor,AGONIST,Glucagon-like peptide 1 receptor agonist,4
CHEMBL1200826,LITHIUM CARBONATE,O=C([O-])[O-].[Li+].[Li+],CHEMBL1786,Inositol monophosphatase 1,INHIBITOR,Inositol-1(or 4)-monophosphatase 1 inhibitor,4
CHEMBL2103738,LITHIUM CITRATE,O.O.O.O.O=C([O-])CC(O)(CC(=O)[O-])C(=O)[O-].[Li+].[Li+].[Li+],CHEMBL1786,Inositol monophosphatase 1,INHIBITOR,Inositol-1(or 4)-monophosphatase 1 inhibitor,4
CHEMBL344159,TOLVAPTAN,Cc1ccccc1C(=O)Nc1ccc(C(=O)N2CCCC(O)c3cc(Cl)ccc32)c(C)c1,CHEMBL1790,Vasopressin V2 receptor,ANTAGONIST,Vasopressin V2 receptor antagonist,4
CHEMBL1201108,CONIVAPTAN HYDROCHLORIDE,Cc1nc2c([nH]1)-c1ccccc1N(C(=O)c1ccc(NC(=O)c3ccccc3-c3ccccc3)cc1)CC2.Cl,CHEMBL1790,Vasopressin V2 receptor,ANTAGONIST,Vasopressin V2 receptor antagonist,4
CHEMBL5314380,PASIREOTIDE DIASPARTATE,NCCCC[C@@H]1NC(=O)[C@@H](Cc2c[nH]c3ccccc23)NC(=O)[C@H](c2ccccc2)NC(=O)[C@@H]2C[C@@H](OC(=O)NCCN)CN2C(=O)[C@H](Cc2ccccc2)NC(=O)[C@H](Cc2ccc(OCc3ccccc3)cc2)NC1=O.N[C@@H](CC(=O)O)C(=O)O.N[C@@H](CC(=O)O)C(=O)O,CHEMBL1792,Somatostatin receptor type 5,AGONIST,Somatostatin receptor 5 agonist,4
CHEMBL1201184,LANREOTIDE ACETATE,CC(=O)O.CC(C)[C@@H]1NC(=O)[C@H](CCCCN)NC(=O)[C@@H](Cc2c[nH]c3ccccc23)NC(=O)[C@H](Cc2ccc(O)cc2)NC(=O)[C@@H](NC(=O)[C@H](N)Cc2ccc3ccccc3c2)CSSC[C@@H](C(=O)N[C@H](C(N)=O)[C@@H](C)O)NC1=O,CHEMBL1792,Somatostatin receptor type 5,AGONIST,Somatostatin receptor 5 agonist,4
CHEMBL525610,TERIPARATIDE,CC[C@H](C)[C@H](NC(=O)[C@H](CCC(=O)O)NC(=O)[C@H](CO)NC(=O)[C@@H](NC(=O)[C@@H](N)CO)C(C)C)C(=O)N[C@@H](CCC(N)=O)C(=O)N[C@@H](CC(C)C)C(=O)N[C@@H](CCSC)C(=O)N[C@@H](Cc1cnc[nH]1)C(=O)N[C@@H](CC(N)=O)C(=O)N[C@@H](CC(C)C)C(=O)NCC(=O)N[C@@H](CCCCN)C(=O)N[C@@H](Cc1cnc[nH]1)C(=O)N[C@@H](CC(C)C)C(=O)N[C@@H](CC(N)=O)C(=O)N[C@@H](CO)C(=O)N[C@@H](CCSC)C(=O)N[C@@H](CCC(=O)O)C(=O)N[C@@H](CCCNC(=N)N)C(=O)N[C@H](C(=O)N[C@@H](CCC(=O)O)C(=O)N[C@@H](Cc1c[nH]c2ccccc12)C(=O)N[C@@H](CC(C)C)C(=O)N[C@@H](CCCNC(=N)N)C(=O)N[C@@H](CCCCN)C(=O)N[C@@H](CCCCN)C(=O)N[C@@H](CC(C)C)C(=O)N[C@@H](CCC(N)=O)C(=O)N[C@@H](CC(=O)O)C(=O)N[C@H](C(=O)N[C@@H](Cc1cnc[nH]1)C(=O)N[C@@H](CC(N)=O)C(=O)N[C@@H](Cc1ccccc1)C(=O)O)C(C)C)C(C)C,CHEMBL1793,Parathyroid hormone/parathyroid hormone-related peptide receptor,AGONIST,Parathyroid hormone receptor agonist,4
CHEMBL175247,ORLISTAT,CCCCCCCCCCC[C@@H](C[C@@H]1OC(=O)[C@H]1CCCCCC)OC(=O)[C@H](CC(C)C)NC=O,CHEMBL1796,Gastric triacylglycerol lipase,INHIBITOR,Gastric lipase inhibitor,4
CHEMBL603,ZAFIRLUKAST,COc1cc(C(=O)NS(=O)(=O)c2ccccc2C)ccc1Cc1cn(C)c2ccc(NC(=O)OC3CCCC3)cc12,CHEMBL1798,Cysteinyl leukotriene receptor 1,ANTAGONIST,Cysteinyl leukotriene receptor 1 antagonist,4
CHEMBL1200681,MONTELUKAST SODIUM,CC(C)(O)c1ccccc1CC[C@@H](SCC1(CC(=O)[O-])CC1)c1cccc(/C=C/c2ccc3ccc(Cl)cc3n2)c1.[Na+],CHEMBL1798,Cysteinyl leukotriene receptor 1,ANTAGONIST,Cysteinyl leukotriene receptor 1 antagonist,4
CHEMBL1615369,DABIGATRAN ETEXILATE MESYLATE,CCCCCCOC(=O)NC(=N)c1ccc(NCc2nc3cc(C(=O)N(CCC(=O)OCC)c4ccccn4)ccc3n2C)cc1.CS(=O)(=O)O,CHEMBL204,Prothrombin,INHIBITOR,Thrombin inhibitor,4
CHEMBL1166,ARGATROBAN,CC1CNc2c(cccc2S(=O)(=O)N[C@@H](CCCNC(=N)N)C(=O)N2CC[C@@H](C)C[C@@H]2C(=O)O)C1,CHEMBL204,Prothrombin,INHIBITOR,Thrombin inhibitor,4
CHEMBL877,TRANEXAMIC ACID,NC[C@H]1CC[C@H](C(=O)O)CC1,CHEMBL1801,Plasminogen,INHIBITOR,Plasminogen inhibitor,4
CHEMBL1046,AMINOCAPROIC ACID,NCCCCCC(=O)O,CHEMBL1801,Plasminogen,INHIBITOR,Plasminogen inhibitor,4
CHEMBL220491,BRINZOLAMIDE,CCN[C@H]1CN(CCCOC)S(=O)(=O)c2sc(S(N)(=O)=O)cc21,CHEMBL205,Carbonic anhydrase 2,INHIBITOR,Carbonic anhydrase II inhibitor,4
CHEMBL1201162,DORZOLAMIDE HYDROCHLORIDE,CCN[C@H]1C[C@H](C)S(=O)(=O)c2sc(S(N)(=O)=O)cc21.Cl,CHEMBL205,Carbonic anhydrase 2,INHIBITOR,Carbonic anhydrase II inhibitor,4
CHEMBL17,DICHLORPHENAMIDE,NS(=O)(=O)c1cc(Cl)c(Cl)c(S(N)(=O)=O)c1,CHEMBL205,Carbonic anhydrase 2,INHIBITOR,Carbonic anhydrase II inhibitor,4
CHEMBL19,METHAZOLAMIDE,CC(=O)/N=c1/sc(S(N)(=O)=O)nn1C,CHEMBL205,Carbonic anhydrase 2,INHIBITOR,Carbonic anhydrase II inhibitor,4
CHEMBL220492,TOPIRAMATE,CC1(C)O[C@@H]2[C@@H](CO[C@@]3(COS(N)(=O)=O)OC(C)(C)O[C@@H]23)O1,CHEMBL205,Carbonic anhydrase 2,INHIBITOR,Carbonic anhydrase II inhibitor,4
CHEMBL20,ACETAZOLAMIDE,CC(=O)Nc1nnc(S(N)(=O)=O)s1,CHEMBL205,Carbonic anhydrase 2,INHIBITOR,Carbonic anhydrase II inhibitor,4
CHEMBL1200814,ACETAZOLAMIDE SODIUM,CC(=O)Nc1nnc(S([NH-])(=O)=O)s1.[Na+],CHEMBL205,Carbonic anhydrase 2,INHIBITOR,Carbonic anhydrase II inhibitor,4
CHEMBL5314380,PASIREOTIDE DIASPARTATE,NCCCC[C@@H]1NC(=O)[C@@H](Cc2c[nH]c3ccccc23)NC(=O)[C@H](c2ccccc2)NC(=O)[C@@H]2C[C@@H](OC(=O)NCCN)CN2C(=O)[C@H](Cc2ccccc2)NC(=O)[C@H](Cc2ccc(OCc3ccccc3)cc2)NC1=O.N[C@@H](CC(=O)O)C(=O)O.N[C@@H](CC(=O)O)C(=O)O,CHEMBL1804,Somatostatin receptor type 2,AGONIST,Somatostatin receptor 2 agonist,4
CHEMBL1201184,LANREOTIDE ACETATE,CC(=O)O.CC(C)[C@@H]1NC(=O)[C@H](CCCCN)NC(=O)[C@@H](Cc2c[nH]c3ccccc23)NC(=O)[C@H](Cc2ccc(O)cc2)NC(=O)[C@@H](NC(=O)[C@H](N)Cc2ccc3ccccc3c2)CSSC[C@@H](C(=O)N[C@H](C(N)=O)[C@@H](C)O)NC1=O,CHEMBL1804,Somatostatin receptor type 2,AGONIST,Somatostatin receptor 2 agonist,4
CHEMBL1201003,ELETRIPTAN HYDROBROMIDE,Br.CN1CCC[C@@H]1Cc1c[nH]c2ccc(CCS(=O)(=O)c3ccccc3)cc12,CHEMBL1805,5-hydroxytryptamine receptor 1F,AGONIST,Serotonin 1f (5-HT1f) receptor agonist,4
CHEMBL1200521,ALMOTRIPTAN MALATE,CN(C)CCc1c[nH]c2ccc(CS(=O)(=O)N3CCCC3)cc12.O=C(O)CC(O)C(=O)O,CHEMBL1805,5-hydroxytryptamine receptor 1F,AGONIST,Serotonin 1f (5-HT1f) receptor agonist,4
CHEMBL1200645,ETOPOSIDE PHOSPHATE,COc1cc([C@@H]2c3cc4c(cc3[C@@H](O[C@@H]3O[C@@H]5CO[C@@H](C)O[C@H]5[C@H](O)[C@H]3O)[C@H]3COC(=O)[C@H]23)OCO4)cc(OC)c1OP(=O)(O)O,CHEMBL1806,DNA topoisomerase 2-alpha,INHIBITOR,DNA topoisomerase II alpha inhibitor,4
CHEMBL1200475,DAUNORUBICIN CITRATE,COc1cccc2c1C(=O)c1c(O)c3c(c(O)c1C2=O)C[C@@](O)(C(C)=O)C[C@@H]3O[C@H]1C[C@H](N)[C@H](O)[C@H](C)O1.O=C(O)CC(O)(CC(=O)O)C(=O)O,CHEMBL1806,DNA topoisomerase 2-alpha,INHIBITOR,DNA topoisomerase II alpha inhibitor,4
CHEMBL1563,DAUNORUBICIN HYDROCHLORIDE,COc1cccc2c1C(=O)c1c(O)c3c(c(O)c1C2=O)C[C@@](O)(C(C)=O)C[C@@H]3O[C@H]1C[C@H](N)[C@H](O)[C@H](C)O1.Cl,CHEMBL1806,DNA topoisomerase 2-alpha,INHIBITOR,DNA topoisomerase II alpha inhibitor,4
CHEMBL359744,DOXORUBICIN HYDROCHLORIDE,COc1cccc2c1C(=O)c1c(O)c3c(c(O)c1C2=O)C[C@@](O)(C(=O)CO)C[C@@H]3O[C@H]1C[C@H](N)[C@H](O)[C@H](C)O1.Cl,CHEMBL1806,DNA topoisomerase 2-alpha,INHIBITOR,DNA topoisomerase II alpha inhibitor,4
CHEMBL1417019,MITOXANTRONE HYDROCHLORIDE,Cl.Cl.O=C1c2c(O)ccc(O)c2C(=O)c2c(NCCNCCO)ccc(NCCNCCO)c21,CHEMBL1806,DNA topoisomerase 2-alpha,INHIBITOR,DNA topoisomerase II alpha inhibitor,4
CHEMBL1096885,VALRUBICIN,CCCCC(=O)OCC(=O)[C@]1(O)Cc2c(O)c3c(c(O)c2[C@@H](O[C@H]2C[C@H](NC(=O)C(F)(F)F)[C@H](O)[C@H](C)O2)C1)C(=O)c1c(OC)cccc1C3=O,CHEMBL1806,DNA topoisomerase 2-alpha,INHIBITOR,DNA topoisomerase II alpha inhibitor,4
CHEMBL1200976,IDARUBICIN HYDROCHLORIDE,CC(=O)[C@]1(O)Cc2c(O)c3c(c(O)c2[C@@H](O[C@H]2C[C@H](N)[C@H](O)[C@H](C)O2)C1)C(=O)c1ccccc1C3=O.Cl,CHEMBL1806,DNA topoisomerase 2-alpha,INHIBITOR,DNA topoisomerase II alpha inhibitor,4
CHEMBL1201011,QUINAPRIL HYDROCHLORIDE,CCOC(=O)[C@H](CCc1ccccc1)N[C@@H](C)C(=O)N1Cc2ccccc2C[C@H]1C(=O)O.Cl,CHEMBL1808,Angiotensin-converting enzyme,INHIBITOR,Angiotensin-converting enzyme inhibitor,4
CHEMBL1519,TRANDOLAPRIL,CCOC(=O)[C@H](CCc1ccccc1)N[C@@H](C)C(=O)N1[C@H](C(=O)O)C[C@H]2CCCC[C@@H]21,CHEMBL1808,Angiotensin-converting enzyme,INHIBITOR,Angiotensin-converting enzyme inhibitor,4
CHEMBL1200534,MOEXIPRIL HYDROCHLORIDE,CCOC(=O)[C@H](CCc1ccccc1)N[C@@H](C)C(=O)N1Cc2cc(OC)c(OC)cc2C[C@H]1C(=O)O.Cl,CHEMBL1808,Angiotensin-converting enzyme,INHIBITOR,Angiotensin-converting enzyme inhibitor,4
CHEMBL3989406,ENALAPRILAT,C[C@H](N[C@@H](CCc1ccccc1)C(=O)O)C(=O)N1CCC[C@H]1C(=O)O.O.O,CHEMBL1808,Angiotensin-converting enzyme,INHIBITOR,Angiotensin-converting enzyme inhibitor,4
CHEMBL1168,RAMIPRIL,CCOC(=O)[C@H](CCc1ccccc1)N[C@@H](C)C(=O)N1[C@H](C(=O)O)C[C@@H]2CCC[C@@H]21,CHEMBL1808,Angiotensin-converting enzyme,INHIBITOR,Angiotensin-converting enzyme inhibitor,4
CHEMBL3039596,FOSINOPRIL SODIUM,CCC(=O)O[C@@H](O[P@](=O)(CCCCc1ccccc1)CC(=O)N1C[C@H](C2CCCCC2)C[C@H]1C(=O)[O-])C(C)C.[Na+],CHEMBL1808,Angiotensin-converting enzyme,INHIBITOR,Angiotensin-converting enzyme inhibitor,4
CHEMBL1694,BENAZEPRIL HYDROCHLORIDE,CCOC(=O)[C@H](CCc1ccccc1)N[C@H]1CCc2ccccc2N(CC(=O)O)C1=O.Cl,CHEMBL1808,Angiotensin-converting enzyme,INHIBITOR,Angiotensin-converting enzyme inhibitor,4
CHEMBL1560,CAPTOPRIL,C[C@H](CS)C(=O)N1CCC[C@H]1C(=O)O,CHEMBL1808,Angiotensin-converting enzyme,INHIBITOR,Angiotensin-converting enzyme inhibitor,4
CHEMBL1200343,PERINDOPRIL ERBUMINE,CC(C)(C)N.CCC[C@H](N[C@@H](C)C(=O)N1[C@H](C(=O)O)C[C@@H]2CCCC[C@@H]21)C(=O)OCC,CHEMBL1808,Angiotensin-converting enzyme,INHIBITOR,Angiotensin-converting enzyme inhibitor,4
CHEMBL419213,LISINOPRIL,NCCCC[C@H](N[C@@H](CCc1ccccc1)C(=O)O)C(=O)N1CCC[C@H]1C(=O)O.O.O,CHEMBL1808,Angiotensin-converting enzyme,INHIBITOR,Angiotensin-converting enzyme inhibitor,4
CHEMBL1200659,ENALAPRIL MALEATE,CCOC(=O)[C@H](CCc1ccccc1)N[C@@H](C)C(=O)N1CCC[C@H]1C(=O)O.O=C(O)/C=C\C(=O)O,CHEMBL1808,Angiotensin-converting enzyme,INHIBITOR,Angiotensin-converting enzyme inhibitor,4
CHEMBL1472,PROTIRELIN,NC(=O)[C@@H]1CCCN1C(=O)[C@H](Cc1c[nH]cn1)NC(=O)[C@@H]1CCC(=O)N1,CHEMBL1810,Thyrotropin-releasing hormone receptor,AGONIST,Thyrotropin-releasing hormone receptor agonist,4
CHEMBL495,ALPROSTADIL,CCCCC[C@H](O)/C=C/[C@H]1[C@H](O)CC(=O)[C@@H]1CCCCCCC(=O)O,CHEMBL1811,Prostaglandin E2 receptor EP1 subtype,AGONIST,Prostanoid EP1 receptor agonist,4
CHEMBL98,VORINOSTAT,O=C(CCCCCCC(=O)Nc1ccccc1)NO,CHEMBL325,Histone deacetylase 1,INHIBITOR,Histone deacetylase 1 inhibitor,4
CHEMBL175247,ORLISTAT,CCCCCCCCCCC[C@@H](C[C@@H]1OC(=O)[C@H]1CCCCCC)OC(=O)[C@H](CC(C)C)NC=O,CHEMBL1812,Pancreatic triacylglycerol lipase,INHIBITOR,Pancreatic lipase inhibitor,4
CHEMBL1643,RIBAVIRIN,NC(=O)c1ncn([C@@H]2O[C@H](CO)[C@@H](O)[C@H]2O)n1,CHEMBL1822,Inosine-5'-monophosphate dehydrogenase 1,INHIBITOR,Inosine-5'-monophosphate dehydrogenase 1 inhibitor,4
CHEMBL1201179,LAPATINIB DITOSYLATE,CS(=O)(=O)CCNCc1ccc(-c2ccc3ncnc(Nc4ccc(OCc5cccc(F)c5)c(Cl)c4)c3c2)o1.Cc1ccc(S(=O)(=O)O)cc1.Cc1ccc(S(=O)(=O)O)cc1.O,CHEMBL1824,Receptor tyrosine-protein kinase erbB-2,INHIBITOR,Receptor protein-tyrosine kinase erbB-2 inhibitor,4
CHEMBL1200491,EPINASTINE HYDROCHLORIDE,Cl.NC1=NCC2c3ccccc3Cc3ccccc3N12,CHEMBL231,Histamine H1 receptor,ANTAGONIST,Histamine H1 receptor antagonist,4
CHEMBL1200618,FEXOFENADINE HYDROCHLORIDE,CC(C)(C(=O)O)c1ccc(C(O)CCCN2CCC(C(O)(c3ccccc3)c3ccccc3)CC2)cc1.Cl,CHEMBL231,Histamine H1 receptor,ANTAGONIST,Histamine H1 receptor antagonist,4
CHEMBL1716,CYPROHEPTADINE HYDROCHLORIDE,CN1CCC(=C2c3ccccc3C=Cc3ccccc32)CC1.Cl,CHEMBL231,Histamine H1 receptor,ANTAGONIST,Histamine H1 receptor antagonist,4
CHEMBL1200638,DEXBROMPHENIRAMINE MALEATE,CN(C)CC[C@@H](c1ccc(Br)cc1)c1ccccn1.O=C(O)/C=C\C(=O)O,CHEMBL231,Histamine H1 receptor,ANTAGONIST,Histamine H1 receptor antagonist,4
CHEMBL1200750,PROMETHAZINE HYDROCHLORIDE,CC(CN1c2ccccc2Sc2ccccc21)N(C)C.Cl,CHEMBL231,Histamine H1 receptor,ANTAGONIST,Histamine H1 receptor antagonist,4
CHEMBL1200809,AZELASTINE HYDROCHLORIDE,CN1CCCC(n2nc(Cc3ccc(Cl)cc3)c3ccccc3c2=O)CC1.Cl,CHEMBL231,Histamine H1 receptor,ANTAGONIST,Histamine H1 receptor antagonist,4
CHEMBL1200961,BROMPHENIRAMINE MALEATE,CN(C)CCC(c1ccc(Br)cc1)c1ccccn1.O=C(O)/C=C\C(=O)O,CHEMBL231,Histamine H1 receptor,ANTAGONIST,Histamine H1 receptor antagonist,4
CHEMBL1201006,PYRILAMINE MALEATE,COc1ccc(CN(CCN(C)C)c2ccccn2)cc1.O=C(O)/C=C\C(=O)O,CHEMBL231,Histamine H1 receptor,ANTAGONIST,Histamine H1 receptor antagonist,4
CHEMBL1607273,CETIRIZINE HYDROCHLORIDE,Cl.Cl.O=C(O)COCCN1CCN(C(c2ccccc2)c2ccc(Cl)cc2)CC1,CHEMBL231,Histamine H1 receptor,ANTAGONIST,Histamine H1 receptor antagonist,4
CHEMBL1719,OLOPATADINE HYDROCHLORIDE,CN(C)CC/C=C1/c2ccccc2COc2ccc(CC(=O)O)cc21.Cl,CHEMBL231,Histamine H1 receptor,ANTAGONIST,Histamine H1 receptor antagonist,4
CHEMBL1200927,DEXCHLORPHENIRAMINE MALEATE,CN(C)CC[C@@H](c1ccc(Cl)cc1)c1ccccn1.O=C(O)/C=C\C(=O)O,CHEMBL231,Histamine H1 receptor,ANTAGONIST,Histamine H1 receptor antagonist,4
CHEMBL998,LORATADINE,CCOC(=O)N1CCC(=C2c3ccc(Cl)cc3CCc3cccnc32)CC1,CHEMBL231,Histamine H1 receptor,ANTAGONIST,Histamine H1 receptor antagonist,4
CHEMBL1659,CHLORPHENIRAMINE MALEATE,CN(C)CCC(c1ccc(Cl)cc1)c1ccccn1.O=C(O)/C=C\C(=O)O,CHEMBL231,Histamine H1 receptor,ANTAGONIST,Histamine H1 receptor antagonist,4
CHEMBL1200795,CLEMASTINE FUMARATE,CN1CCC[C@@H]1CCO[C@](C)(c1ccccc1)c1ccc(Cl)cc1.O=C(O)/C=C/C(=O)O,CHEMBL231,Histamine H1 receptor,ANTAGONIST,Histamine H1 receptor antagonist,4
CHEMBL1237102,LEVOCABASTINE HYDROCHLORIDE,C[C@@H]1CN([C@H]2CC[C@](C#N)(c3ccc(F)cc3)CC2)CC[C@]1(C(=O)O)c1ccccc1.Cl,CHEMBL231,Histamine H1 receptor,ANTAGONIST,Histamine H1 receptor antagonist,4
CHEMBL3989555,MECLIZINE HYDROCHLORIDE,Cc1cccc(CN2CCN(C(c3ccccc3)c3ccc(Cl)cc3)CC2)c1.Cl.Cl.O,CHEMBL231,Histamine H1 receptor,ANTAGONIST,Histamine H1 receptor antagonist,4
CHEMBL1200974,CARBINOXAMINE MALEATE,CN(C)CCOC(c1ccc(Cl)cc1)c1ccccn1.O=C(O)/C=C\C(=O)O,CHEMBL231,Histamine H1 receptor,ANTAGONIST,Histamine H1 receptor antagonist,4
CHEMBL1201747,ALCAFTADINE,CN1CCC(=C2c3ccccc3CCn3c(C=O)cnc32)CC1,CHEMBL231,Histamine H1 receptor,ANTAGONIST,Histamine H1 receptor antagonist,4
CHEMBL1224,ACRIVASTINE,Cc1ccc(/C(=C\CN2CCCC2)c2cccc(/C=C/C(=O)O)n2)cc1,CHEMBL231,Histamine H1 receptor,ANTAGONIST,Histamine H1 receptor antagonist,4
CHEMBL3188034,TRIPROLIDINE HYDROCHLORIDE,Cc1ccc(/C(=C\CN2CCCC2)c2ccccn2)cc1.Cl.O,CHEMBL231,Histamine H1 receptor,ANTAGONIST,Histamine H1 receptor antagonist,4
CHEMBL1172,DESLORATADINE,Clc1ccc2c(c1)CCc1cccnc1C2=C1CCNCC1,CHEMBL231,Histamine H1 receptor,ANTAGONIST,Histamine H1 receptor antagonist,4
CHEMBL1620,DIPHENHYDRAMINE HYDROCHLORIDE,CN(C)CCOC(c1ccccc1)c1ccccc1.Cl,CHEMBL231,Histamine H1 receptor,ANTAGONIST,Histamine H1 receptor antagonist,4
CHEMBL1653,PHENIRAMINE MALEATE,CN(C)CCC(c1ccccc1)c1ccccn1.O=C(O)/C=C\C(=O)O,CHEMBL231,Histamine H1 receptor,ANTAGONIST,Histamine H1 receptor antagonist,4
CHEMBL1200392,DOXYLAMINE SUCCINATE,CN(C)CCOC(C)(c1ccccc1)c1ccccn1.O=C(O)CCC(=O)O,CHEMBL231,Histamine H1 receptor,ANTAGONIST,Histamine H1 receptor antagonist,4
CHEMBL1201190,LEVOCETIRIZINE DIHYDROCHLORIDE,Cl.Cl.O=C(O)COCCN1CCN([C@H](c2ccccc2)c2ccc(Cl)cc2)CC1,CHEMBL231,Histamine H1 receptor,ANTAGONIST,Histamine H1 receptor antagonist,4
CHEMBL1201759,BEPOTASTINE BESYLATE,O=C(O)CCCN1CCC(O[C@@H](c2ccc(Cl)cc2)c2ccccn2)CC1.O=S(=O)(O)c1ccccc1,CHEMBL231,Histamine H1 receptor,ANTAGONIST,Histamine H1 receptor antagonist,4
CHEMBL1633,KETOTIFEN FUMARATE,CN1CCC(=C2c3ccccc3CC(=O)c3sccc32)CC1.O=C(O)/C=C/C(=O)O,CHEMBL231,Histamine H1 receptor,ANTAGONIST,Histamine H1 receptor antagonist,4
CHEMBL1200406,DIMENHYDRINATE,CN(C)CCOC(c1ccccc1)c1ccccc1.Cn1c(=O)c2[nH]c(Cl)nc2n(C)c1=O,CHEMBL231,Histamine H1 receptor,ANTAGONIST,Histamine H1 receptor antagonist,4
CHEMBL2103739,EMEDASTINE DIFUMARATE,CCOCCn1c(N2CCCN(C)CC2)nc2ccccc21.O=C(O)/C=C/C(=O)O.O=C(O)/C=C/C(=O)O,CHEMBL231,Histamine H1 receptor,ANTAGONIST,Histamine H1 receptor antagonist,4
CHEMBL1200959,METHDILAZINE,CN1CCC(CN2c3ccccc3Sc3ccccc32)C1,CHEMBL231,Histamine H1 receptor,ANTAGONIST,Histamine H1 receptor antagonist,4
CHEMBL1201023,ORPHENADRINE HYDROCHLORIDE,Cc1ccccc1C(OCCN(C)C)c1ccccc1.Cl,CHEMBL231,Histamine H1 receptor,ANTAGONIST,Histamine H1 receptor antagonist,4
CHEMBL1200395,ORPHENADRINE CITRATE,Cc1ccccc1C(OCCN(C)C)c1ccccc1.O=C(O)CC(O)(CC(=O)O)C(=O)O,CHEMBL231,Histamine H1 receptor,ANTAGONIST,Histamine H1 receptor antagonist,4
CHEMBL779,TADALAFIL,CN1CC(=O)N2[C@H](c3ccc4c(c3)OCO4)c3[nH]c4ccccc4c3C[C@@H]2C1=O,CHEMBL1827,"cGMP-specific 3',5'-cyclic phosphodiesterase",INHIBITOR,Phosphodiesterase 5A inhibitor,4
CHEMBL1339,VARDENAFIL HYDROCHLORIDE,CCCc1nc(C)c2c(O)nc(-c3cc(S(=O)(=O)N4CCN(CC)CC4)ccc3OCC)nn12.Cl,CHEMBL1827,"cGMP-specific 3',5'-cyclic phosphodiesterase",INHIBITOR,Phosphodiesterase 5A inhibitor,4
CHEMBL1737,SILDENAFIL CITRATE,CCCc1nn(C)c2c(=O)[nH]c(-c3cc(S(=O)(=O)N4CCN(C)CC4)ccc3OCC)nc12.O=C(O)CC(O)(CC(=O)O)C(=O)O,CHEMBL1827,"cGMP-specific 3',5'-cyclic phosphodiesterase",INHIBITOR,Phosphodiesterase 5A inhibitor,4
CHEMBL1963681,AVANAFIL,COc1ccc(CNc2nc(N3CCC[C@H]3CO)ncc2C(=O)NCc2ncccn2)cc1Cl,CHEMBL1827,"cGMP-specific 3',5'-cyclic phosphodiesterase",INHIBITOR,Phosphodiesterase 5A inhibitor,4
CHEMBL98,VORINOSTAT,O=C(CCCCCCC(=O)Nc1ccccc1)NO,CHEMBL1829,Histone deacetylase 3,INHIBITOR,Histone deacetylase 3 inhibitor,4
CHEMBL1200951,FLUPHENAZINE ENANTHATE,CCCCCCC(=O)OCCN1CCN(CCCN2c3ccccc3Sc3ccc(C(F)(F)F)cc32)CC1,CHEMBL217,D(2) dopamine receptor,ANTAGONIST,Dopamine D2 receptor antagonist,4
CHEMBL567,PERPHENAZINE,OCCN1CCN(CCCN2c3ccccc3Sc3ccc(Cl)cc32)CC1,CHEMBL217,D(2) dopamine receptor,ANTAGONIST,Dopamine D2 receptor antagonist,4
CHEMBL728,PROCHLORPERAZINE,CN1CCN(CCCN2c3ccccc3Sc3ccc(Cl)cc32)CC1,CHEMBL217,D(2) dopamine receptor,ANTAGONIST,Dopamine D2 receptor antagonist,4
CHEMBL1448187,FLUPHENAZINE HYDROCHLORIDE,Cl.Cl.OCCN1CCN(CCCN2c3ccccc3Sc3ccc(C(F)(F)F)cc32)CC1,CHEMBL217,D(2) dopamine receptor,ANTAGONIST,Dopamine D2 receptor antagonist,4
CHEMBL1201087,CABERGOLINE,C=CCN1C[C@H](C(=O)N(CCCN(C)C)C(=O)NCC)C[C@@H]2c3cccc4[nH]cc(c34)C[C@H]21,CHEMBL217,D(2) dopamine receptor,AGONIST,Dopamine D2 receptor agonist,4
CHEMBL1314751,PROCHLORPERAZINE MALEATE,CN1CCN(CCCN2c3ccccc3Sc3ccc(Cl)cc32)CC1.O=C(O)/C=C\C(=O)O.O=C(O)/C=C\C(=O)O,CHEMBL217,D(2) dopamine receptor,ANTAGONIST,Dopamine D2 receptor antagonist,4
CHEMBL1200854,FLUPHENAZINE DECANOATE,CCCCCCCCCC(=O)OCCN1CCN(CCCN2c3ccccc3Sc3ccc(C(F)(F)F)cc32)CC1,CHEMBL217,D(2) dopamine receptor,ANTAGONIST,Dopamine D2 receptor antagonist,4
CHEMBL908,CHLORPROTHIXENE,CN(C)CC/C=C1/c2ccccc2Sc2ccc(Cl)cc21,CHEMBL217,D(2) dopamine receptor,ANTAGONIST,Dopamine D2 receptor antagonist,4
CHEMBL3544974,ASENAPINE MALEATE,CN1CC2c3ccccc3Oc3ccc(Cl)cc3C2C1.O=C(O)/C=C\C(=O)O,CHEMBL217,D(2) dopamine receptor,ANTAGONIST,Dopamine D2 receptor antagonist,4
CHEMBL1112,ARIPIPRAZOLE,O=C1CCc2ccc(OCCCCN3CCN(c4cccc(Cl)c4Cl)CC3)cc2N1,CHEMBL217,D(2) dopamine receptor,PARTIAL AGONIST,Dopamine D2 receptor partial agonist,4
CHEMBL2107360,PALIPERIDONE PALMITATE,CCCCCCCCCCCCCCCC(=O)OC1CCCn2c1nc(C)c(CCN1CCC(c3noc4cc(F)ccc34)CC1)c2=O,CHEMBL217,D(2) dopamine receptor,ANTAGONIST,Dopamine D2 receptor antagonist,4
CHEMBL14376,ILOPERIDONE,COc1cc(C(C)=O)ccc1OCCCN1CCC(c2noc3cc(F)ccc23)CC1,CHEMBL217,D(2) dopamine receptor,ANTAGONIST,Dopamine D2 receptor antagonist,4
CHEMBL1200940,METOCLOPRAMIDE HYDROCHLORIDE,CCN(CC)CCNC(=O)c1cc(Cl)c(N)cc1OC.Cl.O,CHEMBL217,D(2) dopamine receptor,ANTAGONIST,Dopamine D2 receptor antagonist,4
CHEMBL1200419,MOLINDONE HYDROCHLORIDE,CCc1c(C)[nH]c2c1C(=O)C(CN1CCOCC1)CC2.Cl,CHEMBL217,D(2) dopamine receptor,ANTAGONIST,Dopamine D2 receptor antagonist,4
CHEMBL1621,PALIPERIDONE,Cc1nc2n(c(=O)c1CCN1CCC(c3noc4cc(F)ccc34)CC1)CCCC2O,CHEMBL217,D(2) dopamine receptor,ANTAGONIST,Dopamine D2 receptor antagonist,4
CHEMBL1201,THIOTHIXENE,CN1CCN(CC/C=C2/c3ccccc3Sc3ccc(S(=O)(=O)N(C)C)cc32)CC1,CHEMBL217,D(2) dopamine receptor,ANTAGONIST,Dopamine D2 receptor antagonist,4
CHEMBL570,TRIFLUPROMAZINE,CN(C)CCCN1c2ccccc2Sc2ccc(C(F)(F)F)cc21,CHEMBL217,D(2) dopamine receptor,ANTAGONIST,Dopamine D2 receptor antagonist,4
CHEMBL4594248,CALCITONIN HUMAN,CC[C@H](C)[C@H](NC(=O)[C@H](C)NC(=O)[C@@H](NC(=O)[C@H](CCC(N)=O)NC(=O)[C@@H]1CCCN1C(=O)[C@H](Cc1ccccc1)NC(=O)[C@@H](NC(=O)[C@H](Cc1c[nH]cn1)NC(=O)[C@H](Cc1ccccc1)NC(=O)[C@H](CCCCN)NC(=O)[C@H](CC(N)=O)NC(=O)[C@H](Cc1ccccc1)NC(=O)[C@H](CC(=O)O)NC(=O)[C@H](CCC(N)=O)NC(=O)[C@@H](NC(=O)[C@H](Cc1ccc(O)cc1)NC(=O)[C@@H](NC(=O)CNC(=O)[C@H](CC(C)C)NC(=O)[C@H](CCSC)NC(=O)[C@@H]1CSSC[C@H](N)C(=O)NCC(=O)N[C@@H](CC(N)=O)C(=O)N[C@@H](CC(C)C)C(=O)N[C@@H](CO)C(=O)N[C@@H]([C@@H](C)O)C(=O)N1)[C@@H](C)O)[C@@H](C)O)[C@@H](C)O)[C@@H](C)O)C(=O)NCC(=O)N[C@H](C(=O)NCC(=O)N[C@@H](C)C(=O)N1CCC[C@H]1C(N)=O)C(C)C,CHEMBL1832,Calcitonin receptor,AGONIST,Calcitonin receptor agonist,4
CHEMBL3989767,CALCITONIN SALMON,CC(C)C[C@H](NC(=O)[C@H](CCCCN)NC(=O)CNC(=O)[C@H](CC(C)C)NC(=O)[C@@H](NC(=O)[C@@H]1CSSC[C@H](N)C(=O)N[C@@H](CO)C(=O)N[C@@H](CC(N)=O)C(=O)N[C@@H](CC(C)C)C(=O)N[C@@H](CO)C(=O)N[C@@H]([C@@H](C)O)C(=O)N1)C(C)C)C(=O)N[C@@H](CO)C(=O)N[C@@H](CCC(N)=O)C(=O)N[C@@H](CCC(=O)O)C(=O)N[C@@H](CC(C)C)C(=O)N[C@@H](Cc1c[nH]cn1)C(=O)N[C@@H](CCCCN)C(=O)N[C@@H](CC(C)C)C(=O)N[C@@H](CCC(N)=O)C(=O)N[C@H](C(=O)N[C@@H](Cc1ccc(O)cc1)C(=O)N1CCC[C@H]1C(=O)N[C@@H](CCCNC(=N)N)C(=O)N[C@H](C(=O)N[C@@H](CC(N)=O)C(=O)N[C@H](C(=O)NCC(=O)N[C@@H](CO)C(=O)NCC(=O)N[C@H](C(=O)N1CCC[C@H]1C(N)=O)[C@@H](C)O)[C@@H](C)O)[C@@H](C)O)[C@@H](C)O,CHEMBL1832,Calcitonin receptor,AGONIST,Calcitonin receptor agonist,4
CHEMBL2103795,AZILSARTAN KAMEDOXOMIL,CCOc1nc2cccc(C(=O)OCc3oc(=O)oc3C)c2n1Cc1ccc(-c2ccccc2-c2noc(=O)[n-]2)cc1.[K+],CHEMBL227,Type-1 angiotensin II receptor,ANTAGONIST,Type-1 angiotensin II receptor antagonist,4
CHEMBL995,LOSARTAN POTASSIUM,CCCCc1nc(Cl)c(CO)n1Cc1ccc(-c2ccccc2-c2nnn[n-]2)cc1.[K+],CHEMBL227,Type-1 angiotensin II receptor,ANTAGONIST,Type-1 angiotensin II receptor antagonist,4
CHEMBL1513,IRBESARTAN,CCCCC1=NC2(CCCC2)C(=O)N1Cc1ccc(-c2ccccc2-c2nnn[nH]2)cc1,CHEMBL227,Type-1 angiotensin II receptor,ANTAGONIST,Type-1 angiotensin II receptor antagonist,4
CHEMBL1069,VALSARTAN,CCCCC(=O)N(Cc1ccc(-c2ccccc2-c2nnn[nH]2)cc1)[C@H](C(=O)O)C(C)C,CHEMBL227,Type-1 angiotensin II receptor,ANTAGONIST,Type-1 angiotensin II receptor antagonist,4
CHEMBL1200692,OLMESARTAN MEDOXOMIL,CCCc1nc(C(C)(C)O)c(C(=O)OCc2oc(=O)oc2C)n1Cc1ccc(-c2ccccc2-c2nnn[nH]2)cc1,CHEMBL227,Type-1 angiotensin II receptor,ANTAGONIST,Type-1 angiotensin II receptor antagonist,4
CHEMBL1014,CANDESARTAN CILEXETIL,CCOc1nc2cccc(C(=O)OC(C)OC(=O)OC3CCCCC3)c2n1Cc1ccc(-c2ccccc2-c2nn[nH]n2)cc1,CHEMBL227,Type-1 angiotensin II receptor,ANTAGONIST,Type-1 angiotensin II receptor antagonist,4
CHEMBL1200987,EPROSARTAN MESYLATE,CCCCc1ncc(/C=C(\Cc2cccs2)C(=O)O)n1Cc1ccc(C(=O)O)cc1.CS(=O)(=O)O,CHEMBL227,Type-1 angiotensin II receptor,ANTAGONIST,Type-1 angiotensin II receptor antagonist,4
CHEMBL1017,TELMISARTAN,CCCc1nc2c(C)cc(-c3nc4ccccc4n3C)cc2n1Cc1ccc(-c2ccccc2C(=O)O)cc1,CHEMBL227,Type-1 angiotensin II receptor,ANTAGONIST,Type-1 angiotensin II receptor antagonist,4
CHEMBL1200843,METHYLERGONOVINE MALEATE,CC[C@@H](CO)NC(=O)[C@@H]1C=C2c3cccc4[nH]cc(c34)C[C@H]2N(C)C1.O=C(O)/C=C\C(=O)O,CHEMBL1833,5-hydroxytryptamine receptor 2B,PARTIAL AGONIST,Serotonin 2b (5-HT2b) receptor partial agonist,4
CHEMBL1515,METHIMAZOLE,Cn1ccnc1S,CHEMBL1839,Thyroid peroxidase,INHIBITOR,Thyroid peroxidase inhibitor,4
CHEMBL1518,PROPYLTHIOURACIL,CCCc1cc(=O)[nH]c(=S)[nH]1,CHEMBL1839,Thyroid peroxidase,INHIBITOR,Thyroid peroxidase inhibitor,4
CHEMBL1200748,CARBIDOPA,C[C@@](Cc1ccc(O)c(O)c1)(NN)C(=O)O.O,CHEMBL1843,Aromatic-L-amino-acid decarboxylase,INHIBITOR,DOPA decarboxylase inhibitor,4
CHEMBL1201733,PAZOPANIB HYDROCHLORIDE,Cc1ccc(Nc2nccc(N(C)c3ccc4c(C)n(C)nc4c3)n2)cc1S(N)(=O)=O.Cl,CHEMBL1844,Macrophage colony-stimulating factor 1 receptor,INHIBITOR,Macrophage colony stimulating factor receptor inhibitor,4
CHEMBL1567,SUNITINIB MALATE,CCN(CC)CCNC(=O)c1c(C)[nH]c(/C=C2\C(=O)Nc3ccc(F)cc32)c1C.O=C(O)C[C@H](O)C(=O)O,CHEMBL1844,Macrophage colony-stimulating factor 1 receptor,INHIBITOR,Macrophage colony stimulating factor receptor inhibitor,4
CHEMBL24778,SILODOSIN,C[C@H](Cc1cc2c(c(C(N)=O)c1)N(CCCO)CC2)NCCOc1ccccc1OCC(F)(F)F,CHEMBL229,Alpha-1A adrenergic receptor,ANTAGONIST,Alpha-1a adrenergic receptor antagonist,4
CHEMBL1201044,DAPIPRAZOLE HYDROCHLORIDE,Cc1ccccc1N1CCN(CCc2nnc3n2CCCC3)CC1.Cl,CHEMBL229,Alpha-1A adrenergic receptor,ANTAGONIST,Alpha-1a adrenergic receptor antagonist,4
CHEMBL1079742,ERLOTINIB HYDROCHLORIDE,C#Cc1cccc(Nc2ncnc3cc(OCCOC)c(OCCOC)cc23)c1.Cl,CHEMBL203,Epidermal growth factor receptor,INHIBITOR,Epidermal growth factor receptor erbB1 inhibitor,4
CHEMBL939,GEFITINIB,COc1cc2ncnc(Nc3ccc(F)c(Cl)c3)c2cc1OCCCN1CCOCC1,CHEMBL203,Epidermal growth factor receptor,INHIBITOR,Epidermal growth factor receptor erbB1 inhibitor,4
CHEMBL1201179,LAPATINIB DITOSYLATE,CS(=O)(=O)CCNCc1ccc(-c2ccc3ncnc(Nc4ccc(OCc5cccc(F)c5)c(Cl)c4)c3c2)o1.Cc1ccc(S(=O)(=O)O)cc1.Cc1ccc(S(=O)(=O)O)cc1.O,CHEMBL203,Epidermal growth factor receptor,INHIBITOR,Epidermal growth factor receptor erbB1 inhibitor,4
CHEMBL1009,LEVODOPA,N[C@@H](Cc1ccc(O)c(O)c1)C(=O)O,CHEMBL234,D(3) dopamine receptor,AGONIST,Dopamine D3 receptor agonist,4
CHEMBL908,CHLORPROTHIXENE,CN(C)CC/C=C1/c2ccccc2Sc2ccc(Cl)cc21,CHEMBL234,D(3) dopamine receptor,ANTAGONIST,Dopamine D3 receptor antagonist,4
CHEMBL928,DANTROLENE SODIUM,O=C1CN(/N=C/c2ccc(-c3ccc([N+](=O)[O-])cc3)o2)C(=O)[N-]1.[Na+],CHEMBL1846,Ryanodine receptor 1,ANTAGONIST,Ryanodine receptor 1 antagonist,4
CHEMBL64,ISONIAZID,NNC(=O)c1ccncc1,CHEMBL1849,Enoyl-[acyl-carrier-protein] reductase [NADH],INHIBITOR,Enoyl-[acyl-carrier-protein] reductase inhibitor,4
CHEMBL1441,ETHIONAMIDE,CCc1cc(C(N)=S)ccn1,CHEMBL1849,Enoyl-[acyl-carrier-protein] reductase [NADH],INHIBITOR,Enoyl-[acyl-carrier-protein] reductase inhibitor,4
CHEMBL2103735,CETRORELIX ACETATE,CC(=O)N[C@H](Cc1ccc2ccccc2c1)C(=O)N[C@H](Cc1ccc(Cl)cc1)C(=O)N[C@H](Cc1cccnc1)C(=O)N[C@@H](CO)C(=O)N[C@@H](Cc1ccc(O)cc1)C(=O)N[C@H](CCCNC(N)=O)C(=O)N[C@@H](CC(C)C)C(=O)N[C@@H](CCCNC(=N)N)C(=O)N1CCC[C@H]1C(=O)N[C@H](C)C(N)=O.CC(=O)O,CHEMBL1855,Gonadotropin-releasing hormone receptor,ANTAGONIST,Gonadotropin-releasing hormone receptor antagonist,4
CHEMBL1200671,NAFARELIN ACETATE,CC(=O)O.CC(C)C[C@H](NC(=O)[C@@H](Cc1cccc2ccccc12)NC(=O)[C@H](Cc1ccc(O)cc1)NC(=O)[C@H](CO)NC(=O)[C@H](Cc1c[nH]c2ccccc12)NC(=O)[C@H](Cc1cnc[nH]1)NC(=O)[C@@H]1CCC(=O)N1)C(=O)N[C@@H](CCCNC(=N)N)C(=O)N1CCC[C@H]1C(=O)NCC(N)=O,CHEMBL1855,Gonadotropin-releasing hormone receptor,AGONIST,Gonadotropin-releasing hormone receptor agonist,4
CHEMBL1200511,GONADORELIN ACETATE,CC(=O)O.CC(C)C[C@H](NC(=O)CNC(=O)[C@H](Cc1ccc(O)cc1)NC(=O)[C@H](CO)NC(=O)[C@H](Cc1c[nH]c2ccccc12)NC(=O)[C@H](Cc1cnc[nH]1)NC(=O)[C@@H]1CCC(=O)N1)C(=O)N[C@@H](CCCNC(=N)N)C(=O)N1CCC[C@H]1C(=O)NCC(N)=O,CHEMBL1855,Gonadotropin-releasing hormone receptor,AGONIST,Gonadotropin-releasing hormone receptor agonist,4
CHEMBL1252,ABARELIX,CC(=O)N[C@H](Cc1ccc2ccccc2c1)C(=O)N[C@H](Cc1ccc(Cl)cc1)C(=O)N[C@H](Cc1cccnc1)C(=O)N[C@@H](CO)C(=O)N(C)[C@@H](Cc1ccc(O)cc1)C(=O)N[C@H](CC(N)=O)C(=O)N[C@@H](CC(C)C)C(=O)N[C@@H](CCCCNC(C)C)C(=O)N1CCC[C@H]1C(=O)N[C@H](C)C(N)=O,CHEMBL1855,Gonadotropin-releasing hormone receptor,ANTAGONIST,Gonadotropin-releasing hormone receptor antagonist,4
CHEMBL2028987,DEGARELIX ACETATE,CC(=O)N[C@H](Cc1ccc2ccccc2c1)C(=O)N[C@H](Cc1ccc(Cl)cc1)C(=O)N[C@H](Cc1cccnc1)C(=O)N[C@@H](CO)C(=O)N[C@@H](Cc1ccc(NC(=O)[C@@H]2CC(=O)NC(=O)N2)cc1)C(=O)N[C@H](Cc1ccc(NC(N)=O)cc1)C(=O)N[C@@H](CC(C)C)C(=O)N[C@@H](CCCCNC(C)C)C(=O)N1CCC[C@H]1C(=O)N[C@H](C)C(N)=O.CC(=O)O,CHEMBL1855,Gonadotropin-releasing hormone receptor,ANTAGONIST,Gonadotropin-releasing hormone receptor antagonist,4
CHEMBL1200501,GOSERELIN ACETATE,CC(=O)O.CC(C)C[C@H](NC(=O)[C@@H](COC(C)(C)C)NC(=O)[C@H](Cc1ccc(O)cc1)NC(=O)[C@H](CO)NC(=O)[C@H](Cc1c[nH]c2ccccc12)NC(=O)[C@H](Cc1cnc[nH]1)NC(=O)[C@@H]1CCC(=O)N1)C(=O)N[C@@H](CCCNC(=N)N)C(=O)N1CCC[C@H]1C(=O)NNC(N)=O,CHEMBL1855,Gonadotropin-releasing hormone receptor,AGONIST,Gonadotropin-releasing hormone receptor agonist,4
CHEMBL1200509,HISTRELIN ACETATE,CC(=O)O.CCNC(=O)[C@@H]1CCCN1C(=O)[C@H](CCCNC(=N)N)NC(=O)[C@H](CC(C)C)NC(=O)[C@@H](Cc1cn(Cc2ccccc2)cn1)NC(=O)[C@H](Cc1ccc(O)cc1)NC(=O)[C@H](CO)NC(=O)[C@H](Cc1c[nH]c2ccccc12)NC(=O)[C@H](Cc1cnc[nH]1)NC(=O)[C@@H]1CCC(=O)N1,CHEMBL1855,Gonadotropin-releasing hormone receptor,AGONIST,Gonadotropin-releasing hormone receptor agonist,4
CHEMBL1200554,TRIPTORELIN PAMOATE,CC(C)C[C@H](NC(=O)[C@@H](Cc1c[nH]c2ccccc12)NC(=O)[C@H](Cc1ccc(O)cc1)NC(=O)[C@H](CO)NC(=O)[C@H](Cc1c[nH]c2ccccc12)NC(=O)[C@H](Cc1c[nH]cn1)NC(=O)[C@@H]1CCC(=O)N1)C(=O)N[C@@H](CCCNC(=N)N)C(=O)N1CCC[C@H]1C(=O)NCC(N)=O.O=C(O)c1cc2ccccc2c(Cc2c(O)c(C(=O)O)cc3ccccc23)c1O,CHEMBL1855,Gonadotropin-releasing hormone receptor,AGONIST,Gonadotropin-releasing hormone receptor agonist,4
CHEMBL5314377,GANIRELIX ACETATE,CC(=O)O.CC(=O)O.CC/N=C(\NCC)NCCCC[C@H](NC(=O)[C@H](CC(C)C)NC(=O)[C@@H](CCCCN/C(=N/CC)NCC)NC(=O)[C@H](Cc1ccc(O)cc1)NC(=O)[C@H](CO)NC(=O)[C@@H](Cc1cccnc1)NC(=O)[C@@H](Cc1ccc(Cl)cc1)NC(=O)[C@@H](Cc1ccc2ccccc2c1)NC(C)=O)C(=O)N1CCC[C@H]1C(=O)N[C@H](C)C(N)=O,CHEMBL1855,Gonadotropin-releasing hormone receptor,ANTAGONIST,Gonadotropin-releasing hormone receptor antagonist,4
CHEMBL1200775,LEUPROLIDE ACETATE,CC(=O)O.CCNC(=O)[C@@H]1CCCN1C(=O)[C@H](CCCNC(=N)N)NC(=O)[C@H](CC(C)C)NC(=O)[C@@H](CC(C)C)NC(=O)[C@H](Cc1ccc(O)cc1)NC(=O)[C@H](CO)NC(=O)[C@H](Cc1c[nH]c2ccccc12)NC(=O)[C@H](Cc1c[nH]cn1)NC(=O)[C@@H]1CCC(=O)N1,CHEMBL1855,Gonadotropin-releasing hormone receptor,AGONIST,Gonadotropin-releasing hormone receptor agonist,4
CHEMBL710,FINASTERIDE,CC(C)(C)NC(=O)[C@H]1CC[C@H]2[C@@H]3CC[C@H]4NC(=O)C=C[C@]4(C)[C@H]3CC[C@]12C,CHEMBL1856,3-oxo-5-alpha-steroid 4-dehydrogenase 2,INHIBITOR,Steroid 5-alpha-reductase 2 inhibitor,4
CHEMBL93,ZILEUTON,CC(c1cc2ccccc2s1)N(O)C(N)=O,CHEMBL215,Polyunsaturated fatty acid 5-lipoxygenase,INHIBITOR,Arachidonate 5-lipoxygenase inhibitor,4
CHEMBL1200760,BALSALAZIDE DISODIUM,O=C([O-])CCNC(=O)c1ccc(/N=N/c2ccc(O)c(C(=O)[O-])c2)cc1.[Na+].[Na+],CHEMBL215,Polyunsaturated fatty acid 5-lipoxygenase,INHIBITOR,Arachidonate 5-lipoxygenase inhibitor,4
CHEMBL1562610,MECLOFENAMATE SODIUM,Cc1ccc(Cl)c(Nc2ccccc2C(=O)[O-])c1Cl.O.[Na+],CHEMBL215,Polyunsaturated fatty acid 5-lipoxygenase,INHIBITOR,Arachidonate 5-lipoxygenase inhibitor,4
CHEMBL704,MESALAMINE,Nc1ccc(O)c(C(=O)O)c1,CHEMBL215,Polyunsaturated fatty acid 5-lipoxygenase,INHIBITOR,Arachidonate 5-lipoxygenase inhibitor,4
CHEMBL1201013,OLSALAZINE SODIUM,O=C([O-])c1cc(/N=N/c2ccc(O)c(C(=O)[O-])c2)ccc1O.[Na+].[Na+],CHEMBL215,Polyunsaturated fatty acid 5-lipoxygenase,INHIBITOR,Arachidonate 5-lipoxygenase inhibitor,4
CHEMBL421,SULFASALAZINE,O=C(O)c1cc(/N=N/c2ccc(S(=O)(=O)Nc3ccccn3)cc2)ccc1O,CHEMBL215,Polyunsaturated fatty acid 5-lipoxygenase,INHIBITOR,Arachidonate 5-lipoxygenase inhibitor,4
CHEMBL2218917,CEVIMELINE HYDROCHLORIDE,CC1OC2(CS1)CN1CCC2CC1.Cl.O,CHEMBL216,Muscarinic acetylcholine receptor M1,AGONIST,Muscarinic acetylcholine receptor M1 agonist,4
CHEMBL1240,PROPANTHELINE BROMIDE,CC(C)[N+](C)(CCOC(=O)C1c2ccccc2Oc2ccccc21)C(C)C.[Br-],CHEMBL216,Muscarinic acetylcholine receptor M1,ANTAGONIST,Muscarinic acetylcholine receptor M1 antagonist,4
CHEMBL1201067,BIPERIDEN LACTATE,CC(O)C(=O)O.OC(CCN1CCCCC1)(c1ccccc1)C1CC2C=CC1C2,CHEMBL216,Muscarinic acetylcholine receptor M1,ANTAGONIST,Muscarinic acetylcholine receptor M1 antagonist,4
CHEMBL1200479,DICYCLOMINE HYDROCHLORIDE,CCN(CC)CCOC(=O)C1(C2CCCCC2)CCCCC1.Cl,CHEMBL216,Muscarinic acetylcholine receptor M1,ANTAGONIST,Muscarinic acetylcholine receptor M1 antagonist,4
CHEMBL2146146,ATROPINE SULFATE,CN1[C@@H]2CC[C@H]1C[C@@H](OC(=O)C(CO)c1ccccc1)C2.O=S(=O)(O)O,CHEMBL216,Muscarinic acetylcholine receptor M1,ANTAGONIST,Muscarinic acetylcholine receptor M1 antagonist,4
CHEMBL517712,ATROPINE,CN1[C@@H]2CC[C@H]1C[C@@H](OC(=O)C(CO)c1ccccc1)C2,CHEMBL216,Muscarinic acetylcholine receptor M1,ANTAGONIST,Muscarinic acetylcholine receptor M1 antagonist,4
CHEMBL569713,SCOPOLAMINE,CN1[C@@H]2C[C@@H](OC(=O)[C@H](CO)c3ccccc3)C[C@H]1[C@@H]1O[C@@H]12,CHEMBL216,Muscarinic acetylcholine receptor M1,ANTAGONIST,Muscarinic acetylcholine receptor M1 antagonist,4
CHEMBL1200950,CLIDINIUM BROMIDE,C[N+]12CCC(CC1)C(OC(=O)C(O)(c1ccccc1)c1ccccc1)C2.[Br-],CHEMBL216,Muscarinic acetylcholine receptor M1,ANTAGONIST,Muscarinic acetylcholine receptor M1 antagonist,4
CHEMBL1200383,BENZTROPINE MESYLATE,CN1[C@@H]2CC[C@H]1C[C@@H](OC(c1ccccc1)c1ccccc1)C2.CS(=O)(=O)O,CHEMBL216,Muscarinic acetylcholine receptor M1,ANTAGONIST,Muscarinic acetylcholine receptor M1 antagonist,4
CHEMBL1201027,GLYCOPYRRONIUM BROMIDE,C[N+]1(C)CCC(OC(=O)C(O)(c2ccccc2)C2CCCC2)C1.[Br-],CHEMBL216,Muscarinic acetylcholine receptor M1,ANTAGONIST,Muscarinic acetylcholine receptor M1 antagonist,4
CHEMBL1201740,NILOTINIB HYDROCHLORIDE MONOHYDRATE,Cc1cn(-c2cc(NC(=O)c3ccc(C)c(Nc4nccc(-c5cccnc5)n4)c3)cc(C(F)(F)F)c2)cn1.Cl.O,CHEMBL1862,Tyrosine-protein kinase ABL1,INHIBITOR,Tyrosine-protein kinase ABL inhibitor,4
CHEMBL1421,DASATINIB ANHYDROUS,Cc1nc(Nc2ncc(C(=O)Nc3c(C)cccc3Cl)s2)cc(N2CCN(CCO)CC2)n1,CHEMBL1862,Tyrosine-protein kinase ABL1,INHIBITOR,Tyrosine-protein kinase ABL inhibitor,4
CHEMBL288441,BOSUTINIB,COc1cc(Nc2c(C#N)cnc3cc(OCCCN4CCN(C)CC4)c(OC)cc23)c(Cl)cc1Cl,CHEMBL1862,Tyrosine-protein kinase ABL1,INHIBITOR,Tyrosine-protein kinase ABL inhibitor,4
CHEMBL1946170,REGORAFENIB,CNC(=O)c1cc(Oc2ccc(NC(=O)Nc3ccc(Cl)c(C(F)(F)F)c3)c(F)c2)ccn1,CHEMBL1862,Tyrosine-protein kinase ABL1,INHIBITOR,Tyrosine-protein kinase ABL inhibitor,4
CHEMBL1642,IMATINIB MESYLATE,CS(=O)(=O)O.Cc1ccc(NC(=O)c2ccc(CN3CCN(C)CC3)cc2)cc1Nc1nccc(-c2cccnc2)n1,CHEMBL1862,Tyrosine-protein kinase ABL1,INHIBITOR,Tyrosine-protein kinase ABL inhibitor,4
CHEMBL3989691,ELTROMBOPAG OLAMINE,CC1=NN(c2ccc(C)c(C)c2)C(=O)/C1=N\Nc1cccc(-c2cccc(C(=O)O)c2)c1O.NCCO.NCCO,CHEMBL1864,Thrombopoietin receptor,AGONIST,Thrombopoietin receptor agonist,4
CHEMBL98,VORINOSTAT,O=C(CCCCCCC(=O)Nc1ccccc1)NO,CHEMBL1865,Histone deacetylase 6,INHIBITOR,Histone deacetylase 6 inhibitor,4
CHEMBL24,ATENOLOL,CC(C)NCC(O)COc1ccc(CC(N)=O)cc1,CHEMBL213,Beta-1 adrenergic receptor,ANTAGONIST,Beta-1 adrenergic receptor antagonist,4
CHEMBL1200837,LEVOBETAXOLOL HYDROCHLORIDE,CC(C)NC[C@H](O)COc1ccc(CCOCC2CC2)cc1.Cl,CHEMBL213,Beta-1 adrenergic receptor,ANTAGONIST,Beta-1 adrenergic receptor antagonist,4
CHEMBL1200813,ACEBUTOLOL HYDROCHLORIDE,CCCC(=O)Nc1ccc(OCC(O)CNC(C)C)c(C(C)=O)c1.Cl,CHEMBL213,Beta-1 adrenergic receptor,ANTAGONIST,Beta-1 adrenergic receptor antagonist,4
CHEMBL1201115,ESMOLOL HYDROCHLORIDE,COC(=O)CCc1ccc(OCC(O)CNC(C)C)cc1.Cl,CHEMBL213,Beta-1 adrenergic receptor,ANTAGONIST,Beta-1 adrenergic receptor antagonist,4
CHEMBL1472989,BISOPROLOL FUMARATE,CC(C)NCC(O)COc1ccc(COCCOC(C)C)cc1.CC(C)NCC(O)COc1ccc(COCCOC(C)C)cc1.O=C(O)/C=C/C(=O)O,CHEMBL213,Beta-1 adrenergic receptor,ANTAGONIST,Beta-1 adrenergic receptor antagonist,4
CHEMBL1201177,LEVOBUNOLOL HYDROCHLORIDE,CC(C)(C)NC[C@H](O)COc1cccc2c1CCCC2=O.Cl,CHEMBL213,Beta-1 adrenergic receptor,ANTAGONIST,Beta-1 adrenergic receptor antagonist,4
CHEMBL500,PINDOLOL,CC(C)NCC(O)COc1cccc2[nH]ccc12,CHEMBL213,Beta-1 adrenergic receptor,PARTIAL AGONIST,Beta-1 adrenergic receptor partial agonist,4
CHEMBL1200418,DOBUTAMINE HYDROCHLORIDE,CC(CCc1ccc(O)cc1)NCCc1ccc(O)c(O)c1.Cl,CHEMBL213,Beta-1 adrenergic receptor,AGONIST,Beta-1 adrenergic receptor agonist,4
CHEMBL1557,DOPAMINE HYDROCHLORIDE,Cl.NCCc1ccc(O)c(O)c1,CHEMBL213,Beta-1 adrenergic receptor,AGONIST,Beta-1 adrenergic receptor agonist,4
CHEMBL521606,NADOLOL,CC(C)(C)NCC(O)COc1cccc2c1CC(O)C(O)C2,CHEMBL213,Beta-1 adrenergic receptor,ANTAGONIST,Beta-1 adrenergic receptor antagonist,4
CHEMBL1671,PROPRANOLOL HYDROCHLORIDE,CC(C)NCC(O)COc1cccc2ccccc12.Cl,CHEMBL213,Beta-1 adrenergic receptor,ANTAGONIST,Beta-1 adrenergic receptor antagonist,4
CHEMBL1700,SOTALOL HYDROCHLORIDE,CC(C)NCC(O)c1ccc(NS(C)(=O)=O)cc1.Cl,CHEMBL213,Beta-1 adrenergic receptor,ANTAGONIST,Beta-1 adrenergic receptor antagonist,4
CHEMBL1691,BETAXOLOL HYDROCHLORIDE,CC(C)NCC(O)COc1ccc(CCOCC2CC2)cc1.Cl,CHEMBL213,Beta-1 adrenergic receptor,ANTAGONIST,Beta-1 adrenergic receptor antagonist,4
CHEMBL1200870,TIMOLOL MALEATE,CC(C)(C)NC[C@H](O)COc1nsnc1N1CCOCC1.O=C(O)/C=C\C(=O)O,CHEMBL213,Beta-1 adrenergic receptor,ANTAGONIST,Beta-1 adrenergic receptor antagonist,4
CHEMBL2356097,METOPROLOL SUCCINATE,COCCc1ccc(OCC(O)CNC(C)C)cc1.COCCc1ccc(OCC(O)CNC(C)C)cc1.O=C(O)CCC(=O)O,CHEMBL213,Beta-1 adrenergic receptor,ANTAGONIST,Beta-1 adrenergic receptor antagonist,4
CHEMBL2062335,METOPROLOL TARTRATE,COCCc1ccc(OCC(O)CNC(C)C)cc1.COCCc1ccc(OCC(O)CNC(C)C)cc1.O=C(O)C(O)C(O)C(=O)O,CHEMBL213,Beta-1 adrenergic receptor,ANTAGONIST,Beta-1 adrenergic receptor antagonist,4
CHEMBL1201731,NEBIVOLOL HYDROCHLORIDE,Cl.OC(CNCC(O)C1CCc2cc(F)ccc2O1)C1CCc2cc(F)ccc2O1,CHEMBL213,Beta-1 adrenergic receptor,ANTAGONIST,Beta-1 adrenergic receptor antagonist,4
CHEMBL1201063,PROPAFENONE HYDROCHLORIDE,CCCNCC(O)COc1ccccc1C(=O)CCc1ccccc1.Cl,CHEMBL213,Beta-1 adrenergic receptor,ANTAGONIST,Beta-1 adrenergic receptor antagonist,4
CHEMBL499,TIMOLOL,CC(C)(C)NC[C@H](O)COc1nsnc1N1CCOCC1,CHEMBL213,Beta-1 adrenergic receptor,ANTAGONIST,Beta-1 adrenergic receptor antagonist,4
CHEMBL3989510,PENTAZOCINE HYDROCHLORIDE,CC(C)=CCN1CCC2(C)c3cc(O)ccc3CC1C2C.Cl,CHEMBL287,Sigma non-opioid intracellular receptor 1,MODULATOR,Sigma opioid receptor modulator,4
CHEMBL1256818,DEXTROMETHORPHAN HYDROBROMIDE,Br.COc1ccc2c(c1)[C@]13CCCC[C@@H]1[C@H](C2)N(C)CC3.O,CHEMBL287,Sigma non-opioid intracellular receptor 1,AGONIST,Sigma opioid receptor agonist,4
CHEMBL1046,AMINOCAPROIC ACID,NCCCCCC(=O)O,CHEMBL1873,Tissue-type plasminogen activator,INHIBITOR,Tissue-type plasminogen activator inhibitor,4
CHEMBL1072,BUMETANIDE,CCCCNc1cc(C(=O)O)cc(S(N)(=O)=O)c1Oc1ccccc1,CHEMBL1874,Solute carrier family 12 member 1,INHIBITOR,Sodium-(potassium)-chloride cotransporter 2 inhibitor,4
CHEMBL456,ETHACRYNIC ACID,C=C(CC)C(=O)c1ccc(OCC(=O)O)c(Cl)c1Cl,CHEMBL1874,Solute carrier family 12 member 1,INHIBITOR,Sodium-(potassium)-chloride cotransporter 2 inhibitor,4
CHEMBL1148,TORSEMIDE,Cc1cccc(Nc2ccncc2S(=O)(=O)NC(=O)NC(C)C)c1,CHEMBL1874,Solute carrier family 12 member 1,INHIBITOR,Sodium-(potassium)-chloride cotransporter 2 inhibitor,4
CHEMBL35,FUROSEMIDE,NS(=O)(=O)c1cc(C(=O)O)c(NCc2ccco2)cc1Cl,CHEMBL1874,Solute carrier family 12 member 1,INHIBITOR,Sodium-(potassium)-chloride cotransporter 2 inhibitor,4
CHEMBL406,INDAPAMIDE,CC1Cc2ccccc2N1NC(=O)c1ccc(Cl)c(S(N)(=O)=O)c1,CHEMBL1876,Solute carrier family 12 member 3,INHIBITOR,Thiazide-sensitive sodium-chloride cotransporter inhibitor,4
CHEMBL878,METOLAZONE,Cc1ccccc1N1C(=O)c2cc(S(N)(=O)=O)c(Cl)cc2NC1C,CHEMBL1876,Solute carrier family 12 member 3,INHIBITOR,Thiazide-sensitive sodium-chloride cotransporter inhibitor,4
CHEMBL61593,CYCLOTHIAZIDE,NS(=O)(=O)c1cc2c(cc1Cl)NC(C1CC3C=CC1C3)NS2(=O)=O,CHEMBL1876,Solute carrier family 12 member 3,INHIBITOR,Thiazide-sensitive sodium-chloride cotransporter inhibitor,4
CHEMBL842,CHLOROTHIAZIDE,NS(=O)(=O)c1cc2c(cc1Cl)N=CNS2(=O)=O,CHEMBL1876,Solute carrier family 12 member 3,INHIBITOR,Thiazide-sensitive sodium-chloride cotransporter inhibitor,4
CHEMBL1532,QUINETHAZONE,CCC1NC(=O)c2cc(S(N)(=O)=O)c(Cl)cc2N1,CHEMBL1876,Solute carrier family 12 member 3,INHIBITOR,Thiazide-sensitive sodium-chloride cotransporter inhibitor,4
CHEMBL1577,METHYCLOTHIAZIDE,CN1C(CCl)Nc2cc(Cl)c(S(N)(=O)=O)cc2S1(=O)=O,CHEMBL1876,Solute carrier family 12 member 3,INHIBITOR,Thiazide-sensitive sodium-chloride cotransporter inhibitor,4
CHEMBL435,HYDROCHLOROTHIAZIDE,NS(=O)(=O)c1cc2c(cc1Cl)NCNS2(=O)=O,CHEMBL1876,Solute carrier family 12 member 3,INHIBITOR,Thiazide-sensitive sodium-chloride cotransporter inhibitor,4
CHEMBL1684,BENDROFLUMETHIAZIDE,NS(=O)(=O)c1cc2c(cc1C(F)(F)F)NC(Cc1ccccc1)NS2(=O)=O,CHEMBL1876,Solute carrier family 12 member 3,INHIBITOR,Thiazide-sensitive sodium-chloride cotransporter inhibitor,4
CHEMBL1763,HYDROFLUMETHIAZIDE,NS(=O)(=O)c1cc2c(cc1C(F)(F)F)NCNS2(=O)=O,CHEMBL1876,Solute carrier family 12 member 3,INHIBITOR,Thiazide-sensitive sodium-chloride cotransporter inhibitor,4
CHEMBL1054,TRICHLORMETHIAZIDE,NS(=O)(=O)c1cc2c(cc1Cl)NC(C(Cl)Cl)NS2(=O)=O,CHEMBL1876,Solute carrier family 12 member 3,INHIBITOR,Thiazide-sensitive sodium-chloride cotransporter inhibitor,4
CHEMBL1055,CHLORTHALIDONE,NS(=O)(=O)c1cc(C2(O)NC(=O)c3ccccc32)ccc1Cl,CHEMBL1876,Solute carrier family 12 member 3,INHIBITOR,Thiazide-sensitive sodium-chloride cotransporter inhibitor,4
CHEMBL1587,POLYTHIAZIDE,CN1C(CSCC(F)(F)F)Nc2cc(Cl)c(S(N)(=O)=O)cc2S1(=O)=O,CHEMBL1876,Solute carrier family 12 member 3,INHIBITOR,Thiazide-sensitive sodium-chloride cotransporter inhibitor,4
CHEMBL3140361,ETHAMBUTOL HYDROCHLORIDE,CC[C@@H](CO)NCCN[C@@H](CC)CO.Cl.Cl,CHEMBL1877,Probable arabinosyltransferase A,INHIBITOR,Arabinosyltransferase A inhibitor,4
CHEMBL1200776,CINACALCET HYDROCHLORIDE,C[C@@H](NCCCc1cccc(C(F)(F)F)c1)c1cccc2ccccc12.Cl,CHEMBL1878,Extracellular calcium-sensing receptor,POSITIVE ALLOSTERIC MODULATOR,Calcium sensing receptor positive allosteric modulator,4
CHEMBL495,ALPROSTADIL,CCCCC[C@H](O)/C=C/[C@H]1[C@H](O)CC(=O)[C@@H]1CCCCCCC(=O)O,CHEMBL1881,Prostaglandin E2 receptor EP2 subtype,AGONIST,Prostanoid EP2 receptor agonist,4
CHEMBL1770,LEVAMISOLE HYDROCHLORIDE,Cl.c1ccc([C@H]2CN3CCSC3=N2)cc1,CHEMBL1884,Nicotinic acetylcholine receptor alpha subunit,AGONIST,Nicotinic acetylcholine receptor alpha subunit agonist,4
CHEMBL181,DIAZOXIDE,CC1=Nc2ccc(Cl)cc2S(=O)(=O)N1,CHEMBL1886,ATP-sensitive inward rectifier potassium channel 11,OPENER,"Potassium channel, inwardly rectifying, subfamily J, member 11 opener",4
CHEMBL1201108,CONIVAPTAN HYDROCHLORIDE,Cc1nc2c([nH]1)-c1ccccc1N(C(=O)c1ccc(NC(=O)c3ccccc3-c3ccccc3)cc1)CC2.Cl,CHEMBL1889,Vasopressin V1a receptor,ANTAGONIST,Vasopressin V1a receptor antagonist,4
CHEMBL2311030,ERGOLOID MESYLATES,CC(C)C[C@H]1C(=O)N2CCC[C@H]2[C@]2(O)O[C@](NC(=O)[C@@H]3C[C@@H]4c5cccc6[nH]cc(c56)C[C@H]4N(C)C3)(C(C)C)C(=O)N12.CC(C)[C@@]1(NC(=O)[C@@H]2C[C@@H]3c4cccc5[nH]cc(c45)C[C@H]3N(C)C2)O[C@@]2(O)[C@@H]3CCCN3C(=O)[C@H](Cc3ccccc3)N2C1=O.CC(C)[C@H]1C(=O)N2CCC[C@H]2[C@]2(O)O[C@](NC(=O)[C@@H]3C[C@@H]4c5cccc6[nH]cc(c56)C[C@H]4N(C)C3)(C(C)C)C(=O)N12.CCC(C)[C@H]1C(=O)N2CCC[C@H]2[C@]2(O)O[C@](NC(=O)[C@@H]3C[C@@H]4c5cccc6[nH]cc(c56)C[C@H]4N(C)C3)(C(C)C)C(=O)N12.CS(=O)(=O)O.CS(=O)(=O)O.CS(=O)(=O)O.CS(=O)(=O)O,CHEMBL1898,5-hydroxytryptamine receptor 1B,AGONIST,Serotonin 1b (5-HT1b) receptor agonist,4
CHEMBL1185,ZOLMITRIPTAN,CN(C)CCc1c[nH]c2ccc(C[C@H]3COC(=O)N3)cc12,CHEMBL1898,5-hydroxytryptamine receptor 1B,AGONIST,Serotonin 1b (5-HT1b) receptor agonist,4
CHEMBL1201003,ELETRIPTAN HYDROBROMIDE,Br.CN1CCC[C@@H]1Cc1c[nH]c2ccc(CCS(=O)(=O)c3ccccc3)cc12,CHEMBL1898,5-hydroxytryptamine receptor 1B,AGONIST,Serotonin 1b (5-HT1b) receptor agonist,4
CHEMBL2138684,FROVATRIPTAN SUCCINATE,CN[C@@H]1CCc2[nH]c3ccc(C(N)=O)cc3c2C1.O.O=C(O)CCC(=O)O,CHEMBL1898,5-hydroxytryptamine receptor 1B,AGONIST,Serotonin 1b (5-HT1b) receptor agonist,4
CHEMBL1200521,ALMOTRIPTAN MALATE,CN(C)CCc1c[nH]c2ccc(CS(=O)(=O)N3CCCC3)cc12.O=C(O)CC(O)C(=O)O,CHEMBL1898,5-hydroxytryptamine receptor 1B,AGONIST,Serotonin 1b (5-HT1b) receptor agonist,4
CHEMBL1200601,NARATRIPTAN HYDROCHLORIDE,CNS(=O)(=O)CCc1ccc2[nH]cc(C3CCN(C)CC3)c2c1.Cl,CHEMBL1898,5-hydroxytryptamine receptor 1B,AGONIST,Serotonin 1b (5-HT1b) receptor agonist,4
CHEMBL1201032,RIZATRIPTAN BENZOATE,CN(C)CCc1c[nH]c2ccc(Cn3cncn3)cc12.O=C(O)c1ccccc1,CHEMBL1898,5-hydroxytryptamine receptor 1B,AGONIST,Serotonin 1b (5-HT1b) receptor agonist,4
CHEMBL128,SUMATRIPTAN,CNS(=O)(=O)Cc1ccc2[nH]cc(CCN(C)C)c2c1,CHEMBL1898,5-hydroxytryptamine receptor 1B,AGONIST,Serotonin 1b (5-HT1b) receptor agonist,4
CHEMBL1201150,SUMATRIPTAN SUCCINATE,CNS(=O)(=O)Cc1ccc2[nH]cc(CCN(C)C)c2c1.O=C(O)CCC(=O)O,CHEMBL1898,5-hydroxytryptamine receptor 1B,AGONIST,Serotonin 1b (5-HT1b) receptor agonist,4
CHEMBL2368924,DOLASETRON MESYLATE,CS(=O)(=O)O.O.O=C(O[C@@H]1C[C@@H]2C[C@H]3C[C@H](C1)N2CC3=O)c1c[nH]c2ccccc12,CHEMBL1899,5-hydroxytryptamine receptor 3A,ANTAGONIST,Serotonin 3a (5-HT3a) receptor antagonist,4
CHEMBL46,ONDANSETRON,Cc1nccn1CC1CCc2c(c3ccccc3n2C)C1=O,CHEMBL1899,5-hydroxytryptamine receptor 3A,ANTAGONIST,Serotonin 3a (5-HT3a) receptor antagonist,4
CHEMBL1237080,GRANISETRON HYDROCHLORIDE,CN1C2CCCC1CC(NC(=O)c1nn(C)c3ccccc13)C2.Cl,CHEMBL1899,5-hydroxytryptamine receptor 3A,ANTAGONIST,Serotonin 3a (5-HT3a) receptor antagonist,4
CHEMBL289469,GRANISETRON,CN1C2CCCC1CC(NC(=O)c1nn(C)c3ccccc13)C2,CHEMBL1899,5-hydroxytryptamine receptor 3A,ANTAGONIST,Serotonin 3a (5-HT3a) receptor antagonist,4
CHEMBL1720,PALONOSETRON HYDROCHLORIDE,Cl.O=C1c2cccc3c2[C@H](CCC3)CN1[C@@H]1CN2CCC1CC2,CHEMBL1899,5-hydroxytryptamine receptor 3A,ANTAGONIST,Serotonin 3a (5-HT3a) receptor antagonist,4
CHEMBL3186492,ONDANSETRON HYDROCHLORIDE,Cc1nccn1CC1CCc2c(c3ccccc3n2C)C1=O.Cl.O.O,CHEMBL1899,5-hydroxytryptamine receptor 3A,ANTAGONIST,Serotonin 3a (5-HT3a) receptor antagonist,4
CHEMBL1200885,ALOSETRON HYDROCHLORIDE,Cc1[nH]cnc1CN1CCc2c(c3ccccc3n2C)C1=O.Cl,CHEMBL1899,5-hydroxytryptamine receptor 3A,ANTAGONIST,Serotonin 3a (5-HT3a) receptor antagonist,4
CHEMBL1200940,METOCLOPRAMIDE HYDROCHLORIDE,CCN(CC)CCNC(=O)c1cc(Cl)c(N)cc1OC.Cl.O,CHEMBL1899,5-hydroxytryptamine receptor 3A,ANTAGONIST,Serotonin 3a (5-HT3a) receptor antagonist,4
CHEMBL1201182,TEMSIROLIMUS,CO[C@H]1C[C@@H]2CC[C@@H](C)[C@@](O)(O2)C(=O)C(=O)N2CCCC[C@H]2C(=O)O[C@H]([C@H](C)C[C@@H]2CC[C@@H](OC(=O)C(C)(CO)CO)[C@H](OC)C2)CC(=O)[C@H](C)/C=C(\C)[C@@H](O)[C@@H](OC)C(=O)[C@H](C)C[C@H](C)/C=C/C=C/C=C/1C,CHEMBL1902,Peptidyl-prolyl cis-trans isomerase FKBP1A,INHIBITOR,FK506-binding protein 1A inhibitor,4
CHEMBL413,SIROLIMUS,CO[C@H]1C[C@@H]2CC[C@@H](C)[C@@](O)(O2)C(=O)C(=O)N2CCCC[C@H]2C(=O)O[C@H]([C@H](C)C[C@@H]2CC[C@@H](O)[C@H](OC)C2)CC(=O)[C@H](C)/C=C(\C)[C@@H](O)[C@@H](OC)C(=O)[C@H](C)C[C@H](C)/C=C/C=C/C=C/1C,CHEMBL1902,Peptidyl-prolyl cis-trans isomerase FKBP1A,INHIBITOR,FK506-binding protein 1A inhibitor,4
CHEMBL1908360,EVEROLIMUS,CO[C@H]1C[C@@H]2CC[C@@H](C)[C@@](O)(O2)C(=O)C(=O)N2CCCC[C@H]2C(=O)O[C@H]([C@H](C)C[C@@H]2CC[C@@H](OCCO)[C@H](OC)C2)CC(=O)[C@H](C)/C=C(\C)[C@@H](O)[C@@H](OC)C(=O)[C@H](C)C[C@H](C)/C=C/C=C/C=C/1C,CHEMBL1902,Peptidyl-prolyl cis-trans isomerase FKBP1A,INHIBITOR,FK506-binding protein 1A inhibitor,4
CHEMBL1200686,PIMECROLIMUS,CC[C@@H]1/C=C(\C)C[C@H](C)C[C@H](OC)[C@H]2O[C@@](O)(C(=O)C(=O)N3CCCC[C@H]3C(=O)O[C@H](/C(C)=C/[C@@H]3CC[C@H](Cl)[C@H](OC)C3)[C@H](C)[C@@H](O)CC1=O)[C@H](C)C[C@@H]2OC,CHEMBL1902,Peptidyl-prolyl cis-trans isomerase FKBP1A,INHIBITOR,FK506-binding protein 1A inhibitor,4
CHEMBL3989887,TACROLIMUS,C=CC[C@@H]1/C=C(\C)C[C@H](C)C[C@H](OC)[C@H]2O[C@@](O)(C(=O)C(=O)N3CCCC[C@H]3C(=O)O[C@H](/C(C)=C/[C@@H]3CC[C@@H](O)[C@H](OC)C3)[C@H](C)[C@@H](O)CC1=O)[C@H](C)C[C@@H]2OC.O,CHEMBL1902,Peptidyl-prolyl cis-trans isomerase FKBP1A,INHIBITOR,FK506-binding protein 1A inhibitor,4
CHEMBL1946170,REGORAFENIB,CNC(=O)c1cc(Oc2ccc(NC(=O)Nc3ccc(Cl)c(C(F)(F)F)c3)c(F)c2)ccn1,CHEMBL1906,RAF proto-oncogene serine/threonine-protein kinase,INHIBITOR,Serine/threonine-protein kinase RAF inhibitor,4
CHEMBL1200485,SORAFENIB TOSYLATE,CNC(=O)c1cc(Oc2ccc(NC(=O)Nc3ccc(Cl)c(C(F)(F)F)c3)cc2)ccn1.Cc1ccc(S(=O)(=O)O)cc1,CHEMBL1906,RAF proto-oncogene serine/threonine-protein kinase,INHIBITOR,Serine/threonine-protein kinase RAF inhibitor,4
CHEMBL1580,PENTOSTATIN,OC[C@H]1O[C@@H](n2cnc3c2N=CNC[C@H]3O)C[C@@H]1O,CHEMBL1910,Adenosine deaminase,INHIBITOR,Adenosine deaminase inhibitor,4
CHEMBL2105613,DIVALPROEX SODIUM,CCCC(CCC)C(=O)O.CCCC(CCC)C(=O)[O-].[Na+],CHEMBL1911,"Succinate-semialdehyde dehydrogenase, mitochondrial",INHIBITOR,Succinate semialdehyde dehydrogenase inhibitor,4
CHEMBL433,VALPROATE SODIUM,CCCC(CCC)C(=O)[O-].[Na+],CHEMBL1911,"Succinate-semialdehyde dehydrogenase, mitochondrial",INHIBITOR,Succinate semialdehyde dehydrogenase inhibitor,4
CHEMBL109,VALPROIC ACID,CCCC(CCC)C(=O)O,CHEMBL1911,"Succinate-semialdehyde dehydrogenase, mitochondrial",INHIBITOR,Succinate semialdehyde dehydrogenase inhibitor,4
CHEMBL1118,DESVENLAFAXINE,CN(C)CC(c1ccc(O)cc1)C1(O)CCCCC1,CHEMBL228,Sodium-dependent serotonin transporter,INHIBITOR,Serotonin transporter inhibitor,4
CHEMBL6067650,PAROXETINE HYDROCHLORIDE,Cl.Cl.Fc1ccc([C@@H]2CCNC[C@H]2COc2ccc3c(c2)OCO3)cc1.Fc1ccc([C@@H]2CCNC[C@H]2COc2ccc3c(c2)OCO3)cc1.O,CHEMBL228,Sodium-dependent serotonin transporter,INHIBITOR,Serotonin transporter inhibitor,4
CHEMBL1200322,ESCITALOPRAM OXALATE,CN(C)CCC[C@@]1(c2ccc(F)cc2)OCc2cc(C#N)ccc21.O=C(O)C(=O)O,CHEMBL228,Sodium-dependent serotonin transporter,INHIBITOR,Serotonin transporter inhibitor,4
CHEMBL1200710,CLOMIPRAMINE HYDROCHLORIDE,CN(C)CCCN1c2ccccc2CCc2ccc(Cl)cc21.Cl,CHEMBL228,Sodium-dependent serotonin transporter,INHIBITOR,Serotonin transporter inhibitor,4
CHEMBL1200781,CITALOPRAM HYDROBROMIDE,Br.CN(C)CCCC1(c2ccc(F)cc2)OCc2cc(C#N)ccc21,CHEMBL228,Sodium-dependent serotonin transporter,INHIBITOR,Serotonin transporter inhibitor,4
CHEMBL1409,FLUVOXAMINE MALEATE,COCCCC/C(=N\OCCN)c1ccc(C(F)(F)F)cc1.O=C(O)/C=C\C(=O)O,CHEMBL228,Sodium-dependent serotonin transporter,INHIBITOR,Serotonin transporter inhibitor,4
CHEMBL1709,SERTRALINE HYDROCHLORIDE,CN[C@H]1CC[C@@H](c2ccc(Cl)c(Cl)c2)c2ccccc21.Cl,CHEMBL228,Sodium-dependent serotonin transporter,INHIBITOR,Serotonin transporter inhibitor,4
CHEMBL1200609,PAROXETINE MESYLATE,CS(=O)(=O)O.Fc1ccc([C@@H]2CCNC[C@H]2COc2ccc3c(c2)OCO3)cc1,CHEMBL228,Sodium-dependent serotonin transporter,INHIBITOR,Serotonin transporter inhibitor,4
CHEMBL1201082,FLUOXETINE HYDROCHLORIDE,CNCCC(Oc1ccc(C(F)(F)F)cc1)c1ccccc1.Cl,CHEMBL228,Sodium-dependent serotonin transporter,INHIBITOR,Serotonin transporter inhibitor,4
CHEMBL1615374,VILAZODONE HYDROCHLORIDE,Cl.N#Cc1ccc2[nH]cc(CCCCN3CCN(c4ccc5oc(C(N)=O)cc5c4)CC3)c2c1,CHEMBL228,Sodium-dependent serotonin transporter,INHIBITOR,Serotonin transporter inhibitor,4
CHEMBL1200798,TRAZODONE HYDROCHLORIDE,Cl.O=c1n(CCCN2CCN(c3cccc(Cl)c3)CC2)nc2ccccn12,CHEMBL228,Sodium-dependent serotonin transporter,INHIBITOR,Serotonin transporter inhibitor,4
CHEMBL1201066,VENLAFAXINE HYDROCHLORIDE,COc1ccc(C(CN(C)C)C2(O)CCCCC2)cc1.Cl,CHEMBL228,Sodium-dependent serotonin transporter,INHIBITOR,Serotonin transporter inhibitor,4
CHEMBL1200964,AMITRIPTYLINE HYDROCHLORIDE,CN(C)CCC=C1c2ccccc2CCc2ccccc21.Cl,CHEMBL228,Sodium-dependent serotonin transporter,INHIBITOR,Serotonin transporter inhibitor,4
CHEMBL1113,AMOXAPINE,Clc1ccc2c(c1)C(N1CCNCC1)=Nc1ccccc1O2,CHEMBL228,Sodium-dependent serotonin transporter,INHIBITOR,Serotonin transporter inhibitor,4
CHEMBL1201728,DESVENLAFAXINE SUCCINATE,CN(C)CC(c1ccc(O)cc1)C1(O)CCCCC1.O=C(O)CCC(=O)O,CHEMBL228,Sodium-dependent serotonin transporter,INHIBITOR,Serotonin transporter inhibitor,4
CHEMBL1200328,DULOXETINE HYDROCHLORIDE,CNCC[C@H](Oc1cccc2ccccc12)c1cccs1.Cl,CHEMBL228,Sodium-dependent serotonin transporter,INHIBITOR,Serotonin transporter inhibitor,4
CHEMBL1692,IMIPRAMINE HYDROCHLORIDE,CN(C)CCCN1c2ccccc2CCc2ccccc21.Cl,CHEMBL228,Sodium-dependent serotonin transporter,INHIBITOR,Serotonin transporter inhibitor,4
CHEMBL4297064,MILNACIPRAN HYDROCHLORIDE,CCN(CC)C(=O)C1(c2ccccc2)CC1CN.Cl,CHEMBL228,Sodium-dependent serotonin transporter,INHIBITOR,Serotonin transporter inhibitor,4
CHEMBL1200492,NEFAZODONE HYDROCHLORIDE,CCc1nn(CCCN2CCN(c3cccc(Cl)c3)CC2)c(=O)n1CCOc1ccccc1.Cl,CHEMBL228,Sodium-dependent serotonin transporter,INHIBITOR,Serotonin transporter inhibitor,4
CHEMBL1201156,NORTRIPTYLINE HYDROCHLORIDE,CNCCC=C1c2ccccc2CCc2ccccc21.Cl,CHEMBL228,Sodium-dependent serotonin transporter,INHIBITOR,Serotonin transporter inhibitor,4
CHEMBL1200332,PROTRIPTYLINE HYDROCHLORIDE,CNCCCC1c2ccccc2C=Cc2ccccc21.Cl,CHEMBL228,Sodium-dependent serotonin transporter,INHIBITOR,Serotonin transporter inhibitor,4
CHEMBL1421,DASATINIB ANHYDROUS,Cc1nc(Nc2ncc(C(=O)Nc3c(C)cccc3Cl)s2)cc(N2CCN(CCO)CC2)n1,CHEMBL1913,Platelet-derived growth factor receptor beta,INHIBITOR,Platelet-derived growth factor receptor beta inhibitor,4
CHEMBL1200485,SORAFENIB TOSYLATE,CNC(=O)c1cc(Oc2ccc(NC(=O)Nc3ccc(Cl)c(C(F)(F)F)c3)cc2)ccn1.Cc1ccc(S(=O)(=O)O)cc1,CHEMBL1913,Platelet-derived growth factor receptor beta,INHIBITOR,Platelet-derived growth factor receptor beta inhibitor,4
CHEMBL1642,IMATINIB MESYLATE,CS(=O)(=O)O.Cc1ccc(NC(=O)c2ccc(CN3CCN(C)CC3)cc2)cc1Nc1nccc(-c2cccnc2)n1,CHEMBL1913,Platelet-derived growth factor receptor beta,INHIBITOR,Platelet-derived growth factor receptor beta inhibitor,4
CHEMBL5314380,PASIREOTIDE DIASPARTATE,NCCCC[C@@H]1NC(=O)[C@@H](Cc2c[nH]c3ccccc23)NC(=O)[C@H](c2ccccc2)NC(=O)[C@@H]2C[C@@H](OC(=O)NCCN)CN2C(=O)[C@H](Cc2ccccc2)NC(=O)[C@H](Cc2ccc(OCc3ccccc3)cc2)NC1=O.N[C@@H](CC(=O)O)C(=O)O.N[C@@H](CC(=O)O)C(=O)O,CHEMBL1917,Somatostatin receptor type 1,AGONIST,Somatostatin receptor 1 agonist,4
CHEMBL1715,PIOGLITAZONE HYDROCHLORIDE,CCc1ccc(CCOc2ccc(CC3SC(=O)NC3=O)cc2)nc1.Cl,CHEMBL235,Peroxisome proliferator-activated receptor gamma,AGONIST,Peroxisome proliferator-activated receptor gamma agonist,4
CHEMBL843,ROSIGLITAZONE MALEATE,CN(CCOc1ccc(CC2SC(=O)NC2=O)cc1)c1ccccn1.O=C(O)/C=C\C(=O)O,CHEMBL235,Peroxisome proliferator-activated receptor gamma,AGONIST,Peroxisome proliferator-activated receptor gamma agonist,4
CHEMBL408,TROGLITAZONE,Cc1c(C)c2c(c(C)c1O)CCC(C)(COc1ccc(CC3SC(=O)NC3=O)cc1)O2,CHEMBL235,Peroxisome proliferator-activated receptor gamma,AGONIST,Peroxisome proliferator-activated receptor gamma agonist,4
CHEMBL1200760,BALSALAZIDE DISODIUM,O=C([O-])CCNC(=O)c1ccc(/N=N/c2ccc(O)c(C(=O)[O-])c2)cc1.[Na+].[Na+],CHEMBL235,Peroxisome proliferator-activated receptor gamma,AGONIST,Peroxisome proliferator-activated receptor gamma agonist,4
CHEMBL704,MESALAMINE,Nc1ccc(O)c(C(=O)O)c1,CHEMBL235,Peroxisome proliferator-activated receptor gamma,AGONIST,Peroxisome proliferator-activated receptor gamma agonist,4
CHEMBL1201013,OLSALAZINE SODIUM,O=C([O-])c1cc(/N=N/c2ccc(O)c(C(=O)[O-])c2)ccc1O.[Na+].[Na+],CHEMBL235,Peroxisome proliferator-activated receptor gamma,AGONIST,Peroxisome proliferator-activated receptor gamma agonist,4
CHEMBL1201745,CHOLINE FENOFIBRATE,CC(C)(Oc1ccc(C(=O)c2ccc(Cl)cc2)cc1)C(=O)[O-].C[N+](C)(C)CCO,CHEMBL239,Peroxisome proliferator-activated receptor alpha,AGONIST,Peroxisome proliferator-activated receptor alpha agonist,4
CHEMBL457,GEMFIBROZIL,Cc1ccc(C)c(OCCCC(C)(C)C(=O)O)c1,CHEMBL239,Peroxisome proliferator-activated receptor alpha,AGONIST,Peroxisome proliferator-activated receptor alpha agonist,4
CHEMBL672,FENOFIBRATE,CC(C)OC(=O)C(C)(C)Oc1ccc(C(=O)c2ccc(Cl)cc2)cc1,CHEMBL239,Peroxisome proliferator-activated receptor alpha,AGONIST,Peroxisome proliferator-activated receptor alpha agonist,4
CHEMBL565,CLOFIBRATE,CCOC(=O)C(C)(C)Oc1ccc(Cl)cc1,CHEMBL239,Peroxisome proliferator-activated receptor alpha,AGONIST,Peroxisome proliferator-activated receptor alpha agonist,4
CHEMBL981,FENOFIBRIC ACID,CC(C)(Oc1ccc(C(=O)c2ccc(Cl)cc2)cc1)C(=O)O,CHEMBL239,Peroxisome proliferator-activated receptor alpha,AGONIST,Peroxisome proliferator-activated receptor alpha agonist,4
CHEMBL5483015,ARSENIC TRIOXIDE,O=[As][As+](=O)[O-],CHEMBL1927,"Thioredoxin reductase 1, cytoplasmic",INHIBITOR,Thioredoxin reductase 1 inhibitor,4
CHEMBL1200477,ALLOPURINOL SODIUM,O=c1[n-]cnc2[nH]ncc12.[Na+],CHEMBL1929,Xanthine dehydrogenase/oxidase,INHIBITOR,Xanthine dehydrogenase inhibitor,4
CHEMBL1164729,FEBUXOSTAT,Cc1nc(-c2ccc(OCC(C)C)c(C#N)c2)sc1C(=O)O,CHEMBL1929,Xanthine dehydrogenase/oxidase,INHIBITOR,Xanthine dehydrogenase inhibitor,4
CHEMBL1467,ALLOPURINOL,Oc1ncnc2[nH]ncc12,CHEMBL1929,Xanthine dehydrogenase/oxidase,INHIBITOR,Xanthine dehydrogenase inhibitor,4
CHEMBL1465,PHENPROCOUMON,CCC(c1ccccc1)c1c(O)c2ccccc2oc1=O,CHEMBL1930,Vitamin K epoxide reductase complex subunit 1,INHIBITOR,Vitamin k epoxide reductase complex subunit 1 isoform 1 inhibitor,4
CHEMBL711,PHENINDIONE,O=C1c2ccccc2C(=O)C1c1ccccc1,CHEMBL1930,Vitamin K epoxide reductase complex subunit 1,INHIBITOR,Vitamin k epoxide reductase complex subunit 1 isoform 1 inhibitor,4
CHEMBL1466,DICUMAROL,O=c1oc2ccccc2c(O)c1Cc1c(O)c2ccccc2oc1=O,CHEMBL1930,Vitamin K epoxide reductase complex subunit 1,INHIBITOR,Vitamin k epoxide reductase complex subunit 1 isoform 1 inhibitor,4
CHEMBL1200772,WARFARIN POTASSIUM,CC(=O)CC(c1ccccc1)c1c([O-])c2ccccc2oc1=O.[K+],CHEMBL1930,Vitamin K epoxide reductase complex subunit 1,INHIBITOR,Vitamin k epoxide reductase complex subunit 1 isoform 1 inhibitor,4
CHEMBL1200879,WARFARIN SODIUM,CC(=O)CC(c1ccccc1)c1c([O-])c2ccccc2oc1=O.[Na+],CHEMBL1930,Vitamin K epoxide reductase complex subunit 1,INHIBITOR,Vitamin k epoxide reductase complex subunit 1 isoform 1 inhibitor,4
CHEMBL964,DISULFIRAM,CCN(CC)C(=S)SSC(=S)N(CC)CC,CHEMBL1935,"Aldehyde dehydrogenase, mitochondrial",INHIBITOR,Aldehyde dehydrogenase inhibitor,4
CHEMBL1421,DASATINIB ANHYDROUS,Cc1nc(Nc2ncc(C(=O)Nc3c(C)cccc3Cl)s2)cc(N2CCN(CCO)CC2)n1,CHEMBL1936,Mast/stem cell growth factor receptor Kit,INHIBITOR,Stem cell growth factor receptor inhibitor,4
CHEMBL1201733,PAZOPANIB HYDROCHLORIDE,Cc1ccc(Nc2nccc(N(C)c3ccc4c(C)n(C)nc4c3)n2)cc1S(N)(=O)=O.Cl,CHEMBL1936,Mast/stem cell growth factor receptor Kit,INHIBITOR,Stem cell growth factor receptor inhibitor,4
CHEMBL1946170,REGORAFENIB,CNC(=O)c1cc(Oc2ccc(NC(=O)Nc3ccc(Cl)c(C(F)(F)F)c3)c(F)c2)ccn1,CHEMBL1936,Mast/stem cell growth factor receptor Kit,INHIBITOR,Stem cell growth factor receptor inhibitor,4
CHEMBL1200485,SORAFENIB TOSYLATE,CNC(=O)c1cc(Oc2ccc(NC(=O)Nc3ccc(Cl)c(C(F)(F)F)c3)cc2)ccn1.Cc1ccc(S(=O)(=O)O)cc1,CHEMBL1936,Mast/stem cell growth factor receptor Kit,INHIBITOR,Stem cell growth factor receptor inhibitor,4
CHEMBL1567,SUNITINIB MALATE,CCN(CC)CCNC(=O)c1c(C)[nH]c(/C=C2\C(=O)Nc3ccc(F)cc32)c1C.O=C(O)C[C@H](O)C(=O)O,CHEMBL1936,Mast/stem cell growth factor receptor Kit,INHIBITOR,Stem cell growth factor receptor inhibitor,4
CHEMBL1642,IMATINIB MESYLATE,CS(=O)(=O)O.Cc1ccc(NC(=O)c2ccc(CN3CCN(C)CC3)cc2)cc1Nc1nccc(-c2cccnc2)n1,CHEMBL1936,Mast/stem cell growth factor receptor Kit,INHIBITOR,Stem cell growth factor receptor inhibitor,4
CHEMBL256907,MARAVIROC,Cc1nnc(C(C)C)n1[C@H]1C[C@H]2CC[C@@H](C1)N2CC[C@H](NC(=O)C1CCC(F)(F)CC1)c1ccccc1,CHEMBL274,C-C chemokine receptor type 5,ANTAGONIST,C-C chemokine receptor type 5 antagonist,4
CHEMBL36,PYRIMETHAMINE,CCc1nc(N)nc(N)c1-c1ccc(Cl)cc1,CHEMBL1939,Bifunctional dihydrofolate reductase-thymidylate synthase,INHIBITOR,Dihydrofolate reductase inhibitor,4
CHEMBL3989825,CYCLOGUANIL PAMOATE,CC1(C)N=C(N)N=C(N)N1c1ccc(Cl)cc1.CC1(C)N=C(N)N=C(N)N1c1ccc(Cl)cc1.O=C(O)c1cc2ccccc2c(Cc2c(O)c(C(=O)O)cc3ccccc23)c1O,CHEMBL1939,Bifunctional dihydrofolate reductase-thymidylate synthase,INHIBITOR,Dihydrofolate reductase inhibitor,2
CHEMBL1201059,PROGUANIL HYDROCHLORIDE,CC(C)NC(=N)NC(=N)Nc1ccc(Cl)cc1.Cl,CHEMBL1939,Bifunctional dihydrofolate reductase-thymidylate synthase,INHIBITOR,Dihydrofolate reductase inhibitor,4
CHEMBL902,FAMOTIDINE,NC(N)=Nc1nc(CSCC/C(N)=N/S(N)(=O)=O)cs1,CHEMBL1941,Histamine H2 receptor,ANTAGONIST,Histamine H2 receptor antagonist,4
CHEMBL3183075,NIZATIDINE,CNC(=C[N+](=O)[O-])NCCSCc1csc(CN(C)C)n1,CHEMBL1941,Histamine H2 receptor,ANTAGONIST,Histamine H2 receptor antagonist,4
CHEMBL2110372,RANITIDINE HYDROCHLORIDE,CNC(=C[N+](=O)[O-])NCCSCc1ccc(CN(C)C)o1.Cl,CHEMBL1941,Histamine H2 receptor,ANTAGONIST,Histamine H2 receptor antagonist,4
CHEMBL30,CIMETIDINE,CN/C(=N\CCSCc1nc[nH]c1C)NC#N,CHEMBL1941,Histamine H2 receptor,ANTAGONIST,Histamine H2 receptor antagonist,4
CHEMBL2111286,RANITIDINE BISMUTH CITRATE,CNC(=C[N+](=O)[O-])NCCSCc1ccc(CN(C)C)o1.O=C([O-])CC(O)(CC(=O)[O-])C(=O)[O-].[Bi+3],CHEMBL1941,Histamine H2 receptor,ANTAGONIST,Histamine H2 receptor antagonist,4
CHEMBL227529,ALOGLIPTIN BENZOATE,Cn1c(=O)cc(N2CCC[C@@H](N)C2)n(Cc2ccccc2C#N)c1=O.O=C(O)c1ccccc1,CHEMBL284,Dipeptidyl peptidase 4,INHIBITOR,Dipeptidyl peptidase IV inhibitor,4
CHEMBL1201174,SITAGLIPTIN PHOSPHATE,N[C@@H](CC(=O)N1CCn2c(nnc2C(F)(F)F)C1)Cc1cc(F)c(F)cc1F.O.O=P(O)(O)O,CHEMBL284,Dipeptidyl peptidase 4,INHIBITOR,Dipeptidyl peptidase IV inhibitor,4
CHEMBL237500,LINAGLIPTIN,CC#CCn1c(N2CCC[C@@H](N)C2)nc2c1c(=O)n(Cc1nc(C)c3ccccc3n1)c(=O)n2C,CHEMBL284,Dipeptidyl peptidase 4,INHIBITOR,Dipeptidyl peptidase IV inhibitor,4
CHEMBL1201743,SAXAGLIPTIN HYDROCHLORIDE,Cl.N#C[C@@H]1C[C@@H]2C[C@@H]2N1C(=O)[C@@H](N)C12CC3CC(CC(O)(C3)C1)C2,CHEMBL284,Dipeptidyl peptidase 4,INHIBITOR,Dipeptidyl peptidase IV inhibitor,4
CHEMBL1200399,BUSPIRONE HYDROCHLORIDE,Cl.O=C1CC2(CCCC2)CC(=O)N1CCCCN1CCN(c2ncccn2)CC1,CHEMBL214,5-hydroxytryptamine receptor 1A,PARTIAL AGONIST,Serotonin 1a (5-HT1a) receptor partial agonist,4
CHEMBL2311030,ERGOLOID MESYLATES,CC(C)C[C@H]1C(=O)N2CCC[C@H]2[C@]2(O)O[C@](NC(=O)[C@@H]3C[C@@H]4c5cccc6[nH]cc(c56)C[C@H]4N(C)C3)(C(C)C)C(=O)N12.CC(C)[C@@]1(NC(=O)[C@@H]2C[C@@H]3c4cccc5[nH]cc(c45)C[C@H]3N(C)C2)O[C@@]2(O)[C@@H]3CCCN3C(=O)[C@H](Cc3ccccc3)N2C1=O.CC(C)[C@H]1C(=O)N2CCC[C@H]2[C@]2(O)O[C@](NC(=O)[C@@H]3C[C@@H]4c5cccc6[nH]cc(c56)C[C@H]4N(C)C3)(C(C)C)C(=O)N12.CCC(C)[C@H]1C(=O)N2CCC[C@H]2[C@]2(O)O[C@](NC(=O)[C@@H]3C[C@@H]4c5cccc6[nH]cc(c56)C[C@H]4N(C)C3)(C(C)C)C(=O)N12.CS(=O)(=O)O.CS(=O)(=O)O.CS(=O)(=O)O.CS(=O)(=O)O,CHEMBL214,5-hydroxytryptamine receptor 1A,AGONIST,Serotonin 1a (5-HT1a) receptor agonist,4
CHEMBL1112,ARIPIPRAZOLE,O=C1CCc2ccc(OCCCCN3CCN(c4cccc(Cl)c4Cl)CC3)cc2N1,CHEMBL214,5-hydroxytryptamine receptor 1A,PARTIAL AGONIST,Serotonin 1a (5-HT1a) receptor partial agonist,4
CHEMBL1615374,VILAZODONE HYDROCHLORIDE,Cl.N#Cc1ccc2[nH]cc(CCCCN3CCN(c4ccc5oc(C(N)=O)cc5c4)CC3)c2c1,CHEMBL214,5-hydroxytryptamine receptor 1A,PARTIAL AGONIST,Serotonin 1a (5-HT1a) receptor partial agonist,4
CHEMBL160,CYCLOSPORINE,C/C=C/C[C@@H](C)[C@@H](O)[C@H]1C(=O)N[C@@H](CC)C(=O)N(C)CC(=O)N(C)[C@@H](CC(C)C)C(=O)N[C@@H](C(C)C)C(=O)N(C)[C@@H](CC(C)C)C(=O)N[C@@H](C)C(=O)N[C@H](C)C(=O)N(C)[C@@H](CC(C)C)C(=O)N(C)[C@@H](CC(C)C)C(=O)N(C)[C@@H](C(C)C)C(=O)N1C,CHEMBL1949,Peptidyl-prolyl cis-trans isomerase A,MODULATOR,Cyclophilin A modulator,4
CHEMBL1200644,FONDAPARINUX SODIUM,CO[C@H]1O[C@H](COS(=O)(=O)[O-])[C@@H](O[C@@H]2O[C@@H](C(=O)[O-])[C@@H](O[C@H]3O[C@H](COS(=O)(=O)[O-])[C@@H](O[C@@H]4O[C@H](C(=O)[O-])[C@@H](O[C@H]5O[C@H](COS(=O)(=O)[O-])[C@@H](O)[C@H](O)[C@H]5NS(=O)(=O)[O-])[C@H](O)[C@H]4O)[C@H](OS(=O)(=O)[O-])[C@H]3NS(=O)(=O)[O-])[C@H](O)[C@H]2OS(=O)(=O)[O-])[C@H](O)[C@H]1NS(=O)(=O)[O-].[Na+].[Na+].[Na+].[Na+].[Na+].[Na+].[Na+].[Na+].[Na+].[Na+],CHEMBL1950,Antithrombin-III,ACTIVATOR,Antithrombin-III activator,4
CHEMBL917,FLOXURIDINE,O=c1[nH]c(=O)n([C@H]2C[C@H](O)[C@@H](CO)O2)cc1F,CHEMBL1952,Thymidylate synthase,INHIBITOR,Thymidylate synthase inhibitor,4
CHEMBL2360464,PEMETREXED DISODIUM,Nc1nc2[nH]cc(CCc3ccc(C(=O)N[C@@H](CCC(=O)[O-])C(=O)[O-])cc3)c2c(=O)[nH]1.[Na+].[Na+],CHEMBL1952,Thymidylate synthase,INHIBITOR,Thymidylate synthase inhibitor,4
CHEMBL1773,CAPECITABINE,CCCCCOC(=O)Nc1nc(=O)n([C@@H]2O[C@H](C)[C@@H](O)[C@H]2O)cc1F,CHEMBL1952,Thymidylate synthase,INHIBITOR,Thymidylate synthase inhibitor,4
CHEMBL185,FLUOROURACIL,O=c1[nH]cc(F)c(=O)[nH]1,CHEMBL1952,Thymidylate synthase,INHIBITOR,Thymidylate synthase inhibitor,4
CHEMBL2103784,COSYNTROPIN,CSCC[C@H](NC(=O)[C@H](CO)NC(=O)[C@H](Cc1ccc(O)cc1)NC(=O)[C@@H](N)CO)C(=O)N[C@@H](CCC(=O)O)C(=O)N[C@@H](Cc1c[nH]cn1)C(=O)N[C@@H](Cc1ccccc1)C(=O)N[C@@H](CCCNC(=N)N)C(=O)N[C@@H](Cc1c[nH]c2ccccc12)C(=O)NCC(=O)N[C@@H](CCCCN)C(=O)N1CCC[C@H]1C(=O)N[C@H](C(=O)NCC(=O)N[C@@H](CCCCN)C(=O)N[C@@H](CCCCN)C(=O)N[C@@H](CCCNC(=N)N)C(=O)N[C@@H](CCCNC(=N)N)C(=O)N1CCC[C@H]1C(=O)N[C@H](C(=O)N[C@@H](CCCCN)C(=O)N[C@H](C(=O)N[C@@H](Cc1ccc(O)cc1)C(=O)N1CCC[C@H]1C(=O)O)C(C)C)C(C)C)C(C)C,CHEMBL1965,Adrenocorticotropic hormone receptor,AGONIST,Melanocortin receptor 2 agonist,4
CHEMBL960,LEFLUNOMIDE,Cc1oncc1C(=O)Nc1ccc(C(F)(F)F)cc1,CHEMBL1966,"Dihydroorotate dehydrogenase (quinone), mitochondrial",INHIBITOR,Dihydroorotate dehydrogenase inhibitor,4
CHEMBL973,TERIFLUNOMIDE,C/C(O)=C(\C#N)C(=O)Nc1ccc(C(F)(F)F)cc1,CHEMBL1966,"Dihydroorotate dehydrogenase (quinone), mitochondrial",INHIBITOR,Dihydroorotate dehydrogenase inhibitor,4
CHEMBL1200862,METYROSINE,C[C@](N)(Cc1ccc(O)cc1)C(=O)O,CHEMBL1969,Tyrosine 3-monooxygenase,INHIBITOR,Tyrosine 3-hydroxylase inhibitor,4
CHEMBL473,DOFETILIDE,CN(CCOc1ccc(NS(C)(=O)=O)cc1)CCc1ccc(NS(C)(=O)=O)cc1,CHEMBL240,Voltage-gated inwardly rectifying potassium channel KCNH2,BLOCKER,HERG blocker,4
CHEMBL1083993,AMIODARONE HYDROCHLORIDE,CCCCc1oc2ccccc2c1C(=O)c1cc(I)c(OCCN(CC)CC)c(I)c1.Cl,CHEMBL240,Voltage-gated inwardly rectifying potassium channel KCNH2,BLOCKER,HERG blocker,4
CHEMBL1700,SOTALOL HYDROCHLORIDE,CC(C)NCC(O)c1ccc(NS(C)(=O)=O)cc1.Cl,CHEMBL240,Voltage-gated inwardly rectifying potassium channel KCNH2,BLOCKER,HERG blocker,4
CHEMBL1256818,DEXTROMETHORPHAN HYDROBROMIDE,Br.COc1ccc2c(c1)[C@]13CCCC[C@@H]1[C@H](C2)N(C)CC3.O,CHEMBL1972,"Glutamate receptor ionotropic, NMDA 2A",ANTAGONIST,Glutamate [NMDA] receptor subunit epsilon 1 antagonist,4
CHEMBL1200485,SORAFENIB TOSYLATE,CNC(=O)c1cc(Oc2ccc(NC(=O)Nc3ccc(Cl)c(C(F)(F)F)c3)cc2)ccn1.Cc1ccc(S(=O)(=O)O)cc1,CHEMBL1974,Receptor-type tyrosine-protein kinase FLT3,INHIBITOR,Tyrosine-protein kinase receptor FLT3 inhibitor,4
CHEMBL1567,SUNITINIB MALATE,CCN(CC)CCNC(=O)c1c(C)[nH]c(/C=C2\C(=O)Nc3ccc(F)cc32)c1C.O=C(O)C[C@H](O)C(=O)O,CHEMBL1974,Receptor-type tyrosine-protein kinase FLT3,INHIBITOR,Tyrosine-protein kinase receptor FLT3 inhibitor,4
CHEMBL1042,CHOLECALCIFEROL,C=C1CC[C@H](O)C/C1=C/C=C1\CCC[C@]2(C)[C@@H]([C@H](C)CCCC(C)C)CC[C@@H]12,CHEMBL1977,Vitamin D3 receptor,AGONIST,Vitamin D receptor agonist,4
CHEMBL1536,ERGOCALCIFEROL,C=C1CC[C@H](O)C/C1=C/C=C1\CCC[C@]2(C)[C@@H]([C@H](C)/C=C/[C@H](C)C(C)C)CC[C@@H]12,CHEMBL1977,Vitamin D3 receptor,AGONIST,Vitamin D receptor agonist,4
CHEMBL1200666,CALCIPOTRIENE,C=C1/C(=C\C=C2/CCC[C@]3(C)[C@@H]([C@H](C)/C=C/[C@@H](O)C4CC4)CC[C@@H]23)C[C@@H](O)C[C@@H]1O,CHEMBL1977,Vitamin D3 receptor,AGONIST,Vitamin D receptor agonist,4
CHEMBL1200622,PARICALCITOL,C[C@H](/C=C/[C@H](C)C(C)(C)O)[C@H]1CC[C@H]2/C(=C/C=C3C[C@@H](O)C[C@H](O)C3)CCC[C@]12C,CHEMBL1977,Vitamin D3 receptor,AGONIST,Vitamin D receptor agonist,4
CHEMBL846,CALCITRIOL,C=C1/C(=C\C=C2/CCC[C@]3(C)[C@@H]([C@H](C)CCCC(C)(C)O)CC[C@@H]23)C[C@@H](O)C[C@@H]1O,CHEMBL1977,Vitamin D3 receptor,AGONIST,Vitamin D receptor agonist,4
CHEMBL3544909,CALCIFEDIOL,C=C1CC[C@H](O)C/C1=C/C=C1\CCC[C@]2(C)[C@@H]([C@H](C)CCCC(C)(C)O)CC[C@@H]12.O,CHEMBL1977,Vitamin D3 receptor,AGONIST,Vitamin D receptor agonist,4
CHEMBL1200810,DOXERCALCIFEROL,C=C1/C(=C\C=C2/CCC[C@]3(C)[C@@H]([C@H](C)/C=C/[C@H](C)C(C)C)CC[C@@H]23)C[C@@H](O)C[C@@H]1O,CHEMBL1977,Vitamin D3 receptor,AGONIST,Vitamin D receptor agonist,4
CHEMBL1571,TESTOLACTONE,C[C@]12C=CC(=O)C=C1CC[C@@H]1[C@@H]2CC[C@]2(C)OC(=O)CC[C@@H]12,CHEMBL1978,Aromatase,INHIBITOR,Cytochrome P450 19A1 inhibitor,4
CHEMBL1399,ANASTROZOLE,CC(C)(C#N)c1cc(Cn2cncn2)cc(C(C)(C)C#N)c1,CHEMBL1978,Aromatase,INHIBITOR,Cytochrome P450 19A1 inhibitor,4
CHEMBL1444,LETROZOLE,N#Cc1ccc(C(c2ccc(C#N)cc2)n2cncn2)cc1,CHEMBL1978,Aromatase,INHIBITOR,Cytochrome P450 19A1 inhibitor,4
CHEMBL1200374,EXEMESTANE,C=C1C[C@@H]2[C@H](CC[C@]3(C)C(=O)CC[C@@H]23)[C@@]2(C)C=CC(=O)C=C12,CHEMBL1978,Aromatase,INHIBITOR,Cytochrome P450 19A1 inhibitor,4
CHEMBL488,AMINOGLUTETHIMIDE,CCC1(c2ccc(N)cc2)CCC(=O)NC1=O,CHEMBL1978,Aromatase,INHIBITOR,Cytochrome P450 19A1 inhibitor,4
CHEMBL1200822,FLECAINIDE ACETATE,CC(=O)O.O=C(NCC1CCCCN1)c1cc(OCC(F)(F)F)ccc1OCC(F)(F)F,CHEMBL1980,Sodium channel protein type 5 subunit alpha,BLOCKER,Sodium channel protein type V alpha subunit blocker,4
CHEMBL1404,RANOLAZINE,COc1ccccc1OCC(O)CN1CCN(CC(=O)Nc2c(C)cccc2C)CC1,CHEMBL1980,Sodium channel protein type 5 subunit alpha,BLOCKER,Sodium channel protein type V alpha subunit blocker,4
CHEMBL2104391,INSULIN DETEMIR,CCCCCCCCCCCCCC(=O)NCCCC[C@H](NC(=O)[C@@H]1CCCN1C(=O)[C@@H](NC(=O)[C@H](Cc1ccc(O)cc1)NC(=O)[C@H](Cc1ccccc1)NC(=O)[C@H](Cc1ccccc1)NC(=O)CNC(=O)[C@H](CCCNC(=N)N)NC(=O)[C@H](CCC(=O)O)NC(=O)CNC(=O)[C@@H]1CSSC[C@@H](C(=O)N[C@@H](CC(N)=O)C(=O)O)NC(=O)[C@H](Cc2ccc(O)cc2)NC(=O)[C@H](CC(N)=O)NC(=O)[C@H](CCC(=O)O)NC(=O)[C@H](CC(C)C)NC(=O)[C@H](CCC(N)=O)NC(=O)[C@H](Cc2ccc(O)cc2)NC(=O)[C@H](CC(C)C)NC(=O)[C@H](CO)NC(=O)[C@@H]2CSSC[C@H](NC(=O)[C@H](CCC(N)=O)NC(=O)[C@H](CCC(=O)O)NC(=O)[C@@H](NC(=O)[C@@H](NC(=O)CN)[C@@H](C)CC)C(C)C)C(=O)N[C@@H](CSSC[C@H](NC(=O)[C@H](CC(C)C)NC(=O)[C@H](Cc3c[nH]cn3)NC(=O)[C@H](CCC(N)=O)NC(=O)[C@H](CC(N)=O)NC(=O)[C@@H](NC(=O)[C@@H](N)Cc3ccccc3)C(C)C)C(=O)NCC(=O)N[C@@H](CO)C(=O)N[C@@H](Cc3c[nH]cn3)C(=O)N[C@@H](CC(C)C)C(=O)N[C@@H](C(C)C)C(=O)N[C@@H](CCC(=O)O)C(=O)N[C@@H](C)C(=O)N[C@@H](CC(C)C)C(=O)N[C@@H](Cc3ccc(O)cc3)C(=O)N[C@@H](CC(C)C)C(=O)N[C@@H](C(C)C)C(=O)N1)C(=O)N[C@@H]([C@@H](C)O)C(=O)N[C@@H](CO)C(=O)N[C@@H]([C@@H](C)CC)C(=O)N2)[C@@H](C)O)C(=O)O,CHEMBL1981,Insulin receptor,AGONIST,Insulin receptor agonist,4
CHEMBL719,MUPIROCIN,C/C(=C\C(=O)OCCCCCCCCC(=O)O)C[C@@H]1OC[C@H](C[C@@H]2O[C@H]2[C@@H](C)[C@H](C)O)[C@@H](O)[C@H]1O,CHEMBL1982,Isoleucine--tRNA ligase,INHIBITOR,Isoleucyl-tRNA synthetase inhibitor,4
CHEMBL3989715,MUPIROCIN CALCIUM,C/C(=C\C(=O)OCCCCCCCCC(=O)[O-])C[C@@H]1OC[C@H](C[C@@H]2O[C@H]2[C@@H](C)[C@H](C)O)[C@@H](O)[C@H]1O.C/C(=C\C(=O)OCCCCCCCCC(=O)[O-])C[C@@H]1OC[C@H](C[C@@H]2O[C@H]2[C@@H](C)[C@H](C)O)[C@@H](O)[C@H]1O.O.O.[Ca+2],CHEMBL1982,Isoleucine--tRNA ligase,INHIBITOR,Isoleucyl-tRNA synthetase inhibitor,4
CHEMBL1200517,DIHYDROERGOTAMINE MESYLATE,CN1C[C@H](C(=O)N[C@]2(C)O[C@@]3(O)[C@@H]4CCCN4C(=O)[C@H](Cc4ccccc4)N3C2=O)C[C@@H]2c3cccc4[nH]cc(c34)C[C@H]21.CS(=O)(=O)O,CHEMBL1983,5-hydroxytryptamine receptor 1D,AGONIST,Serotonin 1d (5-HT1d) receptor agonist,4
CHEMBL2448612,ERGOTAMINE TARTRATE,CN1C[C@H](C(=O)N[C@]2(C)O[C@@]3(O)[C@@H]4CCCN4C(=O)[C@H](Cc4ccccc4)N3C2=O)C=C2c3cccc4[nH]cc(c34)C[C@H]21.CN1C[C@H](C(=O)N[C@]2(C)O[C@@]3(O)[C@@H]4CCCN4C(=O)[C@H](Cc4ccccc4)N3C2=O)C=C2c3cccc4[nH]cc(c34)C[C@H]21.O=C(O)C(O)C(O)C(=O)O,CHEMBL1983,5-hydroxytryptamine receptor 1D,AGONIST,Serotonin 1d (5-HT1d) receptor agonist,4
CHEMBL1201003,ELETRIPTAN HYDROBROMIDE,Br.CN1CCC[C@@H]1Cc1c[nH]c2ccc(CCS(=O)(=O)c3ccccc3)cc12,CHEMBL1983,5-hydroxytryptamine receptor 1D,AGONIST,Serotonin 1d (5-HT1d) receptor agonist,4
CHEMBL1200601,NARATRIPTAN HYDROCHLORIDE,CNS(=O)(=O)CCc1ccc2[nH]cc(C3CCN(C)CC3)c2c1.Cl,CHEMBL1983,5-hydroxytryptamine receptor 1D,AGONIST,Serotonin 1d (5-HT1d) receptor agonist,4
CHEMBL1185,ZOLMITRIPTAN,CN(C)CCc1c[nH]c2ccc(C[C@H]3COC(=O)N3)cc12,CHEMBL1983,5-hydroxytryptamine receptor 1D,AGONIST,Serotonin 1d (5-HT1d) receptor agonist,4
CHEMBL1200521,ALMOTRIPTAN MALATE,CN(C)CCc1c[nH]c2ccc(CS(=O)(=O)N3CCCC3)cc12.O=C(O)CC(O)C(=O)O,CHEMBL1983,5-hydroxytryptamine receptor 1D,AGONIST,Serotonin 1d (5-HT1d) receptor agonist,4
CHEMBL2138684,FROVATRIPTAN SUCCINATE,CN[C@@H]1CCc2[nH]c3ccc(C(N)=O)cc3c2C1.O.O=C(O)CCC(=O)O,CHEMBL1983,5-hydroxytryptamine receptor 1D,AGONIST,Serotonin 1d (5-HT1d) receptor agonist,4
CHEMBL1201032,RIZATRIPTAN BENZOATE,CN(C)CCc1c[nH]c2ccc(Cn3cncn3)cc12.O=C(O)c1ccccc1,CHEMBL1983,5-hydroxytryptamine receptor 1D,AGONIST,Serotonin 1d (5-HT1d) receptor agonist,4
CHEMBL1201150,SUMATRIPTAN SUCCINATE,CNS(=O)(=O)Cc1ccc2[nH]cc(CCN(C)C)c2c1.O=C(O)CCC(=O)O,CHEMBL1983,5-hydroxytryptamine receptor 1D,AGONIST,Serotonin 1d (5-HT1d) receptor agonist,4
CHEMBL128,SUMATRIPTAN,CNS(=O)(=O)Cc1ccc2[nH]cc(CCN(C)C)c2c1,CHEMBL1983,5-hydroxytryptamine receptor 1D,AGONIST,Serotonin 1d (5-HT1d) receptor agonist,4
CHEMBL831,LOXAPINE,CN1CCN(C2=Nc3ccccc3Oc3ccc(Cl)cc32)CC1,CHEMBL224,5-hydroxytryptamine receptor 2A,ANTAGONIST,Serotonin 2a (5-HT2a) receptor antagonist,4
CHEMBL908,CHLORPROTHIXENE,CN(C)CC/C=C1/c2ccccc2Sc2ccc(Cl)cc21,CHEMBL224,5-hydroxytryptamine receptor 2A,ANTAGONIST,Serotonin 2a (5-HT2a) receptor antagonist,4
CHEMBL42,CLOZAPINE,CN1CCN(C2=Nc3cc(Cl)ccc3Nc3ccccc32)CC1,CHEMBL224,5-hydroxytryptamine receptor 2A,ANTAGONIST,Serotonin 2a (5-HT2a) receptor antagonist,4
CHEMBL1200636,CYCLOBENZAPRINE HYDROCHLORIDE,CN(C)CCC=C1c2ccccc2C=Cc2ccccc21.Cl,CHEMBL224,5-hydroxytryptamine receptor 2A,ANTAGONIST,Serotonin 2a (5-HT2a) receptor antagonist,4
CHEMBL71,CHLORPROMAZINE,CN(C)CCCN1c2ccccc2Sc2ccc(Cl)cc21,CHEMBL224,5-hydroxytryptamine receptor 2A,ANTAGONIST,Serotonin 2a (5-HT2a) receptor antagonist,4
CHEMBL1200798,TRAZODONE HYDROCHLORIDE,Cl.O=c1n(CCCN2CCN(c3cccc(Cl)c3)CC2)nc2ccccn12,CHEMBL224,5-hydroxytryptamine receptor 2A,ANTAGONIST,Serotonin 2a (5-HT2a) receptor antagonist,4
CHEMBL1108,DROPERIDOL,O=C(CCCN1CC=C(n2c(=O)[nH]c3ccccc32)CC1)c1ccc(F)cc1,CHEMBL224,5-hydroxytryptamine receptor 2A,ANTAGONIST,Serotonin 2a (5-HT2a) receptor antagonist,4
CHEMBL1112,ARIPIPRAZOLE,O=C1CCc2ccc(OCCCCN3CCN(c4cccc(Cl)c4Cl)CC3)cc2N1,CHEMBL224,5-hydroxytryptamine receptor 2A,ANTAGONIST,Serotonin 2a (5-HT2a) receptor antagonist,4
CHEMBL3544974,ASENAPINE MALEATE,CN1CC2c3ccccc3Oc3ccc(Cl)cc3C2C1.O=C(O)/C=C\C(=O)O,CHEMBL224,5-hydroxytryptamine receptor 2A,ANTAGONIST,Serotonin 2a (5-HT2a) receptor antagonist,4
CHEMBL1201155,LOXAPINE SUCCINATE,CN1CCN(C2=Nc3ccccc3Oc3ccc(Cl)cc32)CC1.O=C(O)CCC(=O)O,CHEMBL224,5-hydroxytryptamine receptor 2A,ANTAGONIST,Serotonin 2a (5-HT2a) receptor antagonist,4
CHEMBL1615372,LURASIDONE HYDROCHLORIDE,Cl.O=C1[C@@H]2[C@H]3CC[C@H](C3)[C@@H]2C(=O)N1C[C@@H]1CCCC[C@H]1CN1CCN(c2nsc3ccccc23)CC1,CHEMBL224,5-hydroxytryptamine receptor 2A,ANTAGONIST,Serotonin 2a (5-HT2a) receptor antagonist,4
CHEMBL654,MIRTAZAPINE,CN1CCN2c3ncccc3Cc3ccccc3C2C1,CHEMBL224,5-hydroxytryptamine receptor 2A,ANTAGONIST,Serotonin 2a (5-HT2a) receptor antagonist,4
CHEMBL1200419,MOLINDONE HYDROCHLORIDE,CCc1c(C)[nH]c2c1C(=O)C(CN1CCOCC1)CC2.Cl,CHEMBL224,5-hydroxytryptamine receptor 2A,ANTAGONIST,Serotonin 2a (5-HT2a) receptor antagonist,4
CHEMBL1200492,NEFAZODONE HYDROCHLORIDE,CCc1nn(CCCN2CCN(c3cccc(Cl)c3)CC2)c(=O)n1CCOc1ccccc1.Cl,CHEMBL224,5-hydroxytryptamine receptor 2A,ANTAGONIST,Serotonin 2a (5-HT2a) receptor antagonist,4
CHEMBL715,OLANZAPINE,Cc1cc2c(s1)Nc1ccccc1N=C2N1CCN(C)CC1,CHEMBL224,5-hydroxytryptamine receptor 2A,ANTAGONIST,Serotonin 2a (5-HT2a) receptor antagonist,4
CHEMBL3989694,OLANZAPINE PAMOATE,Cc1cc2c(s1)Nc1ccccc1N=C2N1CCN(C)CC1.O.O=C(O)c1cc2ccccc2c(Cc2c(O)c(C(=O)O)cc3ccccc23)c1O,CHEMBL224,5-hydroxytryptamine receptor 2A,ANTAGONIST,Serotonin 2a (5-HT2a) receptor antagonist,4
CHEMBL1621,PALIPERIDONE,Cc1nc2n(c(=O)c1CCN1CCC(c3noc4cc(F)ccc34)CC1)CCCC2O,CHEMBL224,5-hydroxytryptamine receptor 2A,ANTAGONIST,Serotonin 2a (5-HT2a) receptor antagonist,4
CHEMBL2107360,PALIPERIDONE PALMITATE,CCCCCCCCCCCCCCCC(=O)OC1CCCn2c1nc(C)c(CCN1CCC(c3noc4cc(F)ccc34)CC1)c2=O,CHEMBL224,5-hydroxytryptamine receptor 2A,ANTAGONIST,Serotonin 2a (5-HT2a) receptor antagonist,4
CHEMBL3188993,QUETIAPINE FUMARATE,O=C(O)/C=C/C(=O)O.OCCOCCN1CCN(C2=Nc3ccccc3Sc3ccccc32)CC1.OCCOCCN1CCN(C2=Nc3ccccc3Sc3ccccc32)CC1,CHEMBL224,5-hydroxytryptamine receptor 2A,ANTAGONIST,Serotonin 2a (5-HT2a) receptor antagonist,4
CHEMBL1423,PIMOZIDE,O=c1[nH]c2ccccc2n1C1CCN(CCCC(c2ccc(F)cc2)c2ccc(F)cc2)CC1,CHEMBL224,5-hydroxytryptamine receptor 2A,ANTAGONIST,Serotonin 2a (5-HT2a) receptor antagonist,4
CHEMBL85,RISPERIDONE,Cc1nc2n(c(=O)c1CCN1CCC(c3noc4cc(F)ccc34)CC1)CCCC2,CHEMBL224,5-hydroxytryptamine receptor 2A,ANTAGONIST,Serotonin 2a (5-HT2a) receptor antagonist,4
CHEMBL54,HALOPERIDOL,O=C(CCCN1CCC(O)(c2ccc(Cl)cc2)CC1)c1ccc(F)cc1,CHEMBL224,5-hydroxytryptamine receptor 2A,ANTAGONIST,Serotonin 2a (5-HT2a) receptor antagonist,4
CHEMBL1200986,HALOPERIDOL DECANOATE,CCCCCCCCCC(=O)OC1(c2ccc(Cl)cc2)CCN(CCCC(=O)c2ccc(F)cc2)CC1,CHEMBL224,5-hydroxytryptamine receptor 2A,ANTAGONIST,Serotonin 2a (5-HT2a) receptor antagonist,4
CHEMBL4297147,HALOPERIDOL LACTATE,CC(O)C(=O)O.O=C(CCCN1CCC(O)(c2ccc(Cl)cc2)CC1)c1ccc(F)cc1,CHEMBL224,5-hydroxytryptamine receptor 2A,ANTAGONIST,Serotonin 2a (5-HT2a) receptor antagonist,4
CHEMBL14376,ILOPERIDONE,COc1cc(C(C)=O)ccc1OCCCN1CCC(c2noc3cc(F)ccc23)CC1,CHEMBL224,5-hydroxytryptamine receptor 2A,ANTAGONIST,Serotonin 2a (5-HT2a) receptor antagonist,4
CHEMBL479,THIORIDAZINE,CSc1ccc2c(c1)N(CCC1CCCCN1C)c1ccccc1S2,CHEMBL224,5-hydroxytryptamine receptor 2A,ANTAGONIST,Serotonin 2a (5-HT2a) receptor antagonist,4
CHEMBL1201,THIOTHIXENE,CN1CCN(CC/C=C2/c3ccccc3Sc3ccc(S(=O)(=O)N(C)C)cc32)CC1,CHEMBL224,5-hydroxytryptamine receptor 2A,ANTAGONIST,Serotonin 2a (5-HT2a) receptor antagonist,4
CHEMBL1257040,TRIFLUOPERAZINE HYDROCHLORIDE,CN1CCN(CCCN2c3ccccc3Sc3ccc(C(F)(F)F)cc32)CC1.Cl.Cl,CHEMBL224,5-hydroxytryptamine receptor 2A,ANTAGONIST,Serotonin 2a (5-HT2a) receptor antagonist,4
CHEMBL1375743,ZIPRASIDONE HYDROCHLORIDE,Cl.O.O=C1Cc2cc(CCN3CCN(c4nsc5ccccc45)CC3)c(Cl)cc2N1,CHEMBL224,5-hydroxytryptamine receptor 2A,ANTAGONIST,Serotonin 2a (5-HT2a) receptor antagonist,4
CHEMBL3989833,ZIPRASIDONE MESYLATE,CS(=O)(=O)O.O.O.O.O=C1Cc2cc(CCN3CCN(c4nsc5ccccc45)CC3)c(Cl)cc2N1,CHEMBL224,5-hydroxytryptamine receptor 2A,ANTAGONIST,Serotonin 2a (5-HT2a) receptor antagonist,4
CHEMBL831,LOXAPINE,CN1CCN(C2=Nc3ccccc3Oc3ccc(Cl)cc32)CC1,CHEMBL225,5-hydroxytryptamine receptor 2C,ANTAGONIST,Serotonin 2c (5-HT2c) receptor antagonist,4
CHEMBL2095211,LORCASERIN HYDROCHLORIDE,C[C@H]1CNCCc2ccc(Cl)cc21.Cl,CHEMBL225,5-hydroxytryptamine receptor 2C,AGONIST,Serotonin 2c (5-HT2c) receptor agonist,4
CHEMBL654,MIRTAZAPINE,CN1CCN2c3ncccc3Cc3ccccc3C2C1,CHEMBL225,5-hydroxytryptamine receptor 2C,ANTAGONIST,Serotonin 2c (5-HT2c) receptor antagonist,4
CHEMBL1200492,NEFAZODONE HYDROCHLORIDE,CCc1nn(CCCN2CCN(c3cccc(Cl)c3)CC2)c(=O)n1CCOc1ccccc1.Cl,CHEMBL225,5-hydroxytryptamine receptor 2C,ANTAGONIST,Serotonin 2c (5-HT2c) receptor antagonist,4
CHEMBL715,OLANZAPINE,Cc1cc2c(s1)Nc1ccccc1N=C2N1CCN(C)CC1,CHEMBL225,5-hydroxytryptamine receptor 2C,ANTAGONIST,Serotonin 2c (5-HT2c) receptor antagonist,4
CHEMBL3989694,OLANZAPINE PAMOATE,Cc1cc2c(s1)Nc1ccccc1N=C2N1CCN(C)CC1.O.O=C(O)c1cc2ccccc2c(Cc2c(O)c(C(=O)O)cc3ccccc23)c1O,CHEMBL225,5-hydroxytryptamine receptor 2C,ANTAGONIST,Serotonin 2c (5-HT2c) receptor antagonist,4
CHEMBL3188993,QUETIAPINE FUMARATE,O=C(O)/C=C/C(=O)O.OCCOCCN1CCN(C2=Nc3ccccc3Sc3ccccc32)CC1.OCCOCCN1CCN(C2=Nc3ccccc3Sc3ccccc32)CC1,CHEMBL225,5-hydroxytryptamine receptor 2C,ANTAGONIST,Serotonin 2c (5-HT2c) receptor antagonist,4
CHEMBL85,RISPERIDONE,Cc1nc2n(c(=O)c1CCN1CCC(c3noc4cc(F)ccc34)CC1)CCCC2,CHEMBL225,5-hydroxytryptamine receptor 2C,ANTAGONIST,Serotonin 2c (5-HT2c) receptor antagonist,4
CHEMBL479,THIORIDAZINE,CSc1ccc2c(c1)N(CCC1CCCCN1C)c1ccccc1S2,CHEMBL225,5-hydroxytryptamine receptor 2C,ANTAGONIST,Serotonin 2c (5-HT2c) receptor antagonist,4
CHEMBL1200798,TRAZODONE HYDROCHLORIDE,Cl.O=c1n(CCCN2CCN(c3cccc(Cl)c3)CC2)nc2ccccn12,CHEMBL225,5-hydroxytryptamine receptor 2C,ANTAGONIST,Serotonin 2c (5-HT2c) receptor antagonist,4
CHEMBL1257040,TRIFLUOPERAZINE HYDROCHLORIDE,CN1CCN(CCCN2c3ccccc3Sc3ccc(C(F)(F)F)cc32)CC1.Cl.Cl,CHEMBL225,5-hydroxytryptamine receptor 2C,ANTAGONIST,Serotonin 2c (5-HT2c) receptor antagonist,4
CHEMBL1375743,ZIPRASIDONE HYDROCHLORIDE,Cl.O.O=C1Cc2cc(CCN3CCN(c4nsc5ccccc45)CC3)c(Cl)cc2N1,CHEMBL225,5-hydroxytryptamine receptor 2C,ANTAGONIST,Serotonin 2c (5-HT2c) receptor antagonist,4
CHEMBL3989833,ZIPRASIDONE MESYLATE,CS(=O)(=O)O.O.O.O.O=C1Cc2cc(CCN3CCN(c4nsc5ccccc45)CC3)c(Cl)cc2N1,CHEMBL225,5-hydroxytryptamine receptor 2C,ANTAGONIST,Serotonin 2c (5-HT2c) receptor antagonist,4
CHEMBL908,CHLORPROTHIXENE,CN(C)CC/C=C1/c2ccccc2Sc2ccc(Cl)cc21,CHEMBL225,5-hydroxytryptamine receptor 2C,ANTAGONIST,Serotonin 2c (5-HT2c) receptor antagonist,4
CHEMBL1200636,CYCLOBENZAPRINE HYDROCHLORIDE,CN(C)CCC=C1c2ccccc2C=Cc2ccccc21.Cl,CHEMBL225,5-hydroxytryptamine receptor 2C,ANTAGONIST,Serotonin 2c (5-HT2c) receptor antagonist,4
CHEMBL1201155,LOXAPINE SUCCINATE,CN1CCN(C2=Nc3ccccc3Oc3ccc(Cl)cc32)CC1.O=C(O)CCC(=O)O,CHEMBL225,5-hydroxytryptamine receptor 2C,ANTAGONIST,Serotonin 2c (5-HT2c) receptor antagonist,4
CHEMBL1200331,FOSFOMYCIN TROMETHAMINE,C[C@@H]1O[C@@H]1P(=O)(O)O.NC(CO)(CO)CO,CHEMBL1984,UDP-N-acetylglucosamine 1-carboxyvinyltransferase,INHIBITOR,UDP-N-acetylglucosamine 1-carboxyvinyltransferase inhibitor,4
CHEMBL3545059,ALISKIREN FUMARATE,COCCCOc1cc(C[C@@H](C[C@H](N)[C@@H](O)C[C@H](C(=O)NCC(C)(C)C(N)=O)C(C)C)C(C)C)ccc1OC.COCCCOc1cc(C[C@@H](C[C@H](N)[C@@H](O)C[C@H](C(=O)NCC(C)(C)C(N)=O)C(C)C)C(C)C)ccc1OC.O=C(O)/C=C/C(=O)O,CHEMBL286,Renin,INHIBITOR,Renin inhibitor,4
CHEMBL1963683,TAFLUPROST,CC(C)OC(=O)CCC/C=C\C[C@@H]1[C@@H](/C=C/C(F)(F)COc2ccccc2)[C@H](O)C[C@@H]1O,CHEMBL1987,Prostaglandin F2-alpha receptor,AGONIST,Prostanoid FP receptor agonist,4
CHEMBL1051,LATANOPROST,CC(C)OC(=O)CCC/C=C\C[C@@H]1[C@@H](CC[C@@H](O)CCc2ccccc2)[C@H](O)C[C@@H]1O,CHEMBL1987,Prostaglandin F2-alpha receptor,AGONIST,Prostanoid FP receptor agonist,4
CHEMBL1200799,TRAVOPROST,CC(C)OC(=O)CCC/C=C\C[C@@H]1[C@@H](/C=C/[C@@H](O)COc2cccc(C(F)(F)F)c2)[C@H](O)C[C@@H]1O,CHEMBL1987,Prostaglandin F2-alpha receptor,AGONIST,Prostanoid FP receptor agonist,4
CHEMBL1200963,BIMATOPROST,CCNC(=O)CCC/C=C\C[C@@H]1[C@@H](/C=C/[C@@H](O)CCc2ccccc2)[C@H](O)C[C@@H]1O,CHEMBL1987,Prostaglandin F2-alpha receptor,AGONIST,Prostanoid FP receptor agonist,4
CHEMBL1237105,CARBOPROST TROMETHAMINE,CCCCC[C@](C)(O)/C=C/[C@@H]1[C@@H](C/C=C\CCCC(=O)O)[C@@H](O)C[C@H]1O.NC(CO)(CO)CO,CHEMBL1987,Prostaglandin F2-alpha receptor,AGONIST,Prostanoid FP receptor agonist,4
CHEMBL1200721,ESTRAMUSTINE PHOSPHATE SODIUM,C[C@]12CC[C@@H]3c4ccc(OC(=O)N(CCCl)CCCl)cc4CC[C@H]3[C@@H]1CC[C@@H]2OP(=O)([O-])[O-].[Na+].[Na+],CHEMBL242,Estrogen receptor beta,MODULATOR,Estrogen receptor beta modulator,4
CHEMBL1200761,CHLOROTRIANISENE,COc1ccc(C(Cl)=C(c2ccc(OC)cc2)c2ccc(OC)cc2)cc1,CHEMBL242,Estrogen receptor beta,MODULATOR,Estrogen receptor beta modulator,4
CHEMBL1116,RALOXIFENE HYDROCHLORIDE,Cl.O=C(c1ccc(OCCN2CCCCC2)cc1)c1c(-c2ccc(O)cc2)sc2cc(O)ccc12,CHEMBL242,Estrogen receptor beta,MODULATOR,Estrogen receptor beta modulator,4
CHEMBL1201057,CILASTATIN SODIUM,CC1(C)C[C@@H]1C(=O)N/C(=C\CCCCSC[C@H](N)C(=O)O)C(=O)[O-].[Na+],CHEMBL1989,Dipeptidase 1,INHIBITOR,Renal dipeptidase inhibitor,4
CHEMBL1489,AZACITIDINE,Nc1ncn([C@@H]2O[C@H](CO)[C@@H](O)[C@H]2O)c(=O)n1,CHEMBL1992,DNA (cytosine-5)-methyltransferase 3A,INHIBITOR,DNA (cytosine-5)-methyltransferase 3A inhibitor,4
CHEMBL1201129,DECITABINE,Nc1ncn([C@H]2C[C@H](O)[C@@H](CO)O2)c(=O)n1,CHEMBL1992,DNA (cytosine-5)-methyltransferase 3A,INHIBITOR,DNA (cytosine-5)-methyltransferase 3A inhibitor,4
CHEMBL1489,AZACITIDINE,Nc1ncn([C@@H]2O[C@H](CO)[C@@H](O)[C@H]2O)c(=O)n1,CHEMBL1993,DNA (cytosine-5)-methyltransferase 1,INHIBITOR,DNA (cytosine-5)-methyltransferase 1 inhibitor,4
CHEMBL1201129,DECITABINE,Nc1ncn([C@H]2C[C@H](O)[C@@H](CO)O2)c(=O)n1,CHEMBL1993,DNA (cytosine-5)-methyltransferase 1,INHIBITOR,DNA (cytosine-5)-methyltransferase 1 inhibitor,4
CHEMBL1095097,EPLERENONE,COC(=O)[C@@H]1CC2=CC(=O)CC[C@]2(C)[C@@]23O[C@@H]2C[C@@]2(C)[C@@H](CC[C@@]24CCC(=O)O4)[C@H]13,CHEMBL1994,Mineralocorticoid receptor,ANTAGONIST,Mineralocorticoid receptor antagonist,4
CHEMBL1201010,FLUDROCORTISONE ACETATE,CC(=O)OCC(=O)[C@@]1(O)CC[C@H]2[C@@H]3CCC4=CC(=O)CC[C@]4(C)[C@@]3(F)[C@@H](O)C[C@@]21C,CHEMBL1994,Mineralocorticoid receptor,AGONIST,Mineralocorticoid receptor agonist,4
CHEMBL1393,SPIRONOLACTONE,CC(=O)S[C@@H]1CC2=CC(=O)CC[C@]2(C)[C@H]2CC[C@@]3(C)[C@@H](CC[C@@]34CCC(=O)O4)[C@H]12,CHEMBL1994,Mineralocorticoid receptor,ANTAGONIST,Mineralocorticoid receptor antagonist,4
CHEMBL1509,DROSPIRENONE,C[C@]12CCC(=O)C=C1[C@@H]1C[C@@H]1[C@H]1[C@@H]3[C@@H]4C[C@@H]4[C@@]4(CCC(=O)O4)[C@@]3(C)CC[C@@H]12,CHEMBL1994,Mineralocorticoid receptor,ANTAGONIST,Mineralocorticoid receptor antagonist,4
CHEMBL1428,NIMODIPINE,COCCOC(=O)C1=C(C)NC(C)=C(C(=O)OC(C)C)C1c1cccc([N+](=O)[O-])c1,CHEMBL1994,Mineralocorticoid receptor,ANTAGONIST,Mineralocorticoid receptor antagonist,4
CHEMBL1480,FELODIPINE,CCOC(=O)C1=C(C)NC(C)=C(C(=O)OC)C1c1cccc(Cl)c1Cl,CHEMBL1994,Mineralocorticoid receptor,ANTAGONIST,Mineralocorticoid receptor antagonist,4
CHEMBL1237119,TREPROSTINIL,CCCCC[C@H](O)CC[C@@H]1[C@H]2Cc3cccc(OCC(=O)O)c3C[C@H]2C[C@H]1O,CHEMBL1995,Prostacyclin receptor,AGONIST,Prostanoid IP receptor agonist,4
CHEMBL494,ILOPROST,CC#CCC(C)[C@H](O)/C=C/[C@@H]1[C@H]2C/C(=C/CCCC(=O)O)C[C@H]2C[C@H]1O,CHEMBL1995,Prostacyclin receptor,AGONIST,Prostanoid IP receptor agonist,4
CHEMBL962,EPOPROSTENOL SODIUM,CCCCC[C@H](O)/C=C/[C@@H]1[C@H]2C/C(=C/CCCC(=O)[O-])O[C@H]2C[C@H]1O.[Na+],CHEMBL1995,Prostacyclin receptor,AGONIST,Prostanoid IP receptor agonist,4
CHEMBL3989695,REGADENOSON,CNC(=O)c1cnn(-c2nc(N)c3ncn([C@@H]4O[C@H](CO)[C@@H](O)[C@H]4O)c3n2)c1.O,CHEMBL251,Adenosine receptor A2a,AGONIST,Adenosine A2a receptor agonist,4
CHEMBL932,DIPYRIDAMOLE,OCCN(CCO)c1nc(N2CCCCC2)c2nc(N(CCO)CCO)nc(N3CCCCC3)c2n1,CHEMBL1997,Equilibrative nucleoside transporter 1,INHIBITOR,Equilibrative nucleoside transporter 1 inhibitor,4
CHEMBL1286,LEVETIRACETAM,CC[C@@H](C(N)=O)N1CCCC1=O,CHEMBL1998,Synaptic vesicle glycoprotein 2A,MODULATOR,Synaptic vesicle glycoprotein 2A modulator,4
CHEMBL1265,ADAPALENE,COc1ccc(-c2ccc3cc(C(=O)O)ccc3c2)cc1C12CC3CC(CC(C3)C1)C2,CHEMBL2363069,Retinoic acid receptor,AGONIST,Retinoic acid receptor agonist,4
CHEMBL614,PYRAZINAMIDE,NC(=O)c1cnccn1,CHEMBL2011,Fatty acid synthase,INHIBITOR,Fatty acid synthase inhibitor,4
CHEMBL1539,SULFADOXINE,COc1ncnc(NS(=O)(=O)c2ccc(N)cc2)c1OC,CHEMBL2013,Dihydropteroate synthetase,INHIBITOR,Dihydropteroate synthetase inhibitor,4
CHEMBL288441,BOSUTINIB,COc1cc(Nc2c(C#N)cnc3cc(OCCCN4CCN(C)CC4)c(OC)cc23)c(Cl)cc1Cl,CHEMBL267,Proto-oncogene tyrosine-protein kinase Src,INHIBITOR,Tyrosine-protein kinase SRC inhibitor,4
CHEMBL24828,VANDETANIB,COc1cc2/c(=N/c3ccc(Br)cc3F)nc[nH]c2cc1OCC1CCN(C)CC1,CHEMBL267,Proto-oncogene tyrosine-protein kinase Src,INHIBITOR,Tyrosine-protein kinase SRC inhibitor,4
CHEMBL1373,MODAFINIL,NC(=O)C[S+]([O-])C(c1ccccc1)c1ccccc1,CHEMBL238,Sodium-dependent dopamine transporter,INHIBITOR,Dopamine transporter inhibitor,4
CHEMBL1201192,ARMODAFINIL,NC(=O)C[S@@+]([O-])C(c1ccccc1)c1ccccc1,CHEMBL238,Sodium-dependent dopamine transporter,INHIBITOR,Dopamine transporter inhibitor,4
CHEMBL1200377,AMPHETAMINE ASPARTATE,CC(N)Cc1ccccc1.NC(CC(=O)O)C(=O)O,CHEMBL238,Sodium-dependent dopamine transporter,RELEASING AGENT,Dopamine transporter releasing agent,4
CHEMBL405,AMPHETAMINE,CC(N)Cc1ccccc1,CHEMBL238,Sodium-dependent dopamine transporter,RELEASING AGENT,Dopamine transporter releasing agent,4
CHEMBL501,AMPHETAMINE SULFATE,CC(N)Cc1ccccc1.O=S(=O)(O)O,CHEMBL238,Sodium-dependent dopamine transporter,RELEASING AGENT,Dopamine transporter releasing agent,4
CHEMBL1201735,BUPROPION HYDROBROMIDE,Br.CC(NC(C)(C)C)C(=O)c1cccc(Cl)c1,CHEMBL238,Sodium-dependent dopamine transporter,INHIBITOR,Dopamine transporter inhibitor,4
CHEMBL1698,BUPROPION HYDROCHLORIDE,CC(NC(C)(C)C)C(=O)c1cccc(Cl)c1.Cl,CHEMBL238,Sodium-dependent dopamine transporter,INHIBITOR,Dopamine transporter inhibitor,4
CHEMBL904,DEXMETHYLPHENIDATE HYDROCHLORIDE,COC(=O)[C@H](c1ccccc1)[C@H]1CCCCN1.Cl,CHEMBL238,Sodium-dependent dopamine transporter,INHIBITOR,Dopamine transporter inhibitor,4
CHEMBL612,DEXTROAMPHETAMINE,C[C@H](N)Cc1ccccc1,CHEMBL238,Sodium-dependent dopamine transporter,RELEASING AGENT,Dopamine transporter releasing agent,4
CHEMBL3544971,DEXTROAMPHETAMINE SULFATE,C[C@H](N)Cc1ccccc1.C[C@H](N)Cc1ccccc1.O=S(=O)(O)O,CHEMBL238,Sodium-dependent dopamine transporter,RELEASING AGENT,Dopamine transporter releasing agent,4
CHEMBL3989844,DEXTROAMPHETAMINE SACCHARATE,C[C@H](N)Cc1ccccc1.O=C(O)[C@@H](O)[C@@H](O)[C@H](O)[C@@H](O)C(=O)O,CHEMBL238,Sodium-dependent dopamine transporter,RELEASING AGENT,Dopamine transporter releasing agent,4
CHEMBL1693,DIETHYLPROPION HYDROCHLORIDE,CCN(CC)C(C)C(=O)c1ccccc1.Cl,CHEMBL238,Sodium-dependent dopamine transporter,INHIBITOR,Dopamine transporter inhibitor,4
CHEMBL1201178,LISDEXAMFETAMINE DIMESYLATE,CS(=O)(=O)O.CS(=O)(=O)O.C[C@@H](Cc1ccccc1)NC(=O)[C@@H](N)CCCCN,CHEMBL238,Sodium-dependent dopamine transporter,RELEASING AGENT,Dopamine transporter releasing agent,4
CHEMBL1722,METHYLPHENIDATE HYDROCHLORIDE,COC(=O)C(c1ccccc1)C1CCCCN1.Cl,CHEMBL238,Sodium-dependent dopamine transporter,INHIBITOR,Dopamine transporter inhibitor,4
CHEMBL796,METHYLPHENIDATE,COC(=O)C(c1ccccc1)C1CCCCN1,CHEMBL238,Sodium-dependent dopamine transporter,INHIBITOR,Dopamine transporter inhibitor,4
CHEMBL2062163,PHENDIMETRAZINE TARTRATE,C[C@H]1[C@H](c2ccccc2)OCCN1C.O=C(O)C(O)C(O)C(=O)O,CHEMBL238,Sodium-dependent dopamine transporter,INHIBITOR,Dopamine transporter inhibitor,4
CHEMBL1237055,HYDROMORPHONE HYDROCHLORIDE,CN1CC[C@]23c4c5ccc(O)c4O[C@H]2C(=O)CC[C@H]3[C@H]1C5.Cl,CHEMBL233,Mu-type opioid receptor,AGONIST,Mu opioid receptor agonist,4
CHEMBL3989826,OXYCODONE TEREPHTHALATE,COc1ccc2c3c1O[C@H]1C(=O)CC[C@@]4(O)[C@@H](C2)N(C)CC[C@]314.COc1ccc2c3c1O[C@H]1C(=O)CC[C@@]4(O)[C@@H](C2)N(C)CC[C@]314.O=C(O)c1ccc(C(=O)O)cc1,CHEMBL233,Mu-type opioid receptor,AGONIST,Mu opioid receptor agonist,4
CHEMBL1707,LOPERAMIDE HYDROCHLORIDE,CN(C)C(=O)C(CCN1CCC(O)(c2ccc(Cl)cc2)CC1)(c1ccccc1)c1ccccc1.Cl,CHEMBL233,Mu-type opioid receptor,AGONIST,Mu opioid receptor agonist,4
CHEMBL1237065,TRAMADOL HYDROCHLORIDE,COc1cccc(C2(O)CCCCC2CN(C)C)c1.Cl,CHEMBL233,Mu-type opioid receptor,AGONIST,Mu opioid receptor agonist,4
CHEMBL1200531,ALFENTANIL HYDROCHLORIDE,CCC(=O)N(c1ccccc1)C1(COC)CCN(CCn2nnn(CC)c2=O)CC1.Cl,CHEMBL233,Mu-type opioid receptor,AGONIST,Mu opioid receptor agonist,4
CHEMBL1201159,FENTANYL HYDROCHLORIDE,CCC(=O)N(c1ccccc1)C1CCN(CCc2ccccc2)CC1.Cl,CHEMBL233,Mu-type opioid receptor,AGONIST,Mu opioid receptor agonist,4
CHEMBL688,FENTANYL CITRATE,CCC(=O)N(c1ccccc1)C1CCN(CCc2ccccc2)CC1.O=C(O)CC(O)(CC(=O)O)C(=O)O,CHEMBL233,Mu-type opioid receptor,AGONIST,Mu opioid receptor agonist,4
CHEMBL1200890,OXYCODONE HYDROCHLORIDE,COc1ccc2c3c1O[C@H]1C(=O)CC[C@@]4(O)[C@@H](C2)N(C)CC[C@]314.Cl,CHEMBL233,Mu-type opioid receptor,AGONIST,Mu opioid receptor agonist,4
CHEMBL2103744,MORPHINE SULFATE,CN1CC[C@]23c4c5ccc(O)c4O[C@H]2[C@@H](O)C=C[C@H]3[C@H]1C5.CN1CC[C@]23c4c5ccc(O)c4O[C@H]2[C@@H](O)C=C[C@H]3[C@H]1C5.O.O.O.O.O.O=S(=O)(O)O,CHEMBL233,Mu-type opioid receptor,AGONIST,Mu opioid receptor agonist,4
CHEMBL3989716,PROPOXYPHENE NAPSYLATE,CCC(=O)O[C@](Cc1ccccc1)(c1ccccc1)[C@H](C)CN(C)C.O.O=S(=O)(O)c1ccc2ccccc2c1,CHEMBL233,Mu-type opioid receptor,AGONIST,Mu opioid receptor agonist,4
CHEMBL270190,ALVIMOPAN,C[C@H]1CN(C[C@H](Cc2ccccc2)C(=O)NCC(=O)O)CC[C@@]1(C)c1cccc(O)c1,CHEMBL233,Mu-type opioid receptor,ANTAGONIST,Mu opioid receptor antagonist,4
CHEMBL1701,MEPERIDINE HYDROCHLORIDE,CCOC(=O)C1(c2ccccc2)CCN(C)CC1.Cl,CHEMBL233,Mu-type opioid receptor,AGONIST,Mu opioid receptor agonist,4
CHEMBL1200825,METHADONE HYDROCHLORIDE,CCC(=O)C(CC(C)N(C)C)(c1ccccc1)c1ccccc1.Cl,CHEMBL233,Mu-type opioid receptor,AGONIST,Mu opioid receptor agonist,4
CHEMBL1237104,PROPOXYPHENE HYDROCHLORIDE,CCC(=O)O[C@](Cc1ccccc1)(c1ccccc1)[C@H](C)CN(C)C.Cl,CHEMBL233,Mu-type opioid receptor,AGONIST,Mu opioid receptor agonist,4
CHEMBL2062266,DIHYDROCODEINE BITARTRATE,COc1ccc2c3c1O[C@H]1[C@@H](O)CC[C@H]4[C@@H](C2)N(C)CC[C@@]341.O=C(O)C(O)C(O)C(=O)O,CHEMBL233,Mu-type opioid receptor,AGONIST,Mu opioid receptor agonist,4
CHEMBL1201770,METHYLNALTREXONE BROMIDE,C[N+]1(CC2CC2)CC[C@]23c4c5ccc(O)c4O[C@H]2C(=O)CC[C@@]3(O)[C@H]1C5.[Br-],CHEMBL233,Mu-type opioid receptor,ANTAGONIST,Mu opioid receptor antagonist,4
CHEMBL1201163,SUFENTANIL CITRATE,CCC(=O)N(c1ccccc1)C1(COC)CCN(CCc2cccs2)CC1.O=C(O)CC(O)(CC(=O)O)C(=O)O,CHEMBL233,Mu-type opioid receptor,AGONIST,Mu opioid receptor agonist,4
CHEMBL596,FENTANYL,CCC(=O)N(c1ccccc1)C1CCN(CCc2ccccc2)CC1,CHEMBL233,Mu-type opioid receptor,AGONIST,Mu opioid receptor agonist,4
CHEMBL2368861,BUPRENORPHINE HYDROCHLORIDE,CO[C@@]12CC[C@@]3(C[C@@H]1[C@](C)(O)C(C)(C)C)[C@H]1Cc4ccc(O)c5c4[C@@]3(CCN1CC1CC1)[C@H]2O5.Cl,CHEMBL233,Mu-type opioid receptor,AGONIST,Mu opioid receptor agonist,4
CHEMBL1685,DEZOCINE,C[C@@]12CCCCC[C@@H](Cc3ccc(O)cc31)[C@@H]2N,CHEMBL233,Mu-type opioid receptor,PARTIAL AGONIST,Mu opioid receptor partial agonist,4
CHEMBL1201777,TAPENTADOL HYDROCHLORIDE,CC[C@@H](c1cccc(O)c1)[C@@H](C)CN(C)C.Cl,CHEMBL233,Mu-type opioid receptor,AGONIST,Mu opioid receptor agonist,4
CHEMBL299400,BUTORPHANOL TARTRATE,O=C(O)C(O)C(O)C(=O)O.Oc1ccc2c(c1)[C@@]13CCCC[C@@]1(O)[C@@H](C2)N(CC1CCC1)CC3,CHEMBL233,Mu-type opioid receptor,PARTIAL AGONIST,Mu opioid receptor partial agonist,4
CHEMBL511142,BUPRENORPHINE,CO[C@@]12CC[C@@]3(C[C@@H]1[C@](C)(O)C(C)(C)C)[C@H]1Cc4ccc(O)c5c4[C@@]3(CCN1CC1CC1)[C@H]2O5,CHEMBL233,Mu-type opioid receptor,AGONIST,Mu opioid receptor agonist,4
CHEMBL1324,TOLCAPONE,Cc1ccc(C(=O)c2cc(O)c(O)c([N+](=O)[O-])c2)cc1,CHEMBL2023,Catechol O-methyltransferase,INHIBITOR,Catechol O-methyltransferase inhibitor,4
CHEMBL953,ENTACAPONE,CCN(CC)C(=O)/C(C#N)=C/c1cc(O)c(O)c([N+](=O)[O-])c1,CHEMBL2023,Catechol O-methyltransferase,INHIBITOR,Catechol O-methyltransferase inhibitor,4
CHEMBL211471,NEOSTIGMINE METHYLSULFATE,CN(C)C(=O)Oc1cccc([N+](C)(C)C)c1.COS(=O)(=O)[O-],CHEMBL220,Acetylcholinesterase,INHIBITOR,Acetylcholinesterase inhibitor,4
CHEMBL1678,DONEPEZIL HYDROCHLORIDE,COc1cc2c(cc1OC)C(=O)C(CC1CCN(Cc3ccccc3)CC1)C2.Cl,CHEMBL220,Acetylcholinesterase,INHIBITOR,Acetylcholinesterase inhibitor,4
CHEMBL812,PYRIDOSTIGMINE BROMIDE,CN(C)C(=O)Oc1ccc[n+](C)c1.[Br-],CHEMBL220,Acetylcholinesterase,INHIBITOR,Acetylcholinesterase inhibitor,4
CHEMBL1555,GALANTAMINE HYDROBROMIDE,Br.COc1ccc2c3c1O[C@H]1C[C@@H](O)C=C[C@@]31CCN(C)C2,CHEMBL220,Acetylcholinesterase,INHIBITOR,Acetylcholinesterase inhibitor,4
CHEMBL1025,ISOFLUROPHATE,CC(C)OP(=O)(F)OC(C)C,CHEMBL220,Acetylcholinesterase,INHIBITOR,Acetylcholinesterase inhibitor,4
CHEMBL748,PRALIDOXIME CHLORIDE,C[n+]1ccccc1/C=N/O.[Cl-],CHEMBL220,Acetylcholinesterase,ACTIVATOR,Acetylcholinesterase activator,4
CHEMBL2103868,CABOZANTINIB S-MALATE,COc1cc2nccc(Oc3ccc(NC(=O)C4(C(=O)Nc5ccc(F)cc5)CC4)cc3)c2cc1OC.O=C(O)C[C@H](O)C(=O)O,CHEMBL279,Vascular endothelial growth factor receptor 2,INHIBITOR,Vascular endothelial growth factor receptor 2 inhibitor,4
CHEMBL5314380,PASIREOTIDE DIASPARTATE,NCCCC[C@@H]1NC(=O)[C@@H](Cc2c[nH]c3ccccc23)NC(=O)[C@H](c2ccccc2)NC(=O)[C@@H]2C[C@@H](OC(=O)NCCN)CN2C(=O)[C@H](Cc2ccccc2)NC(=O)[C@H](Cc2ccc(OCc3ccccc3)cc2)NC1=O.N[C@@H](CC(=O)O)C(=O)O.N[C@@H](CC(=O)O)C(=O)O,CHEMBL2028,Somatostatin receptor type 3,AGONIST,Somatostatin receptor 3 agonist,4
CHEMBL771,CYCLOSERINE,N[C@@H]1CONC1=O,CHEMBL2030,D-alanine--D-alanine ligase,INHIBITOR,D-alanylalanine synthetase inhibitor,4
CHEMBL488,AMINOGLUTETHIMIDE,CCC1(c2ccc(N)cc2)CCC(=O)NC1=O,CHEMBL2033,"Cholesterol side-chain cleavage enzyme, mitochondrial",INHIBITOR,Cytochrome P450 11A1 inhibitor,4
CHEMBL1670,MITOTANE,Clc1ccc(C(c2ccccc2Cl)C(Cl)Cl)cc1,CHEMBL2033,"Cholesterol side-chain cleavage enzyme, mitochondrial",INHIBITOR,Cytochrome P450 11A1 inhibitor,4
CHEMBL635,PREDNISONE,C[C@]12C=CC(=O)C=C1CC[C@@H]1[C@@H]2C(=O)C[C@@]2(C)[C@H]1CC[C@]2(O)C(=O)CO,CHEMBL2034,Glucocorticoid receptor,AGONIST,Glucocorticoid receptor agonist,4
CHEMBL1200845,HALCINONIDE,CC1(C)O[C@@H]2C[C@H]3[C@@H]4CCC5=CC(=O)CC[C@]5(C)[C@@]4(F)[C@@H](O)C[C@]3(C)[C@]2(C(=O)CCl)O1,CHEMBL2034,Glucocorticoid receptor,AGONIST,Glucocorticoid receptor agonist,4
CHEMBL1201173,MEDRYSONE,CC(=O)[C@H]1CC[C@H]2[C@@H]3C[C@H](C)C4=CC(=O)CC[C@]4(C)[C@H]3[C@@H](O)C[C@]12C,CHEMBL2034,Glucocorticoid receptor,AGONIST,Glucocorticoid receptor agonist,4
CHEMBL1201749,DIFLUPREDNATE,CCCC(=O)O[C@]1(C(=O)COC(C)=O)CC[C@H]2[C@@H]3C[C@H](F)C4=CC(=O)C=C[C@]4(C)[C@@]3(F)[C@@H](O)C[C@@]21C,CHEMBL2034,Glucocorticoid receptor,AGONIST,Glucocorticoid receptor agonist,4
CHEMBL632,BETAMETHASONE,C[C@H]1C[C@H]2[C@@H]3CCC4=CC(=O)C=C[C@]4(C)[C@@]3(F)[C@@H](O)C[C@]2(C)[C@@]1(O)C(=O)CO,CHEMBL2034,Glucocorticoid receptor,AGONIST,Glucocorticoid receptor agonist,4
CHEMBL389621,HYDROCORTISONE,C[C@]12CCC(=O)C=C1CC[C@@H]1[C@@H]2[C@@H](O)C[C@@]2(C)[C@H]1CC[C@]2(O)C(=O)CO,CHEMBL2034,Glucocorticoid receptor,AGONIST,Glucocorticoid receptor agonist,4
CHEMBL1504,TRIAMCINOLONE ACETONIDE,CC1(C)O[C@@H]2C[C@H]3[C@@H]4CCC5=CC(=O)C=C[C@]5(C)[C@@]4(F)[C@@H](O)C[C@]3(C)[C@]2(C(=O)CO)O1,CHEMBL2034,Glucocorticoid receptor,AGONIST,Glucocorticoid receptor agonist,4
CHEMBL1549,HYDROCORTISONE CYPIONATE,C[C@]12CCC(=O)C=C1CC[C@@H]1[C@@H]2[C@@H](O)C[C@@]2(C)[C@H]1CC[C@]2(O)C(=O)COC(=O)CCC1CCCC1,CHEMBL2034,Glucocorticoid receptor,AGONIST,Glucocorticoid receptor agonist,4
CHEMBL1159650,CLOBETASOL PROPIONATE,CCC(=O)O[C@]1(C(=O)CCl)[C@@H](C)C[C@H]2[C@@H]3CCC4=CC(=O)C=C[C@]4(C)[C@@]3(F)[C@@H](O)C[C@@]21C,CHEMBL2034,Glucocorticoid receptor,AGONIST,Glucocorticoid receptor agonist,4
CHEMBL1200495,HYDROCORTISONE SODIUM SUCCINATE,C[C@]12CCC(=O)C=C1CC[C@@H]1[C@@H]2[C@@H](O)C[C@@]2(C)[C@H]1CC[C@]2(O)C(=O)COC(=O)CCC(=O)[O-].[Na+],CHEMBL2034,Glucocorticoid receptor,AGONIST,Glucocorticoid receptor agonist,4
CHEMBL1200600,FLUOROMETHOLONE,CC(=O)[C@@]1(O)CC[C@H]2[C@@H]3C[C@H](C)C4=CC(=O)C=C[C@]4(C)[C@@]3(F)[C@@H](O)C[C@@]21C,CHEMBL2034,Glucocorticoid receptor,AGONIST,Glucocorticoid receptor agonist,4
CHEMBL1200762,BETAMETHASONE SODIUM PHOSPHATE,C[C@H]1C[C@H]2[C@@H]3CCC4=CC(=O)C=C[C@]4(C)[C@@]3(F)[C@@H](O)C[C@]2(C)[C@@]1(O)C(=O)COP(=O)([O-])[O-].[Na+].[Na+],CHEMBL2034,Glucocorticoid receptor,AGONIST,Glucocorticoid receptor agonist,4
CHEMBL1200865,LOTEPREDNOL ETABONATE,CCOC(=O)O[C@]1(C(=O)OCCl)CC[C@H]2[C@@H]3CCC4=CC(=O)C=C[C@]4(C)[C@H]3[C@@H](O)C[C@@]21C,CHEMBL2034,Glucocorticoid receptor,AGONIST,Glucocorticoid receptor agonist,4
CHEMBL131,PREDNISOLONE,C[C@]12C=CC(=O)C=C1CC[C@@H]1[C@@H]2[C@@H](O)C[C@@]2(C)[C@H]1CC[C@]2(O)C(=O)CO,CHEMBL2034,Glucocorticoid receptor,AGONIST,Glucocorticoid receptor agonist,4
CHEMBL1512,FLUNISOLIDE,CC1(C)O[C@@H]2C[C@H]3[C@@H]4C[C@H](F)C5=CC(=O)C=C[C@]5(C)[C@H]4[C@@H](O)C[C@]3(C)[C@]2(C(=O)CO)O1,CHEMBL2034,Glucocorticoid receptor,AGONIST,Glucocorticoid receptor agonist,4
CHEMBL1200384,BETAMETHASONE DIPROPIONATE,CCC(=O)OCC(=O)[C@@]1(OC(=O)CC)[C@@H](C)C[C@H]2[C@@H]3CCC4=CC(=O)C=C[C@]4(C)[C@@]3(F)[C@@H](O)C[C@@]21C,CHEMBL2034,Glucocorticoid receptor,AGONIST,Glucocorticoid receptor agonist,4
CHEMBL1200538,BETAMETHASONE ACETATE,CC(=O)OCC(=O)[C@@]1(O)[C@@H](C)C[C@H]2[C@@H]3CCC4=CC(=O)C=C[C@]4(C)[C@@]3(F)[C@@H](O)C[C@@]21C,CHEMBL2034,Glucocorticoid receptor,AGONIST,Glucocorticoid receptor agonist,4
CHEMBL2021430,DEXAMETHASONE SODIUM PHOSPHATE,C[C@@H]1C[C@H]2[C@@H]3CCC4=CC(=O)C=C[C@]4(C)[C@@]3(F)[C@@H](O)C[C@]2(C)[C@@]1(O)C(=O)COP(=O)([O-])[O-].[Na+].[Na+],CHEMBL2034,Glucocorticoid receptor,AGONIST,Glucocorticoid receptor agonist,4
CHEMBL1201081,METHYLPREDNISOLONE SODIUM SUCCINATE,C[C@H]1C[C@@H]2[C@H]([C@@H](O)C[C@@]3(C)[C@H]2CC[C@]3(O)C(=O)COC(=O)CCC(=O)[O-])[C@@]2(C)C=CC(=O)C=C12.[Na+],CHEMBL2034,Glucocorticoid receptor,AGONIST,Glucocorticoid receptor agonist,4
CHEMBL1201109,DESONIDE,CC1(C)O[C@@H]2C[C@H]3[C@@H]4CCC5=CC(=O)C=C[C@]5(C)[C@H]4[C@@H](O)C[C@]3(C)[C@]2(C(=O)CO)O1,CHEMBL2034,Glucocorticoid receptor,AGONIST,Glucocorticoid receptor agonist,4
CHEMBL1200386,PREDNICARBATE,CCOC(=O)O[C@]1(C(=O)COC(=O)CC)CC[C@H]2[C@@H]3CCC4=CC(=O)C=C[C@]4(C)[C@H]3[C@@H](O)C[C@@]21C,CHEMBL2034,Glucocorticoid receptor,AGONIST,Glucocorticoid receptor agonist,4
CHEMBL1200500,BECLOMETHASONE DIPROPIONATE,CCC(=O)OCC(=O)[C@@]1(OC(=O)CC)[C@@H](C)C[C@H]2[C@@H]3CCC4=CC(=O)C=C[C@]4(C)[C@@]3(Cl)[C@@H](O)C[C@@]21C,CHEMBL2034,Glucocorticoid receptor,AGONIST,Glucocorticoid receptor agonist,4
CHEMBL1200545,DIFLORASONE DIACETATE,CC(=O)OCC(=O)[C@@]1(OC(C)=O)[C@@H](C)C[C@H]2[C@@H]3C[C@H](F)C4=CC(=O)C=C[C@]4(C)[C@@]3(F)[C@@H](O)C[C@@]21C,CHEMBL2034,Glucocorticoid receptor,AGONIST,Glucocorticoid receptor agonist,4
CHEMBL1200908,HALOBETASOL PROPIONATE,CCC(=O)O[C@]1(C(=O)CCl)[C@@H](C)C[C@H]2[C@@H]3C[C@H](F)C4=CC(=O)C=C[C@]4(C)[C@@]3(F)[C@@H](O)C[C@@]21C,CHEMBL2034,Glucocorticoid receptor,AGONIST,Glucocorticoid receptor agonist,4
CHEMBL650,METHYLPREDNISOLONE,C[C@H]1C[C@@H]2[C@H]([C@@H](O)C[C@@]3(C)[C@H]2CC[C@]3(O)C(=O)CO)[C@@]2(C)C=CC(=O)C=C12,CHEMBL2034,Glucocorticoid receptor,AGONIST,Glucocorticoid receptor agonist,4
CHEMBL1451,TRIAMCINOLONE,C[C@]12C=CC(=O)C=C1CC[C@H]1[C@@H]3C[C@@H](O)[C@](O)(C(=O)CO)[C@@]3(C)C[C@H](O)[C@@]12F,CHEMBL2034,Glucocorticoid receptor,AGONIST,Glucocorticoid receptor agonist,4
CHEMBL1501,FLUOCINONIDE,CC(=O)OCC(=O)[C@@]12OC(C)(C)O[C@@H]1C[C@H]1[C@@H]3C[C@H](F)C4=CC(=O)C=C[C@]4(C)[C@@]3(F)[C@@H](O)C[C@@]12C,CHEMBL2034,Glucocorticoid receptor,AGONIST,Glucocorticoid receptor agonist,4
CHEMBL1676,FLUTICASONE FUROATE,C[C@@H]1C[C@H]2[C@@H]3C[C@H](F)C4=CC(=O)C=C[C@]4(C)[C@@]3(F)[C@@H](O)C[C@]2(C)[C@@]1(OC(=O)c1ccco1)C(=O)SCF,CHEMBL2034,Glucocorticoid receptor,AGONIST,Glucocorticoid receptor agonist,4
CHEMBL1766,DESOXIMETASONE,C[C@@H]1C[C@H]2[C@@H]3CCC4=CC(=O)C=C[C@]4(C)[C@@]3(F)[C@@H](O)C[C@]2(C)[C@H]1C(=O)CO,CHEMBL2034,Glucocorticoid receptor,AGONIST,Glucocorticoid receptor agonist,4
CHEMBL1200989,ALCLOMETASONE DIPROPIONATE,CCC(=O)OCC(=O)[C@@]1(OC(=O)CC)[C@H](C)C[C@H]2[C@H]3[C@H]([C@@H](O)C[C@@]21C)[C@@]1(C)C=CC(=O)C=C1C[C@H]3Cl,CHEMBL2034,Glucocorticoid receptor,AGONIST,Glucocorticoid receptor agonist,4
CHEMBL1201014,PREDNISOLONE SODIUM PHOSPHATE,C[C@]12C=CC(=O)C=C1CC[C@@H]1[C@@H]2[C@@H](O)C[C@@]2(C)[C@H]1CC[C@]2(O)C(=O)COP(=O)([O-])[O-].[Na+].[Na+],CHEMBL2034,Glucocorticoid receptor,AGONIST,Glucocorticoid receptor agonist,4
CHEMBL1091,HYDROCORTISONE ACETATE,CC(=O)OCC(=O)[C@@]1(O)CC[C@H]2[C@@H]3CCC4=CC(=O)CC[C@]4(C)[C@H]3[C@@H](O)C[C@@]21C,CHEMBL2034,Glucocorticoid receptor,AGONIST,Glucocorticoid receptor agonist,4
CHEMBL1161,MOMETASONE FUROATE,C[C@@H]1C[C@H]2[C@@H]3CCC4=CC(=O)C=C[C@]4(C)[C@@]3(Cl)[C@@H](O)C[C@]2(C)[C@@]1(OC(=O)c1ccco1)C(=O)CCl,CHEMBL2034,Glucocorticoid receptor,AGONIST,Glucocorticoid receptor agonist,4
CHEMBL1530428,DEXAMETHASONE ACETATE,CC(=O)OCC(=O)[C@@]1(O)[C@H](C)C[C@H]2[C@@H]3CCC4=CC(=O)C=C[C@]4(C)[C@@]3(F)[C@@H](O)C[C@@]21C,CHEMBL2034,Glucocorticoid receptor,AGONIST,Glucocorticoid receptor agonist,4
CHEMBL1683,HYDROCORTISONE BUTYRATE,CCCC(=O)O[C@]1(C(=O)CO)CC[C@H]2[C@@H]3CCC4=CC(=O)CC[C@]4(C)[C@H]3[C@@H](O)C[C@@]21C,CHEMBL2034,Glucocorticoid receptor,AGONIST,Glucocorticoid receptor agonist,4
CHEMBL1200878,TRIAMCINOLONE HEXACETONIDE,CC(C)(C)CC(=O)OCC(=O)[C@@]12OC(C)(C)O[C@@H]1C[C@H]1[C@@H]3CCC4=CC(=O)C=C[C@]4(C)[C@@]3(F)[C@@H](O)C[C@@]12C,CHEMBL2034,Glucocorticoid receptor,AGONIST,Glucocorticoid receptor agonist,4
CHEMBL1201148,MEPREDNISONE,C[C@H]1C[C@H]2[C@@H]3CCC4=CC(=O)C=C[C@]4(C)[C@H]3C(=O)C[C@]2(C)[C@@]1(O)C(=O)CO,CHEMBL2034,Glucocorticoid receptor,AGONIST,Glucocorticoid receptor agonist,4
CHEMBL2040682,CICLESONIDE,CC(C)C(=O)OCC(=O)[C@@]12O[C@H](C3CCCCC3)O[C@@H]1C[C@H]1[C@@H]3CCC4=CC(=O)C=C[C@]4(C)[C@H]3[C@@H](O)C[C@@]12C,CHEMBL2034,Glucocorticoid receptor,AGONIST,Glucocorticoid receptor agonist,4
CHEMBL989,FLUOCINOLONE ACETONIDE,CC1(C)O[C@@H]2C[C@H]3[C@@H]4C[C@H](F)C5=CC(=O)C=C[C@]5(C)[C@@]4(F)[C@@H](O)C[C@]3(C)[C@]2(C(=O)CO)O1,CHEMBL2034,Glucocorticoid receptor,AGONIST,Glucocorticoid receptor agonist,4
CHEMBL1152,PREDNISOLONE ACETATE,CC(=O)OCC(=O)[C@@]1(O)CC[C@H]2[C@@H]3CCC4=CC(=O)C=C[C@]4(C)[C@H]3[C@@H](O)C[C@@]21C,CHEMBL2034,Glucocorticoid receptor,AGONIST,Glucocorticoid receptor agonist,4
CHEMBL1370,BUDESONIDE,CCCC1O[C@@H]2C[C@H]3[C@@H]4CCC5=CC(=O)C=C[C@]5(C)[C@H]4[C@@H](O)C[C@]3(C)[C@]2(C(=O)CO)O1,CHEMBL2034,Glucocorticoid receptor,AGONIST,Glucocorticoid receptor agonist,4
CHEMBL384467,DEXAMETHASONE,C[C@@H]1C[C@H]2[C@@H]3CCC4=CC(=O)C=C[C@]4(C)[C@@]3(F)[C@@H](O)C[C@]2(C)[C@@]1(O)C(=O)CO,CHEMBL2034,Glucocorticoid receptor,AGONIST,Glucocorticoid receptor agonist,4
CHEMBL1497,BETAMETHASONE VALERATE,CCCCC(=O)O[C@]1(C(=O)CO)[C@@H](C)C[C@H]2[C@@H]3CCC4=CC(=O)C=C[C@]4(C)[C@@]3(F)[C@@H](O)C[C@@]21C,CHEMBL2034,Glucocorticoid receptor,AGONIST,Glucocorticoid receptor agonist,4
CHEMBL1650,CORTISONE ACETATE,CC(=O)OCC(=O)[C@@]1(O)CC[C@H]2[C@@H]3CCC4=CC(=O)CC[C@]4(C)[C@H]3C(=O)C[C@@]21C,CHEMBL2034,Glucocorticoid receptor,AGONIST,Glucocorticoid receptor agonist,4
CHEMBL1200617,RIMEXOLONE,CCC(=O)[C@@]1(C)[C@H](C)C[C@H]2[C@@H]3CCC4=CC(=O)C=C[C@]4(C)[C@H]3[C@@H](O)C[C@@]21C,CHEMBL2034,Glucocorticoid receptor,AGONIST,Glucocorticoid receptor agonist,4
CHEMBL1364144,METHYLPREDNISOLONE ACETATE,CC(=O)OCC(=O)[C@@]1(O)CC[C@H]2[C@@H]3C[C@H](C)C4=CC(=O)C=C[C@]4(C)[C@H]3[C@@H](O)C[C@@]21C,CHEMBL2034,Glucocorticoid receptor,AGONIST,Glucocorticoid receptor agonist,4
CHEMBL1200953,HYDROCORTISONE PROBUTATE,CCCC(=O)O[C@]1(C(=O)COC(=O)CC)CC[C@H]2[C@@H]3CCC4=CC(=O)CC[C@]4(C)[C@H]3[C@@H](O)C[C@@]21C,CHEMBL2034,Glucocorticoid receptor,AGONIST,Glucocorticoid receptor agonist,4
CHEMBL1201012,FLURANDRENOLIDE,CC1(C)O[C@@H]2C[C@H]3[C@@H]4C[C@H](F)C5=CC(=O)CC[C@]5(C)[C@H]4[C@@H](O)C[C@]3(C)[C@]2(C(=O)CO)O1,CHEMBL2034,Glucocorticoid receptor,AGONIST,Glucocorticoid receptor agonist,4
CHEMBL1473,FLUTICASONE PROPIONATE,CCC(=O)O[C@]1(C(=O)SCF)[C@H](C)C[C@H]2[C@@H]3C[C@H](F)C4=CC(=O)C=C[C@]4(C)[C@@]3(F)[C@@H](O)C[C@@]21C,CHEMBL2034,Glucocorticoid receptor,AGONIST,Glucocorticoid receptor agonist,4
CHEMBL1276308,MIFEPRISTONE,CC#C[C@]1(O)CC[C@H]2[C@@H]3CCC4=CC(=O)CCC4=C3[C@@H](c3ccc(N(C)C)cc3)C[C@@]21C,CHEMBL2034,Glucocorticoid receptor,ANTAGONIST,Glucocorticoid receptor antagonist,4
CHEMBL853,ZALCITABINE,Nc1ccn([C@H]2CC[C@@H](CO)O2)c(=O)n1,CHEMBL247,Human immunodeficiency virus type 1 reverse transcriptase,INHIBITOR,Human immunodeficiency virus type 1 reverse transcriptase inhibitor,4
CHEMBL929,DELAVIRDINE MESYLATE,CC(C)Nc1cccnc1N1CCN(C(=O)c2cc3cc(NS(C)(=O)=O)ccc3[nH]2)CC1.CS(=O)(=O)O,CHEMBL247,Human immunodeficiency virus type 1 reverse transcriptase,INHIBITOR,Human immunodeficiency virus type 1 reverse transcriptase inhibitor,4
CHEMBL1460,DIDANOSINE,O=c1[nH]cnc2c1ncn2[C@H]1CC[C@@H](CO)O1,CHEMBL247,Human immunodeficiency virus type 1 reverse transcriptase,INHIBITOR,Human immunodeficiency virus type 1 reverse transcriptase inhibitor,4
CHEMBL1486,TENOFOVIR DISOPROXIL FUMARATE,CC(C)OC(=O)OCOP(=O)(CO[C@H](C)Cn1cnc2c(N)ncnc21)OCOC(=O)OC(C)C.O=C(O)/C=C/C(=O)O,CHEMBL247,Human immunodeficiency virus type 1 reverse transcriptase,INHIBITOR,Human immunodeficiency virus type 1 reverse transcriptase inhibitor,4
CHEMBL885,EMTRICITABINE,Nc1nc(=O)n([C@@H]2CS[C@H](CO)O2)cc1F,CHEMBL247,Human immunodeficiency virus type 1 reverse transcriptase,INHIBITOR,Human immunodeficiency virus type 1 reverse transcriptase inhibitor,4
CHEMBL223228,EFAVIRENZ,O=C1Nc2ccc(Cl)cc2[C@@](C#CC2CC2)(C(F)(F)F)O1,CHEMBL247,Human immunodeficiency virus type 1 reverse transcriptase,INHIBITOR,Human immunodeficiency virus type 1 reverse transcriptase inhibitor,4
CHEMBL129,ZIDOVUDINE,Cc1cn([C@H]2C[C@H](N=[N+]=[N-])[C@@H](CO)O2)c(=O)[nH]c1=O,CHEMBL247,Human immunodeficiency virus type 1 reverse transcriptase,INHIBITOR,Human immunodeficiency virus type 1 reverse transcriptase inhibitor,4
CHEMBL4303288,ABACAVIR SULFATE,Nc1nc(NC2CC2)c2ncn([C@H]3C=C[C@@H](CO)C3)c2n1.Nc1nc(NC2CC2)c2ncn([C@H]3C=C[C@@H](CO)C3)c2n1.O=S(=O)(O)O,CHEMBL247,Human immunodeficiency virus type 1 reverse transcriptase,INHIBITOR,Human immunodeficiency virus type 1 reverse transcriptase inhibitor,4
CHEMBL57,NEVIRAPINE,Cc1ccnc2c1NC(=O)c1cccnc1N2C1CC1,CHEMBL247,Human immunodeficiency virus type 1 reverse transcriptase,INHIBITOR,Human immunodeficiency virus type 1 reverse transcriptase inhibitor,4
CHEMBL991,STAVUDINE,Cc1cn([C@H]2C=C[C@@H](CO)O2)c(=O)[nH]c1=O,CHEMBL247,Human immunodeficiency virus type 1 reverse transcriptase,INHIBITOR,Human immunodeficiency virus type 1 reverse transcriptase inhibitor,4
CHEMBL1628504,RILPIVIRINE HYDROCHLORIDE,Cc1cc(/C=C/C#N)cc(C)c1Nc1ccnc(Nc2ccc(C#N)cc2)n1.Cl,CHEMBL247,Human immunodeficiency virus type 1 reverse transcriptase,INHIBITOR,Human immunodeficiency virus type 1 reverse transcriptase inhibitor,4
CHEMBL308954,ETRAVIRINE,Cc1cc(C#N)cc(C)c1Oc1nc(Nc2ccc(C#N)cc2)nc(N)c1Br,CHEMBL247,Human immunodeficiency virus type 1 reverse transcriptase,INHIBITOR,Human immunodeficiency virus type 1 reverse transcriptase inhibitor,4
CHEMBL141,LAMIVUDINE,Nc1ccn([C@@H]2CS[C@H](CO)O2)c(=O)n1,CHEMBL247,Human immunodeficiency virus type 1 reverse transcriptase,INHIBITOR,Human immunodeficiency virus type 1 reverse transcriptase inhibitor,4
CHEMBL1201142,RASAGILINE MESYLATE,C#CCN[C@@H]1CCc2ccccc21.CS(=O)(=O)O,CHEMBL2039,Amine oxidase [flavin-containing] B,INHIBITOR,Monoamine oxidase B inhibitor,4
CHEMBL1200904,SELEGILINE HYDROCHLORIDE,C#CCN(C)[C@H](C)Cc1ccccc1.Cl,CHEMBL2039,Amine oxidase [flavin-containing] B,INHIBITOR,Monoamine oxidase B inhibitor,4
CHEMBL972,SELEGILINE,C#CCN(C)[C@H](C)Cc1ccccc1,CHEMBL2039,Amine oxidase [flavin-containing] B,INHIBITOR,Monoamine oxidase B inhibitor,4
CHEMBL1201733,PAZOPANIB HYDROCHLORIDE,Cc1ccc(Nc2nccc(N(C)c3ccc4c(C)n(C)nc4c3)n2)cc1S(N)(=O)=O.Cl,CHEMBL258,Tyrosine-protein kinase Lck,INHIBITOR,Tyrosine-protein kinase LCK inhibitor,4
CHEMBL404271,ACARBOSE,C[C@H]1O[C@H](O[C@H]2[C@H](O)[C@@H](O)[C@@H](O[C@H]3[C@H](O)[C@@H](O)C(O)O[C@@H]3CO)O[C@@H]2CO)[C@H](O)[C@@H](O)[C@@H]1N[C@H]1C=C(CO)[C@@H](O)[C@H](O)[C@H]1O,CHEMBL2045,Pancreatic alpha-amylase,INHIBITOR,Pancreatic alpha-amylase inhibitor,4
CHEMBL1551,URSODIOL,C[C@H](CCC(=O)O)[C@H]1CC[C@H]2[C@@H]3[C@@H](O)C[C@@H]4C[C@H](O)CC[C@]4(C)[C@H]3CC[C@]12C,CHEMBL2047,Bile acid receptor,AGONIST,Bile acid receptor FXR agonist,4
CHEMBL240597,CHENODIOL,C[C@H](CCC(=O)O)[C@H]1CC[C@H]2[C@@H]3[C@H](O)C[C@@H]4C[C@H](O)CC[C@]4(C)[C@H]3CC[C@]12C,CHEMBL2047,Bile acid receptor,AGONIST,Bile acid receptor FXR agonist,4
CHEMBL395429,OXYTOCIN,CC[C@H](C)[C@@H]1NC(=O)[C@H](Cc2ccc(O)cc2)NC(=O)[C@@H](N)CSSC[C@@H](C(=O)N2CCC[C@H]2C(=O)N[C@@H](CC(C)C)C(=O)NCC(N)=O)NC(=O)[C@H](CC(N)=O)NC(=O)[C@H](CCC(N)=O)NC1=O,CHEMBL2049,Oxytocin receptor,AGONIST,Oxytocin receptor agonist,4
CHEMBL1200340,OSELTAMIVIR PHOSPHATE,CCOC(=O)C1=C[C@@H](OC(CC)CC)[C@H](NC(C)=O)[C@@H](N)C1.O=P(O)(O)O,CHEMBL2051,Neuraminidase,INHIBITOR,Neuraminidase inhibitor,4
CHEMBL222813,ZANAMIVIR,CC(=O)N[C@H]1[C@H]([C@H](O)[C@H](O)CO)OC(C(=O)O)=C[C@@H]1NC(=N)N,CHEMBL2051,Neuraminidase,INHIBITOR,Neuraminidase inhibitor,4
CHEMBL535396,RIMANTADINE HYDROCHLORIDE,CC(N)C12CC3CC(CC(C3)C1)C2.Cl,CHEMBL2052,Matrix protein 2,INHIBITOR,Influenza virus A matrix protein M2 inhibitor,4
CHEMBL1201746,PRALATREXATE,C#CCC(Cc1cnc2nc(N)nc(N)c2n1)c1ccc(C(=O)N[C@@H](CCC(=O)O)C(=O)O)cc1,CHEMBL202,Dihydrofolate reductase,INHIBITOR,Dihydrofolate reductase inhibitor,4
CHEMBL3244648,METHOTREXATE SODIUM,CN(Cc1cnc2nc(N)nc(N)c2n1)c1ccc(C(=O)N[C@@H](CCC(=O)[O-])C(=O)[O-])cc1.[Na+].[Na+],CHEMBL202,Dihydrofolate reductase,INHIBITOR,Dihydrofolate reductase inhibitor,4
CHEMBL2360464,PEMETREXED DISODIUM,Nc1nc2[nH]cc(CCc3ccc(C(=O)N[C@@H](CCC(=O)[O-])C(=O)[O-])cc3)c2c(=O)[nH]1.[Na+].[Na+],CHEMBL202,Dihydrofolate reductase,INHIBITOR,Dihydrofolate reductase inhibitor,4
CHEMBL1026,FENOLDOPAM MESYLATE,CS(=O)(=O)O.Oc1ccc(C2CNCCc3c2cc(O)c(O)c3Cl)cc1,CHEMBL2056,D(1A) dopamine receptor,AGONIST,Dopamine D1 receptor agonist,4
CHEMBL1200843,METHYLERGONOVINE MALEATE,CC[C@@H](CO)NC(=O)[C@@H]1C=C2c3cccc4[nH]cc(c34)C[C@H]2N(C)C1.O=C(O)/C=C\C(=O)O,CHEMBL2056,D(1A) dopamine receptor,ANTAGONIST,Dopamine D1 receptor antagonist,4
CHEMBL1029,MIGLUSTAT,CCCCN1C[C@H](O)[C@@H](O)[C@H](O)[C@H]1CO,CHEMBL2063,Ceramide glucosyltransferase,INHIBITOR,Ceramide glucosyltransferase inhibitor,4
CHEMBL1421,DASATINIB ANHYDROUS,Cc1nc(Nc2ncc(C(=O)Nc3c(C)cccc3Cl)s2)cc(N2CCN(CCO)CC2)n1,CHEMBL2068,Ephrin type-A receptor 2,INHIBITOR,Ephrin type-A receptor 2 inhibitor,4
CHEMBL786,TAMOXIFEN CITRATE,CC/C(=C(\c1ccccc1)c1ccc(OCCN(C)C)cc1)c1ccccc1.O=C(O)CC(O)(CC(=O)O)C(=O)O,CHEMBL206,Estrogen receptor,MODULATOR,Estrogen receptor alpha modulator,4
CHEMBL1405,ESTRONE,C[C@]12CC[C@@H]3c4ccc(O)cc4CC[C@H]3[C@@H]1CCC2=O,CHEMBL206,Estrogen receptor,AGONIST,Estrogen receptor alpha agonist,4
CHEMBL135,ESTRADIOL,C[C@]12CC[C@@H]3c4ccc(O)cc4CC[C@H]3[C@@H]1CC[C@@H]2O,CHEMBL206,Estrogen receptor,AGONIST,Estrogen receptor alpha agonist,4
CHEMBL1200430,ESTRADIOL ACETATE,CC(=O)Oc1ccc2c(c1)CC[C@@H]1[C@@H]2CC[C@]2(C)[C@@H](O)CC[C@@H]12,CHEMBL206,Estrogen receptor,AGONIST,Estrogen receptor alpha agonist,4
CHEMBL1511,ESTRADIOL VALERATE,CCCCC(=O)O[C@H]1CC[C@H]2[C@@H]3CCc4cc(O)ccc4[C@H]3CC[C@]12C,CHEMBL206,Estrogen receptor,AGONIST,Estrogen receptor alpha agonist,4
CHEMBL3185958,CLOMIPHENE CITRATE,CCN(CC)CCOc1ccc(C(=C(Cl)c2ccccc2)c2ccccc2)cc1.O=C(O)CC(O)(CC(=O)O)C(=O)O,CHEMBL206,Estrogen receptor,MODULATOR,Estrogen receptor alpha modulator,4
CHEMBL691,ETHINYL ESTRADIOL,C#C[C@]1(O)CC[C@H]2[C@@H]3CCc4cc(O)ccc4[C@H]3CC[C@@]21C,CHEMBL206,Estrogen receptor,AGONIST,Estrogen receptor alpha agonist,4
CHEMBL1200980,ESTROPIPATE,C1CNCCN1.C[C@]12CC[C@@H]3c4ccc(OS(=O)(=O)O)cc4CC[C@H]3[C@@H]1CCC2=O,CHEMBL206,Estrogen receptor,AGONIST,Estrogen receptor alpha agonist,4
CHEMBL411,DIETHYLSTILBESTROL,CC/C(=C(/CC)c1ccc(O)cc1)c1ccc(O)cc1,CHEMBL206,Estrogen receptor,AGONIST,Estrogen receptor alpha agonist,4
CHEMBL1200749,LEVOBUPIVACAINE HYDROCHLORIDE,CCCCN1CCCC[C@H]1C(=O)Nc1c(C)cccc1C.Cl,CHEMBL2072,Sodium channel protein type 4 subunit alpha,BLOCKER,Sodium channel protein type IV alpha subunit blocker,4
CHEMBL1098,BUPIVACAINE,CCCCN1CCCCC1C(=O)Nc1c(C)cccc1C,CHEMBL2072,Sodium channel protein type 4 subunit alpha,BLOCKER,Sodium channel protein type IV alpha subunit blocker,4
CHEMBL1200396,BUPIVACAINE HYDROCHLORIDE,CCCCN1CCCCC1C(=O)Nc1c(C)cccc1C.Cl,CHEMBL2072,Sodium channel protein type 4 subunit alpha,BLOCKER,Sodium channel protein type IV alpha subunit blocker,4
CHEMBL1404,RANOLAZINE,COc1ccccc1OCC(O)CN1CCN(CC(=O)Nc2c(C)cccc2C)CC1,CHEMBL2072,Sodium channel protein type 4 subunit alpha,BLOCKER,Sodium channel protein type IV alpha subunit blocker,4
CHEMBL1561,MIGLITOL,OCCN1C[C@H](O)[C@@H](O)[C@H](O)[C@H]1CO,CHEMBL2074,Maltase-glucoamylase,INHIBITOR,Maltase-glucoamylase inhibitor,4
CHEMBL404271,ACARBOSE,C[C@H]1O[C@H](O[C@H]2[C@H](O)[C@@H](O)[C@@H](O[C@H]3[C@H](O)[C@@H](O)C(O)O[C@@H]3CO)O[C@@H]2CO)[C@H](O)[C@@H](O)[C@@H]1N[C@H]1C=C(CO)[C@@H](O)[C@H](O)[C@H]1O,CHEMBL2074,Maltase-glucoamylase,INHIBITOR,Maltase-glucoamylase inhibitor,4
CHEMBL1118,DESVENLAFAXINE,CN(C)CC(c1ccc(O)cc1)C1(O)CCCCC1,CHEMBL222,Sodium-dependent noradrenaline transporter,INHIBITOR,Norepinephrine transporter inhibitor,4
CHEMBL1237135,MAPROTILINE HYDROCHLORIDE,CNCCCC12CCC(c3ccccc31)c1ccccc12.Cl,CHEMBL222,Sodium-dependent noradrenaline transporter,INHIBITOR,Norepinephrine transporter inhibitor,4
CHEMBL1574,PHENTERMINE,CC(C)(N)Cc1ccccc1,CHEMBL222,Sodium-dependent noradrenaline transporter,RELEASING AGENT,Norepinephrine transporter releasing agent,4
CHEMBL1628234,DOXEPIN HYDROCHLORIDE,CN(C)CCC=C1c2ccccc2COc2ccccc21.Cl,CHEMBL222,Sodium-dependent noradrenaline transporter,INHIBITOR,Norepinephrine transporter inhibitor,4
CHEMBL1696,DESIPRAMINE HYDROCHLORIDE,CNCCCN1c2ccccc2CCc2ccccc21.Cl,CHEMBL222,Sodium-dependent noradrenaline transporter,INHIBITOR,Norepinephrine transporter inhibitor,4
CHEMBL1095292,BRETYLIUM TOSYLATE,CC[N+](C)(C)Cc1ccccc1Br.Cc1ccc(S(=O)(=O)[O-])cc1,CHEMBL222,Sodium-dependent noradrenaline transporter,SUBSTRATE,Norepinephrine transporter substrate,4
CHEMBL1702,ATOMOXETINE HYDROCHLORIDE,CNCC[C@@H](Oc1ccccc1C)c1ccccc1.Cl,CHEMBL222,Sodium-dependent noradrenaline transporter,INHIBITOR,Norepinephrine transporter inhibitor,4
CHEMBL1200912,PHENTERMINE HYDROCHLORIDE,CC(C)(N)Cc1ccccc1.Cl,CHEMBL222,Sodium-dependent noradrenaline transporter,RELEASING AGENT,Norepinephrine transporter releasing agent,4
CHEMBL3544906,BENZPHETAMINE HYDROCHLORIDE,C[C@@H](Cc1ccccc1)N(C)Cc1ccccc1.Cl,CHEMBL222,Sodium-dependent noradrenaline transporter,RELEASING AGENT,Norepinephrine transporter releasing agent,4
CHEMBL1201735,BUPROPION HYDROBROMIDE,Br.CC(NC(C)(C)C)C(=O)c1cccc(Cl)c1,CHEMBL222,Sodium-dependent noradrenaline transporter,INHIBITOR,Norepinephrine transporter inhibitor,4
CHEMBL1201728,DESVENLAFAXINE SUCCINATE,CN(C)CC(c1ccc(O)cc1)C1(O)CCCCC1.O=C(O)CCC(=O)O,CHEMBL222,Sodium-dependent noradrenaline transporter,INHIBITOR,Norepinephrine transporter inhibitor,4
CHEMBL904,DEXMETHYLPHENIDATE HYDROCHLORIDE,COC(=O)[C@H](c1ccccc1)[C@H]1CCCCN1.Cl,CHEMBL222,Sodium-dependent noradrenaline transporter,INHIBITOR,Norepinephrine transporter inhibitor,4
CHEMBL612,DEXTROAMPHETAMINE,C[C@H](N)Cc1ccccc1,CHEMBL222,Sodium-dependent noradrenaline transporter,RELEASING AGENT,Norepinephrine transporter releasing agent,4
CHEMBL3544971,DEXTROAMPHETAMINE SULFATE,C[C@H](N)Cc1ccccc1.C[C@H](N)Cc1ccccc1.O=S(=O)(O)O,CHEMBL222,Sodium-dependent noradrenaline transporter,RELEASING AGENT,Norepinephrine transporter releasing agent,4
CHEMBL3989844,DEXTROAMPHETAMINE SACCHARATE,C[C@H](N)Cc1ccccc1.O=C(O)[C@@H](O)[C@@H](O)[C@H](O)[C@@H](O)C(=O)O,CHEMBL222,Sodium-dependent noradrenaline transporter,RELEASING AGENT,Norepinephrine transporter releasing agent,4
CHEMBL1693,DIETHYLPROPION HYDROCHLORIDE,CCN(CC)C(C)C(=O)c1ccccc1.Cl,CHEMBL222,Sodium-dependent noradrenaline transporter,INHIBITOR,Norepinephrine transporter inhibitor,4
CHEMBL1200377,AMPHETAMINE ASPARTATE,CC(N)Cc1ccccc1.NC(CC(=O)O)C(=O)O,CHEMBL222,Sodium-dependent noradrenaline transporter,RELEASING AGENT,Norepinephrine transporter releasing agent,4
CHEMBL1113,AMOXAPINE,Clc1ccc2c(c1)C(N1CCNCC1)=Nc1ccccc1O2,CHEMBL222,Sodium-dependent noradrenaline transporter,INHIBITOR,Norepinephrine transporter inhibitor,4
CHEMBL501,AMPHETAMINE SULFATE,CC(N)Cc1ccccc1.O=S(=O)(O)O,CHEMBL222,Sodium-dependent noradrenaline transporter,RELEASING AGENT,Norepinephrine transporter releasing agent,4
CHEMBL1200328,DULOXETINE HYDROCHLORIDE,CNCC[C@H](Oc1cccc2ccccc12)c1cccs1.Cl,CHEMBL222,Sodium-dependent noradrenaline transporter,INHIBITOR,Norepinephrine transporter inhibitor,4
CHEMBL405,AMPHETAMINE,CC(N)Cc1ccccc1,CHEMBL222,Sodium-dependent noradrenaline transporter,RELEASING AGENT,Norepinephrine transporter releasing agent,4
CHEMBL3989855,PSEUDOEPHEDRINE SULFATE,CN[C@@H](C)[C@@H](O)c1ccccc1.CN[C@@H](C)[C@@H](O)c1ccccc1.O=S(=O)(O)O,CHEMBL222,Sodium-dependent noradrenaline transporter,RELEASING AGENT,Norepinephrine transporter releasing agent,4
CHEMBL1200964,AMITRIPTYLINE HYDROCHLORIDE,CN(C)CCC=C1c2ccccc2CCc2ccccc21.Cl,CHEMBL222,Sodium-dependent noradrenaline transporter,INHIBITOR,Norepinephrine transporter inhibitor,4
CHEMBL1200332,PROTRIPTYLINE HYDROCHLORIDE,CNCCCC1c2ccccc2C=Cc2ccccc21.Cl,CHEMBL222,Sodium-dependent noradrenaline transporter,INHIBITOR,Norepinephrine transporter inhibitor,4
CHEMBL1698,BUPROPION HYDROCHLORIDE,CC(NC(C)(C)C)C(=O)c1cccc(Cl)c1.Cl,CHEMBL222,Sodium-dependent noradrenaline transporter,INHIBITOR,Norepinephrine transporter inhibitor,4
CHEMBL4297064,MILNACIPRAN HYDROCHLORIDE,CCN(CC)C(=O)C1(c2ccccc2)CC1CN.Cl,CHEMBL222,Sodium-dependent noradrenaline transporter,INHIBITOR,Norepinephrine transporter inhibitor,4
CHEMBL796,METHYLPHENIDATE,COC(=O)C(c1ccccc1)C1CCCCN1,CHEMBL222,Sodium-dependent noradrenaline transporter,INHIBITOR,Norepinephrine transporter inhibitor,4
CHEMBL1722,METHYLPHENIDATE HYDROCHLORIDE,COC(=O)C(c1ccccc1)C1CCCCN1.Cl,CHEMBL222,Sodium-dependent noradrenaline transporter,INHIBITOR,Norepinephrine transporter inhibitor,4
CHEMBL1200492,NEFAZODONE HYDROCHLORIDE,CCc1nn(CCCN2CCN(c3cccc(Cl)c3)CC2)c(=O)n1CCOc1ccccc1.Cl,CHEMBL222,Sodium-dependent noradrenaline transporter,INHIBITOR,Norepinephrine transporter inhibitor,4
CHEMBL1201156,NORTRIPTYLINE HYDROCHLORIDE,CNCCC=C1c2ccccc2CCc2ccccc21.Cl,CHEMBL222,Sodium-dependent noradrenaline transporter,INHIBITOR,Norepinephrine transporter inhibitor,4
CHEMBL1201023,ORPHENADRINE HYDROCHLORIDE,Cc1ccccc1C(OCCN(C)C)c1ccccc1.Cl,CHEMBL222,Sodium-dependent noradrenaline transporter,INHIBITOR,Norepinephrine transporter inhibitor,4
CHEMBL1200395,ORPHENADRINE CITRATE,Cc1ccccc1C(OCCN(C)C)c1ccccc1.O=C(O)CC(O)(CC(=O)O)C(=O)O,CHEMBL222,Sodium-dependent noradrenaline transporter,INHIBITOR,Norepinephrine transporter inhibitor,4
CHEMBL1200724,PSEUDOEPHEDRINE HYDROCHLORIDE,CN[C@@H](C)[C@@H](O)c1ccccc1.Cl,CHEMBL222,Sodium-dependent noradrenaline transporter,RELEASING AGENT,Norepinephrine transporter releasing agent,4
CHEMBL2062163,PHENDIMETRAZINE TARTRATE,C[C@H]1[C@H](c2ccccc2)OCCN1C.O=C(O)C(O)C(O)C(=O)O,CHEMBL222,Sodium-dependent noradrenaline transporter,INHIBITOR,Norepinephrine transporter inhibitor,4
CHEMBL1201777,TAPENTADOL HYDROCHLORIDE,CC[C@@H](c1cccc(O)c1)[C@@H](C)CN(C)C.Cl,CHEMBL222,Sodium-dependent noradrenaline transporter,INHIBITOR,Norepinephrine transporter inhibitor,4
CHEMBL1692,IMIPRAMINE HYDROCHLORIDE,CN(C)CCCN1c2ccccc2CCc2ccccc21.Cl,CHEMBL222,Sodium-dependent noradrenaline transporter,INHIBITOR,Norepinephrine transporter inhibitor,4
CHEMBL1201178,LISDEXAMFETAMINE DIMESYLATE,CS(=O)(=O)O.CS(=O)(=O)O.C[C@@H](Cc1ccccc1)NC(=O)[C@@H](N)CCCCN,CHEMBL222,Sodium-dependent noradrenaline transporter,RELEASING AGENT,Norepinephrine transporter releasing agent,4
CHEMBL1201066,VENLAFAXINE HYDROCHLORIDE,COc1ccc(C(CN(C)C)C2(O)CCCCC2)cc1.Cl,CHEMBL222,Sodium-dependent noradrenaline transporter,INHIBITOR,Norepinephrine transporter inhibitor,4
CHEMBL18442,PLERIXAFOR,c1cc(CN2CCCNCCNCCCNCC2)ccc1CN1CCCNCCNCCCNCC1,CHEMBL2107,C-X-C chemokine receptor type 4,PARTIAL AGONIST,C-X-C chemokine receptor type 4 partial agonist,4
CHEMBL2028852,ICATIBANT ACETATE,CC(=O)O.N=C(N)NCCC[C@@H](N)C(=O)N[C@@H](CCCNC(=N)N)C(=O)N1CCC[C@H]1C(=O)N1C[C@H](O)C[C@H]1C(=O)NCC(=O)N[C@@H](Cc1cccs1)C(=O)N[C@@H](CO)C(=O)N1Cc2ccccc2C[C@@H]1C(=O)N1[C@H](C(=O)N[C@@H](CCCNC(=N)N)C(=O)O)C[C@@H]2CCCC[C@@H]21,CHEMBL3157,B2 bradykinin receptor,ANTAGONIST,Bradykinin B2 receptor antagonist,4
CHEMBL288441,BOSUTINIB,COc1cc(Nc2c(C#N)cnc3cc(OCCCN4CCN(C)CC4)c(OC)cc23)c(Cl)cc1Cl,CHEMBL3234,Tyrosine-protein kinase HCK,INHIBITOR,Tyrosine-protein kinase HCK inhibitor,4
CHEMBL17,DICHLORPHENAMIDE,NS(=O)(=O)c1cc(Cl)c(Cl)c(S(N)(=O)=O)c1,CHEMBL3242,Carbonic anhydrase 12,INHIBITOR,Carbonic anhydrase XII inhibitor,4
CHEMBL20,ACETAZOLAMIDE,CC(=O)Nc1nnc(S(N)(=O)=O)s1,CHEMBL3242,Carbonic anhydrase 12,INHIBITOR,Carbonic anhydrase XII inhibitor,4
CHEMBL1200814,ACETAZOLAMIDE SODIUM,CC(=O)Nc1nnc(S([NH-])(=O)=O)s1.[Na+],CHEMBL3242,Carbonic anhydrase 12,INHIBITOR,Carbonic anhydrase XII inhibitor,4
CHEMBL1561,MIGLITOL,OCCN1C[C@H](O)[C@@H](O)[C@H](O)[C@H]1CO,CHEMBL2608,Lysosomal alpha-glucosidase,INHIBITOR,Lysosomal alpha-glucosidase inhibitor,4
CHEMBL1201733,PAZOPANIB HYDROCHLORIDE,Cc1ccc(Nc2nccc(N(C)c3ccc4c(C)n(C)nc4c3)n2)cc1S(N)(=O)=O.Cl,CHEMBL2742,Fibroblast growth factor receptor 3,INHIBITOR,Fibroblast growth factor receptor 3 inhibitor,4
CHEMBL1372,OXIGLUTATIONE,N[C@@H](CCC(=O)N[C@@H](CSSC[C@H](NC(=O)CC[C@H](N)C(=O)O)C(=O)NCC(=O)O)C(=O)NCC(=O)O)C(=O)O,CHEMBL2755,"Glutathione reductase, mitochondrial",OTHER,Glutathione reductase other,4
CHEMBL513,CARMUSTINE,O=NN(CCCl)C(=O)NCCCl,CHEMBL2755,"Glutathione reductase, mitochondrial",INHIBITOR,Glutathione reductase inhibitor,4
CHEMBL1795071,RUXOLITINIB PHOSPHATE,N#CC[C@H](C1CCCC1)n1cc(-c2ncnc3[nH]ccc23)cn1.O=P(O)(O)O,CHEMBL2835,Tyrosine-protein kinase JAK1,INHIBITOR,Tyrosine-protein kinase JAK1 inhibitor,4
CHEMBL2105741,TRAMETINIB DIMETHYL SULFOXIDE,CC(=O)Nc1cccc(-n2c(=O)n(C3CC3)c(=O)c3c(Nc4ccc(I)cc4F)n(C)c(=O)c(C)c32)c1.C[S+](C)[O-],CHEMBL2964,Dual specificity mitogen-activated protein kinase kinase 2,INHIBITOR,Dual specificity mitogen-activated protein kinase kinase 2 inhibitor,4
CHEMBL1795071,RUXOLITINIB PHOSPHATE,N#CC[C@H](C1CCCC1)n1cc(-c2ncnc3[nH]ccc23)cn1.O=P(O)(O)O,CHEMBL2971,Tyrosine-protein kinase JAK2,INHIBITOR,Tyrosine-protein kinase JAK2 inhibitor,4
CHEMBL1201775,SAPROPTERIN DIHYDROCHLORIDE,C[C@H](O)[C@H](O)[C@H]1CNc2[nH]c(N)nc(=O)c2N1.Cl.Cl,CHEMBL3076,Phenylalanine-4-hydroxylase,ACTIVATOR,Phenylalanine-4-hydroxylase activator,4
CHEMBL4594217,CANAGLIFLOZIN,Cc1ccc([C@@H]2O[C@H](CO)[C@@H](O)[C@H](O)[C@H]2O)cc1Cc1ccc(-c2ccc(F)cc2)s1.O,CHEMBL3884,Sodium/glucose cotransporter 2,INHIBITOR,Sodium/glucose cotransporter 2 inhibitor,4
CHEMBL288441,BOSUTINIB,COc1cc(Nc2c(C#N)cnc3cc(OCCCN4CCN(C)CC4)c(OC)cc23)c(Cl)cc1Cl,CHEMBL3905,Tyrosine-protein kinase Lyn,INHIBITOR,Tyrosine-protein kinase Lyn inhibitor,4
CHEMBL256087,MENTHOL,CC1CCC(C(C)C)C(O)C1,CHEMBL1075319,Transient receptor potential cation channel subfamily M member 8,OPENER,Transient receptor potential cation channel subfamily M member 8 opener,4
CHEMBL222813,ZANAMIVIR,CC(=O)N[C@H]1[C@H]([C@H](O)[C@H](O)CO)OC(C(=O)O)=C[C@@H]1NC(=N)N,CHEMBL3377,Neuraminidase,INHIBITOR,Neuraminidase inhibitor,4
CHEMBL1200340,OSELTAMIVIR PHOSPHATE,CCOC(=O)C1=C[C@@H](OC(CC)CC)[C@H](NC(C)=O)[C@@H](N)C1.O=P(O)(O)O,CHEMBL3377,Neuraminidase,INHIBITOR,Neuraminidase inhibitor,4
CHEMBL204656,ELVITEGRAVIR,COc1cc2c(cc1Cc1cccc(Cl)c1F)c(=O)c(C(=O)O)cn2[C@H](CO)C(C)C,CHEMBL3471,Human immunodeficiency virus type 1 integrase,INHIBITOR,Human immunodeficiency virus type 1 integrase inhibitor,4
CHEMBL518520,RALTEGRAVIR POTASSIUM,Cc1nnc(C(=O)NC(C)(C)c2nc(C(=O)NCc3ccc(F)cc3)c([O-])c(=O)n2C)o1.[K+],CHEMBL3471,Human immunodeficiency virus type 1 integrase,INHIBITOR,Human immunodeficiency virus type 1 integrase inhibitor,4
CHEMBL271227,ABIRATERONE ACETATE,CC(=O)O[C@H]1CC[C@@]2(C)C(=CC[C@@H]3[C@@H]2CC[C@]2(C)C(c4cccnc4)=CC[C@@H]32)C1,CHEMBL3522,"Steroid 17-alpha-hydroxylase/17,20 lyase",INHIBITOR,Cytochrome P450 17A1 inhibitor,4
CHEMBL2105741,TRAMETINIB DIMETHYL SULFOXIDE,CC(=O)Nc1cccc(-n2c(=O)n(C3CC3)c(=O)c3c(Nc4ccc(I)cc4F)n(C)c(=O)c(C)c32)c1.C[S+](C)[O-],CHEMBL3587,Dual specificity mitogen-activated protein kinase kinase 1,INHIBITOR,Dual specificity mitogen-activated protein kinase kinase 1 inhibitor,4
CHEMBL1201733,PAZOPANIB HYDROCHLORIDE,Cc1ccc(Nc2nccc(N(C)c3ccc4c(C)n(C)nc4c3)n2)cc1S(N)(=O)=O.Cl,CHEMBL3650,Fibroblast growth factor receptor 1,INHIBITOR,Fibroblast growth factor receptor 1 inhibitor,4
CHEMBL1946170,REGORAFENIB,CNC(=O)c1cc(Oc2ccc(NC(=O)Nc3ccc(Cl)c(C(F)(F)F)c3)c(F)c2)ccn1,CHEMBL3650,Fibroblast growth factor receptor 1,INHIBITOR,Fibroblast growth factor receptor 1 inhibitor,4
CHEMBL1200907,TRILOSTANE,C[C@]12CC[C@H]3[C@@H](CC[C@@]45O[C@@H]4C(O)=C(C#N)C[C@]35C)[C@@H]1CC[C@@H]2O,CHEMBL3670,3 beta-hydroxysteroid dehydrogenase/Delta 5-->4-isomerase type 2,INHIBITOR,3-beta-hydroxysteroid dehydrogenase/delta 5-->4-isomerase type II inhibitor,4
CHEMBL606,MISOPROSTOL,CCCCC(C)(O)C/C=C/[C@H]1[C@H](O)CC(=O)[C@@H]1CCCCCCC(=O)OC,CHEMBL3710,Prostaglandin E2 receptor EP3 subtype,AGONIST,Prostanoid EP3 receptor agonist,4
CHEMBL2103868,CABOZANTINIB S-MALATE,COc1cc2nccc(Oc3ccc(NC(=O)C4(C(=O)Nc5ccc(F)cc5)CC4)cc3)c2cc1OC.O=C(O)C[C@H](O)C(=O)O,CHEMBL3717,Hepatocyte growth factor receptor,INHIBITOR,Hepatocyte growth factor receptor inhibitor,4
CHEMBL601719,CRIZOTINIB,C[C@@H](Oc1cc(-c2cnn(C3CCNCC3)c2)cnc1N)c1c(Cl)ccc(F)c1Cl,CHEMBL3717,Hepatocyte growth factor receptor,INHIBITOR,Hepatocyte growth factor receptor inhibitor,4
CHEMBL17,DICHLORPHENAMIDE,NS(=O)(=O)c1cc(Cl)c(Cl)c(S(N)(=O)=O)c1,CHEMBL3729,Carbonic anhydrase 4,INHIBITOR,Carbonic anhydrase IV inhibitor,4
CHEMBL19,METHAZOLAMIDE,CC(=O)/N=c1/sc(S(N)(=O)=O)nn1C,CHEMBL3729,Carbonic anhydrase 4,INHIBITOR,Carbonic anhydrase IV inhibitor,4
CHEMBL220492,TOPIRAMATE,CC1(C)O[C@@H]2[C@@H](CO[C@@]3(COS(N)(=O)=O)OC(C)(C)O[C@@H]23)O1,CHEMBL3729,Carbonic anhydrase 4,INHIBITOR,Carbonic anhydrase IV inhibitor,4
CHEMBL20,ACETAZOLAMIDE,CC(=O)Nc1nnc(S(N)(=O)=O)s1,CHEMBL3729,Carbonic anhydrase 4,INHIBITOR,Carbonic anhydrase IV inhibitor,4
CHEMBL1200814,ACETAZOLAMIDE SODIUM,CC(=O)Nc1nnc(S([NH-])(=O)=O)s1.[Na+],CHEMBL3729,Carbonic anhydrase 4,INHIBITOR,Carbonic anhydrase IV inhibitor,4
CHEMBL2095212,MIRABEGRON,Nc1nc(CC(=O)Nc2ccc(CCNC[C@H](O)c3ccccc3)cc2)cs1,CHEMBL246,Beta-3 adrenergic receptor,AGONIST,Beta-3 adrenergic receptor agonist,4
CHEMBL1946170,REGORAFENIB,CNC(=O)c1cc(Oc2ccc(NC(=O)Nc3ccc(Cl)c(C(F)(F)F)c3)c(F)c2)ccn1,CHEMBL3961,Mitogen-activated protein kinase 11,INHIBITOR,MAP kinase p38 beta inhibitor,4
CHEMBL2360464,PEMETREXED DISODIUM,Nc1nc2[nH]cc(CCc3ccc(C(=O)N[C@@H](CCC(=O)[O-])C(=O)[O-])cc3)c2c(=O)[nH]1.[Na+].[Na+],CHEMBL3972,Trifunctional purine biosynthetic protein adenosine-3,INHIBITOR,GAR transformylase inhibitor,4
CHEMBL2010601,IVACAFTOR,CC(C)(C)c1cc(C(C)(C)C)c(NC(=O)c2c[nH]c3ccccc3c2=O)cc1O,CHEMBL4051,Cystic fibrosis transmembrane conductance regulator,POSITIVE MODULATOR,Cystic fibrosis transmembrane conductance regulator positive modulator,4
CHEMBL1200699,DOXYCYCLINE,C[C@H]1c2cccc(O)c2C(=O)C2=C(O)[C@]3(O)C(=O)C(C(N)=O)=C(O)[C@@H](N(C)C)[C@@H]3[C@@H](O)[C@@H]21.O,CHEMBL4073,Matrilysin,INHIBITOR,Matrix metalloproteinase 7 inhibitor,4
CHEMBL2364574,DOXYCYCLINE CALCIUM,C[C@H]1c2cccc([O-])c2C(=O)C2=C(O)[C@]3(O)C(=O)C(C(N)=O)=C(O)[C@@H](N(C)C)[C@@H]3[C@@H](O)[C@@H]21.C[C@H]1c2cccc([O-])c2C(=O)C2=C(O)[C@]3(O)C(=O)C(C(N)=O)=C(O)[C@@H](N(C)C)[C@@H]3[C@@H](O)[C@@H]21.[Ca+2],CHEMBL4073,Matrilysin,INHIBITOR,Matrix metalloproteinase 7 inhibitor,4
CHEMBL3989740,DOXYCYCLINE HYCLATE,CCO.C[C@H]1c2cccc(O)c2C(=O)C2=C(O)[C@]3(O)C(=O)C(C(N)=O)=C(O)[C@@H](N(C)C)[C@@H]3[C@@H](O)[C@@H]21.C[C@H]1c2cccc(O)c2C(=O)C2=C(O)[C@]3(O)C(=O)C(C(N)=O)=C(O)[C@@H](N(C)C)[C@@H]3[C@@H](O)[C@@H]21.Cl.Cl.O,CHEMBL4073,Matrilysin,INHIBITOR,Matrix metalloproteinase 7 inhibitor,4
CHEMBL1946170,REGORAFENIB,CNC(=O)c1cc(Oc2ccc(NC(=O)Nc3ccc(Cl)c(C(F)(F)F)c3)c(F)c2)ccn1,CHEMBL4142,Fibroblast growth factor receptor 2,INHIBITOR,Fibroblast growth factor receptor 2 inhibitor,4
CHEMBL1946170,REGORAFENIB,CNC(=O)c1cc(Oc2ccc(NC(=O)Nc3ccc(Cl)c(C(F)(F)F)c3)c(F)c2)ccn1,CHEMBL4223,Tyrosine-protein kinase FRK,INHIBITOR,Tyrosine-protein kinase FRK inhibitor,4
CHEMBL601719,CRIZOTINIB,C[C@@H](Oc1cc(-c2cnn(C3CCNCC3)c2)cnc1N)c1c(Cl)ccc(F)c1Cl,CHEMBL4247,ALK tyrosine kinase receptor,INHIBITOR,ALK tyrosine kinase receptor inhibitor,4
CHEMBL1463,FLUCYTOSINE,Nc1nc(=O)[nH]cc1F,CHEMBL4665,Thymidylate synthase,INHIBITOR,Thymidylate synthase inhibitor,4
CHEMBL1200699,DOXYCYCLINE,C[C@H]1c2cccc(O)c2C(=O)C2=C(O)[C@]3(O)C(=O)C(C(N)=O)=C(O)[C@@H](N(C)C)[C@@H]3[C@@H](O)[C@@H]21.O,CHEMBL4588,Neutrophil collagenase,INHIBITOR,Matrix metalloproteinase 8 inhibitor,4
CHEMBL2364574,DOXYCYCLINE CALCIUM,C[C@H]1c2cccc([O-])c2C(=O)C2=C(O)[C@]3(O)C(=O)C(C(N)=O)=C(O)[C@@H](N(C)C)[C@@H]3[C@@H](O)[C@@H]21.C[C@H]1c2cccc([O-])c2C(=O)C2=C(O)[C@]3(O)C(=O)C(C(N)=O)=C(O)[C@@H](N(C)C)[C@@H]3[C@@H](O)[C@@H]21.[Ca+2],CHEMBL4588,Neutrophil collagenase,INHIBITOR,Matrix metalloproteinase 8 inhibitor,4
CHEMBL3989740,DOXYCYCLINE HYCLATE,CCO.C[C@H]1c2cccc(O)c2C(=O)C2=C(O)[C@]3(O)C(=O)C(C(N)=O)=C(O)[C@@H](N(C)C)[C@@H]3[C@@H](O)[C@@H]21.C[C@H]1c2cccc(O)c2C(=O)C2=C(O)[C@]3(O)C(=O)C(C(N)=O)=C(O)[C@@H](N(C)C)[C@@H]3[C@@H](O)[C@@H]21.Cl.Cl.O,CHEMBL4588,Neutrophil collagenase,INHIBITOR,Matrix metalloproteinase 8 inhibitor,4
CHEMBL1200699,DOXYCYCLINE,C[C@H]1c2cccc(O)c2C(=O)C2=C(O)[C@]3(O)C(=O)C(C(N)=O)=C(O)[C@@H](N(C)C)[C@@H]3[C@@H](O)[C@@H]21.O,CHEMBL280,Collagenase 3,INHIBITOR,Matrix metalloproteinase 13 inhibitor,4
CHEMBL2364574,DOXYCYCLINE CALCIUM,C[C@H]1c2cccc([O-])c2C(=O)C2=C(O)[C@]3(O)C(=O)C(C(N)=O)=C(O)[C@@H](N(C)C)[C@@H]3[C@@H](O)[C@@H]21.C[C@H]1c2cccc([O-])c2C(=O)C2=C(O)[C@]3(O)C(=O)C(C(N)=O)=C(O)[C@@H](N(C)C)[C@@H]3[C@@H](O)[C@@H]21.[Ca+2],CHEMBL280,Collagenase 3,INHIBITOR,Matrix metalloproteinase 13 inhibitor,4
CHEMBL3989740,DOXYCYCLINE HYCLATE,CCO.C[C@H]1c2cccc(O)c2C(=O)C2=C(O)[C@]3(O)C(=O)C(C(N)=O)=C(O)[C@@H](N(C)C)[C@@H]3[C@@H](O)[C@@H]21.C[C@H]1c2cccc(O)c2C(=O)C2=C(O)[C@]3(O)C(=O)C(C(N)=O)=C(O)[C@@H](N(C)C)[C@@H]3[C@@H](O)[C@@H]21.Cl.Cl.O,CHEMBL280,Collagenase 3,INHIBITOR,Matrix metalloproteinase 13 inhibitor,4
CHEMBL24828,VANDETANIB,COc1cc2/c(=N/c3ccc(Br)cc3F)nc[nH]c2cc1OCC1CCN(C)CC1,CHEMBL4601,Protein-tyrosine kinase 6,INHIBITOR,Tyrosine-protein kinase BRK inhibitor,4
CHEMBL181,DIAZOXIDE,CC1=Nc2ccc(Cl)cc2S(=O)(=O)N1,CHEMBL4770,ATP-sensitive inward rectifier potassium channel 8,OPENER,"Potassium channel, inwardly rectifying, subfamily J, member 8 opener",4
CHEMBL294199,CAPSAICIN,COc1cc(CNC(=O)CCCC/C=C/C(C)C)ccc1O,CHEMBL4794,Transient receptor potential cation channel subfamily V member 1,OPENER,Vanilloid receptor opener,4
CHEMBL1200699,DOXYCYCLINE,C[C@H]1c2cccc(O)c2C(=O)C2=C(O)[C@]3(O)C(=O)C(C(N)=O)=C(O)[C@@H](N(C)C)[C@@H]3[C@@H](O)[C@@H]21.O,CHEMBL332,Interstitial collagenase,INHIBITOR,Matrix metalloproteinase-1 inhibitor,4
CHEMBL3989740,DOXYCYCLINE HYCLATE,CCO.C[C@H]1c2cccc(O)c2C(=O)C2=C(O)[C@]3(O)C(=O)C(C(N)=O)=C(O)[C@@H](N(C)C)[C@@H]3[C@@H](O)[C@@H]21.C[C@H]1c2cccc(O)c2C(=O)C2=C(O)[C@]3(O)C(=O)C(C(N)=O)=C(O)[C@@H](N(C)C)[C@@H]3[C@@H](O)[C@@H]21.Cl.Cl.O,CHEMBL332,Interstitial collagenase,INHIBITOR,Matrix metalloproteinase-1 inhibitor,4
CHEMBL2364574,DOXYCYCLINE CALCIUM,C[C@H]1c2cccc([O-])c2C(=O)C2=C(O)[C@]3(O)C(=O)C(C(N)=O)=C(O)[C@@H](N(C)C)[C@@H]3[C@@H](O)[C@@H]21.C[C@H]1c2cccc([O-])c2C(=O)C2=C(O)[C@]3(O)C(=O)C(C(N)=O)=C(O)[C@@H](N(C)C)[C@@H]3[C@@H](O)[C@@H]21.[Ca+2],CHEMBL332,Interstitial collagenase,INHIBITOR,Matrix metalloproteinase-1 inhibitor,4
CHEMBL1286,LEVETIRACETAM,CC[C@@H](C(N)=O)N1CCCC1=O,CHEMBL4478,Voltage-dependent N-type calcium channel subunit alpha-1B,BLOCKER,Voltage-gated N-type calcium channel alpha-1B subunit blocker,4
CHEMBL1946170,REGORAFENIB,CNC(=O)c1cc(Oc2ccc(NC(=O)Nc3ccc(Cl)c(C(F)(F)F)c3)c(F)c2)ccn1,CHEMBL5122,Discoidin domain-containing receptor 2,INHIBITOR,Discoidin domain-containing receptor 2 inhibitor,4
CHEMBL2105729,DABRAFENIB MESYLATE,CC(C)(C)c1nc(-c2cccc(NS(=O)(=O)c3c(F)cccc3F)c2F)c(-c2ccnc(N)n2)s1.CS(=O)(=O)O,CHEMBL5145,Serine/threonine-protein kinase B-raf,INHIBITOR,Serine/threonine-protein kinase B-raf inhibitor,4
CHEMBL1946170,REGORAFENIB,CNC(=O)c1cc(Oc2ccc(NC(=O)Nc3ccc(Cl)c(C(F)(F)F)c3)c(F)c2)ccn1,CHEMBL5145,Serine/threonine-protein kinase B-raf,INHIBITOR,Serine/threonine-protein kinase B-raf inhibitor,4
CHEMBL1200485,SORAFENIB TOSYLATE,CNC(=O)c1cc(Oc2ccc(NC(=O)Nc3ccc(Cl)c(C(F)(F)F)c3)cc2)ccn1.Cc1ccc(S(=O)(=O)O)cc1,CHEMBL5145,Serine/threonine-protein kinase B-raf,INHIBITOR,Serine/threonine-protein kinase B-raf inhibitor,4
CHEMBL1229517,VEMURAFENIB,CCCS(=O)(=O)Nc1ccc(F)c(C(=O)c2c[nH]c3ncc(-c4ccc(Cl)cc4)cc23)c1F,CHEMBL5145,Serine/threonine-protein kinase B-raf,INHIBITOR,Serine/threonine-protein kinase B-raf inhibitor,4
CHEMBL535650,MEFLOQUINE HYDROCHLORIDE,Cl.OC(c1cc(C(F)(F)F)nc2c(C(F)(F)F)cccc12)C1CCCCN1,CHEMBL613897,Ferriprotoporphyrin IX,INHIBITOR,Ferriprotoporphyrin IX inhibitor,4
CHEMBL58510,CHLOROQUINE PHOSPHATE,CCN(CC)CCCC(C)Nc1ccnc2cc(Cl)ccc12.O=P(O)(O)O.O=P(O)(O)O,CHEMBL613897,Ferriprotoporphyrin IX,INHIBITOR,Ferriprotoporphyrin IX inhibitor,4
CHEMBL566534,ARTEMETHER,CO[C@H]1O[C@@H]2O[C@@]3(C)CC[C@H]4[C@H](C)CC[C@@H]([C@H]1C)[C@@]24OO3,CHEMBL613897,Ferriprotoporphyrin IX,INHIBITOR,Ferriprotoporphyrin IX inhibitor,4
CHEMBL2359966,QUININE SULFATE,C=C[C@H]1CN2CC[C@H]1C[C@H]2[C@H](O)c1ccnc2ccc(OC)cc12.C=C[C@H]1CN2CC[C@H]1C[C@H]2[C@H](O)c1ccnc2ccc(OC)cc12.O.O.O=S(=O)(O)O,CHEMBL613897,Ferriprotoporphyrin IX,INHIBITOR,Ferriprotoporphyrin IX inhibitor,4
CHEMBL4297165,CHLOROQUINE HYDROCHLORIDE,CCN(CC)CCCC(C)Nc1ccnc2cc(Cl)ccc12.Cl.Cl,CHEMBL613897,Ferriprotoporphyrin IX,BINDING AGENT,Ferriprotoporphyrin IX binding agent,4
CHEMBL38827,LUMEFANTRINE,CCCCN(CCCC)CC(O)c1cc(Cl)cc2c1-c1ccc(Cl)cc1/C2=C/c1ccc(Cl)cc1,CHEMBL613897,Ferriprotoporphyrin IX,INHIBITOR,Ferriprotoporphyrin IX inhibitor,4
CHEMBL1690,HYDROXYCHLOROQUINE SULFATE,CCN(CCO)CCCC(C)Nc1ccnc2cc(Cl)ccc12.O=S(=O)(O)O,CHEMBL613897,Ferriprotoporphyrin IX,INHIBITOR,Ferriprotoporphyrin IX inhibitor,4
CHEMBL1643,RIBAVIRIN,NC(=O)c1ncn([C@@H]2O[C@H](CO)[C@@H](O)[C@H]2O)n1,CHEMBL4296320,RNA-directed RNA polymerase,INHIBITOR,RNA-directed RNA polymerase inhibitor,4
CHEMBL2104987,TEDUGLUTIDE,CC[C@H](C)[C@H](NC(=O)[C@H](Cc1ccccc1)NC(=O)[C@H](CC(=O)O)NC(=O)[C@H](CCCNC(=N)N)NC(=O)[C@H](C)NC(=O)[C@H](C)NC(=O)[C@H](CC(C)C)NC(=O)[C@H](CC(N)=O)NC(=O)[C@H](CC(=O)O)NC(=O)[C@H](CC(C)C)NC(=O)[C@@H](NC(=O)[C@@H](NC(=O)[C@H](CC(N)=O)NC(=O)[C@H](CCSC)NC(=O)[C@H](CCC(=O)O)NC(=O)[C@H](CC(=O)O)NC(=O)[C@H](CO)NC(=O)[C@H](Cc1ccccc1)NC(=O)[C@H](CO)NC(=O)CNC(=O)[C@H](CC(=O)O)NC(=O)CNC(=O)[C@@H](N)Cc1c[nH]cn1)[C@@H](C)O)[C@@H](C)CC)C(=O)N[C@@H](CC(N)=O)C(=O)N[C@@H](Cc1c[nH]c2ccccc12)C(=O)N[C@@H](CC(C)C)C(=O)N[C@H](C(=O)N[C@@H](CCC(N)=O)C(=O)N[C@H](C(=O)N[C@@H](CCCCN)C(=O)N[C@H](C(=O)N[C@H](C(=O)N[C@@H](CC(=O)O)C(=O)O)[C@@H](C)O)[C@@H](C)CC)[C@@H](C)O)[C@@H](C)CC,CHEMBL5844,Glucagon-like peptide 2 receptor,AGONIST,Glucagon-like peptide 2 receptor agonist,4
CHEMBL1201134,LUBIPROSTONE,CCCCC(F)(F)[C@@]1(O)CC[C@H]2[C@@H](CC(=O)[C@@H]2CCCCCCC(=O)O)O1,CHEMBL1628478,Chloride channel protein 2,OPENER,Chloride channel protein 2 opener,4
CHEMBL1531,ETONOGESTREL,C#C[C@]1(O)CC[C@H]2[C@@H]3CCC4=CC(=O)CC[C@@H]4[C@H]3C(=C)C[C@@]21CC,CHEMBL208,Progesterone receptor,AGONIST,Progesterone receptor agonist,4
CHEMBL1201139,MEGESTROL ACETATE,CC(=O)O[C@]1(C(C)=O)CC[C@H]2[C@@H]3C=C(C)C4=CC(=O)CC[C@]4(C)[C@H]3CC[C@@]21C,CHEMBL208,Progesterone receptor,AGONIST,Progesterone receptor agonist,4
CHEMBL1201146,NORETHINDRONE ACETATE,C#C[C@]1(OC(C)=O)CC[C@H]2[C@@H]3CCC4=CC(=O)CC[C@@H]4[C@H]3CC[C@@]21C,CHEMBL208,Progesterone receptor,AGONIST,Progesterone receptor agonist,4
CHEMBL717,MEDROXYPROGESTERONE ACETATE,CC(=O)O[C@]1(C(C)=O)CC[C@H]2[C@@H]3C[C@H](C)C4=CC(=O)CC[C@]4(C)[C@H]3CC[C@@]21C,CHEMBL208,Progesterone receptor,AGONIST,Progesterone receptor agonist,4
CHEMBL1162,NORETHINDRONE,C#C[C@]1(O)CC[C@H]2[C@@H]3CCC4=CC(=O)CC[C@@H]4[C@H]3CC[C@@]21C,CHEMBL208,Progesterone receptor,AGONIST,Progesterone receptor agonist,4
CHEMBL1200848,HYDROXYPROGESTERONE CAPROATE,CCCCCC(=O)O[C@]1(C(C)=O)CC[C@H]2[C@@H]3CCC4=CC(=O)CC[C@]4(C)[C@H]3CC[C@@]21C,CHEMBL208,Progesterone receptor,AGONIST,Progesterone receptor agonist,4
CHEMBL1200853,DYDROGESTERONE,CC(=O)[C@H]1CC[C@H]2[C@@H]3C=CC4=CC(=O)CC[C@@]4(C)[C@@H]3CC[C@]12C,CHEMBL208,Progesterone receptor,AGONIST,Progesterone receptor agonist,4
CHEMBL103,PROGESTERONE,CC(=O)[C@H]1CC[C@H]2[C@@H]3CCC4=CC(=O)CC[C@]4(C)[C@H]3CC[C@]12C,CHEMBL208,Progesterone receptor,AGONIST,Progesterone receptor agonist,4
CHEMBL2107797,NORGESTREL,C#CC1(O)CC[C@H]2[C@@H]3CCC4=CC(=O)CC[C@@H]4[C@H]3CC[C@@]21CC,CHEMBL208,Progesterone receptor,AGONIST,Progesterone receptor agonist,4
CHEMBL1200934,NORGESTIMATE,C#C[C@]1(OC(C)=O)CC[C@H]2[C@@H]3CCC4=C/C(=N/O)CC[C@@H]4[C@H]3CC[C@@]21CC,CHEMBL208,Progesterone receptor,AGONIST,Progesterone receptor agonist,4
CHEMBL1389,LEVONORGESTREL,C#C[C@]1(O)CC[C@H]2[C@@H]3CCC4=CC(=O)CC[C@@H]4[C@H]3CC[C@@]21CC,CHEMBL208,Progesterone receptor,AGONIST,Progesterone receptor agonist,4
CHEMBL1533,DESOGESTREL,C#C[C@]1(O)CC[C@H]2[C@@H]3CCC4=CCCC[C@@H]4[C@H]3C(=C)C[C@@]21CC,CHEMBL208,Progesterone receptor,AGONIST,Progesterone receptor agonist,4
CHEMBL260538,ULIPRISTAL ACETATE,CC(=O)O[C@]1(C(C)=O)CC[C@H]2[C@@H]3CCC4=CC(=O)CCC4=C3[C@@H](c3ccc(N(C)C)cc3)C[C@@]21C,CHEMBL208,Progesterone receptor,MODULATOR,Progesterone receptor modulator,4
CHEMBL1200807,NORELGESTROMIN,C#C[C@]1(O)CC[C@H]2[C@@H]3CCC4=C/C(=N/O)CC[C@@H]4[C@H]3CC[C@@]21CC,CHEMBL208,Progesterone receptor,AGONIST,Progesterone receptor agonist,4
CHEMBL1276308,MIFEPRISTONE,CC#C[C@]1(O)CC[C@H]2[C@@H]3CCC4=CC(=O)CCC4=C3[C@@H](c3ccc(N(C)C)cc3)C[C@@]21C,CHEMBL208,Progesterone receptor,ANTAGONIST,Progesterone receptor antagonist,4
CHEMBL1509,DROSPIRENONE,C[C@]12CCC(=O)C=C1[C@@H]1C[C@@H]1[C@H]1[C@@H]3[C@@H]4C[C@@H]4[C@@]4(CCC(=O)O4)[C@@]3(C)CC[C@@H]12,CHEMBL208,Progesterone receptor,AGONIST,Progesterone receptor agonist,4
CHEMBL1479,DANAZOL,C#C[C@]1(O)CC[C@H]2[C@@H]3CCC4=Cc5oncc5C[C@]4(C)[C@H]3CC[C@@]21C,CHEMBL208,Progesterone receptor,AGONIST,Progesterone receptor agonist,4
CHEMBL473417,VISMODEGIB,CS(=O)(=O)c1ccc(C(=O)Nc2ccc(Cl)c(-c3ccccn3)c2)c(Cl)c1,CHEMBL5971,Protein smoothened,INHIBITOR,Smoothened homolog inhibitor,4
CHEMBL256087,MENTHOL,CC1CCC(C(C)C)C(O)C1,CHEMBL6007,Transient receptor potential cation channel subfamily A member 1,OPENER,Transient receptor potential cation channel subfamily A member 1 opener,4
CHEMBL832,SULFINPYRAZONE,O=C1C(CC[S+]([O-])c2ccccc2)C(=O)N(c2ccccc2)N1c1ccccc1,CHEMBL6120,Solute carrier family 22 member 12,INHIBITOR,Solute carrier family 22 member 12 inhibitor,4
CHEMBL1946170,REGORAFENIB,CNC(=O)c1cc(Oc2ccc(NC(=O)Nc3ccc(Cl)c(C(F)(F)F)c3)c(F)c2)ccn1,CHEMBL4128,Angiopoietin-1 receptor,INHIBITOR,Tyrosine-protein kinase TIE-2 inhibitor,4
CHEMBL24828,VANDETANIB,COc1cc2/c(=N/c3ccc(Br)cc3F)nc[nH]c2cc1OCC1CCN(C)CC1,CHEMBL4128,Angiopoietin-1 receptor,INHIBITOR,Tyrosine-protein kinase TIE-2 inhibitor,4
CHEMBL897,PROBENECID,CCCN(CCC)S(=O)(=O)c1ccc(C(=O)O)cc1,CHEMBL1641347,Solute carrier family 22 member 6,INHIBITOR,Solute carrier family 22 member 6 inhibitor,4
CHEMBL897,PROBENECID,CCCN(CCC)S(=O)(=O)c1ccc(C(=O)O)cc1,CHEMBL1641348,Organic anion transporter 3,INHIBITOR,Solute carrier family 22 member 8 inhibitor,4
CHEMBL1214124,PERAMPANEL,N#Cc1ccccc1-c1cc(-c2ccccn2)cn(-c2ccccc2)c1=O,CHEMBL2096670,Glutamate receptor ionotropic AMPA,ANTAGONIST,Glutamate receptor ionotropic AMPA antagonist,4
CHEMBL220492,TOPIRAMATE,CC1(C)O[C@@H]2[C@@H](CO[C@@]3(COS(N)(=O)=O)OC(C)(C)O[C@@H]23)O1,CHEMBL2096670,Glutamate receptor ionotropic AMPA,ANTAGONIST,Glutamate receptor ionotropic AMPA antagonist,4
CHEMBL957,BOSENTAN,COc1ccccc1Oc1c(NS(=O)(=O)c2ccc(C(C)(C)C)cc2)nc(-c2ncccn2)nc1OCCO,CHEMBL2096678,"Endothelin receptor, ET-A/ET-B",ANTAGONIST,"Endothelin receptor, ET-A/ET-B antagonist",4
CHEMBL1111,AMBRISENTAN,COC(c1ccccc1)(c1ccccc1)[C@H](Oc1nc(C)cc(C)n1)C(=O)O,CHEMBL2096678,"Endothelin receptor, ET-A/ET-B",ANTAGONIST,"Endothelin receptor, ET-A/ET-B antagonist",4
CHEMBL897,PROBENECID,CCCN(CCC)S(=O)(=O)c1ccc(C(=O)O)cc1,CHEMBL2073677,Solute carrier family 22 member 11,INHIBITOR,Solute carrier family 22 member 11 inhibitor,4
CHEMBL3,NICOTINE,CN1CCC[C@H]1c1cccnc1,CHEMBL1907589,Neuronal acetylcholine receptor; alpha4/beta2,AGONIST,Neuronal acetylcholine receptor; alpha4/beta2 agonist,4
CHEMBL6067972,VARENICLINE TARTRATE,O=C(O)[C@H](O)[C@@H](O)C(=O)O.c1cnc2cc3c(cc2n1)[C@@H]1CNC[C@H]3C1,CHEMBL1907589,Neuronal acetylcholine receptor; alpha4/beta2,AGONIST,Neuronal acetylcholine receptor; alpha4/beta2 agonist,4
CHEMBL3301675,LINACLOTIDE,C[C@@H]1NC(=O)[C@@H]2CCCN2C(=O)[C@H](CC(N)=O)NC(=O)[C@@H]2CSSC[C@H](N)C(=O)N[C@H]3CSSC[C@H](NC1=O)C(=O)N[C@@H]([C@@H](C)O)C(=O)NCC(=O)N[C@H](C(=O)N[C@@H](Cc1ccc(O)cc1)C(=O)O)CSSC[C@H](NC(=O)[C@H](Cc1ccc(O)cc1)NC(=O)[C@H](CCC(=O)O)NC3=O)C(=O)N2,CHEMBL1795197,Guanylyl cyclase C,AGONIST,Heat-stable enterotoxin receptor agonist,4
CHEMBL675,ALENDRONATE SODIUM,NCCCC(O)(P(=O)([O-])O)P(=O)(O)O.[Na+],CHEMBL1782,Farnesyl pyrophosphate synthase,INHIBITOR,Farnesyl diphosphate synthase inhibitor,4
CHEMBL1654,RISEDRONATE SODIUM,O=P([O-])(O)C(O)(Cc1cccnc1)P(=O)(O)O.[Na+],CHEMBL1782,Farnesyl pyrophosphate synthase,INHIBITOR,Farnesyl diphosphate synthase inhibitor,4
CHEMBL4303669,ZOLEDRONIC ACID,O.O=P(O)(O)C(O)(Cn1ccnc1)P(=O)(O)O,CHEMBL1782,Farnesyl pyrophosphate synthase,INHIBITOR,Farnesyl diphosphate synthase inhibitor,4
CHEMBL3989569,IBANDRONATE SODIUM,CCCCCN(C)CCC(O)(P(=O)([O-])O)P(=O)(O)O.O.[Na+],CHEMBL1782,Farnesyl pyrophosphate synthase,INHIBITOR,Farnesyl diphosphate synthase inhibitor,4
CHEMBL3989401,PAMIDRONATE DISODIUM,NCCC(O)(P(=O)([O-])O)P(=O)([O-])O.O.O.O.O.O.[Na+].[Na+],CHEMBL1782,Farnesyl pyrophosphate synthase,INHIBITOR,Farnesyl diphosphate synthase inhibitor,4
CHEMBL503,LOVASTATIN,CC[C@H](C)C(=O)O[C@H]1C[C@@H](C)C=C2C=C[C@H](C)[C@H](CC[C@@H]3C[C@@H](O)CC(=O)O3)[C@H]21,CHEMBL402,3-hydroxy-3-methylglutaryl-coenzyme A reductase,INHIBITOR,HMG-CoA reductase inhibitor,4
CHEMBL1237061,PITAVASTATIN CALCIUM,O=C([O-])C[C@H](O)C[C@H](O)/C=C/c1c(C2CC2)nc2ccccc2c1-c1ccc(F)cc1.O=C([O-])C[C@H](O)C[C@H](O)/C=C/c1c(C2CC2)nc2ccccc2c1-c1ccc(F)cc1.[Ca+2],CHEMBL402,3-hydroxy-3-methylglutaryl-coenzyme A reductase,INHIBITOR,HMG-CoA reductase inhibitor,4
CHEMBL2218894,FLUVASTATIN SODIUM,CC(C)n1c(/C=C/C(O)CC(O)CC(=O)[O-])c(-c2ccc(F)cc2)c2ccccc21.[Na+],CHEMBL402,3-hydroxy-3-methylglutaryl-coenzyme A reductase,INHIBITOR,HMG-CoA reductase inhibitor,4
CHEMBL1744447,ROSUVASTATIN CALCIUM,CC(C)c1nc(N(C)S(C)(=O)=O)nc(-c2ccc(F)cc2)c1/C=C/[C@@H](O)C[C@@H](O)CC(=O)[O-].CC(C)c1nc(N(C)S(C)(=O)=O)nc(-c2ccc(F)cc2)c1/C=C/[C@@H](O)C[C@@H](O)CC(=O)[O-].[Ca+2],CHEMBL402,3-hydroxy-3-methylglutaryl-coenzyme A reductase,INHIBITOR,HMG-CoA reductase inhibitor,4
CHEMBL690,PRAVASTATIN SODIUM,CC[C@H](C)C(=O)O[C@H]1C[C@H](O)C=C2C=C[C@H](C)[C@H](CC[C@@H](O)C[C@@H](O)CC(=O)[O-])[C@H]21.[Na+],CHEMBL402,3-hydroxy-3-methylglutaryl-coenzyme A reductase,INHIBITOR,HMG-CoA reductase inhibitor,4
CHEMBL393220,ATORVASTATIN CALCIUM,CC(C)c1c(C(=O)Nc2ccccc2)c(-c2ccccc2)c(-c2ccc(F)cc2)n1CC[C@@H](O)C[C@@H](O)CC(=O)[O-].CC(C)c1c(C(=O)Nc2ccccc2)c(-c2ccccc2)c(-c2ccc(F)cc2)n1CC[C@@H](O)C[C@@H](O)CC(=O)[O-].[Ca+2],CHEMBL402,3-hydroxy-3-methylglutaryl-coenzyme A reductase,INHIBITOR,HMG-CoA reductase inhibitor,4
CHEMBL1064,SIMVASTATIN,CCC(C)(C)C(=O)O[C@H]1C[C@@H](C)C=C2C=C[C@H](C)[C@H](CC[C@@H]3C[C@@H](O)CC(=O)O3)[C@H]21,CHEMBL402,3-hydroxy-3-methylglutaryl-coenzyme A reductase,INHIBITOR,HMG-CoA reductase inhibitor,4
CHEMBL1096,AMLEXANOX,CC(C)c1ccc2oc3nc(N)c(C(=O)O)cc3c(=O)c2c1,CHEMBL2093863,Phosphodiesterase 4,INHIBITOR,Phosphodiesterase 4 inhibitor,4
CHEMBL1752,DYPHYLLINE,Cn1c(=O)c2c(ncn2CC(O)CO)n(C)c1=O,CHEMBL2093863,Phosphodiesterase 4,INHIBITOR,Phosphodiesterase 4 inhibitor,4
CHEMBL193240,ROFLUMILAST,O=C(Nc1c(Cl)cncc1Cl)c1ccc(OC(F)F)c(OCC2CC2)c1,CHEMBL2093863,Phosphodiesterase 4,INHIBITOR,Phosphodiesterase 4 inhibitor,4
CHEMBL1355736,THEOPHYLLINE,Cn1c(=O)c2nc[nH]c2n(C)c1=O.O,CHEMBL2093863,Phosphodiesterase 4,INHIBITOR,Phosphodiesterase 4 inhibitor,4
CHEMBL1200875,FLAVOXATE HYDROCHLORIDE,Cc1c(-c2ccccc2)oc2c(C(=O)OCCN3CCCCC3)cccc2c1=O.Cl,CHEMBL2093863,Phosphodiesterase 4,INHIBITOR,Phosphodiesterase 4 inhibitor,4
CHEMBL1370561,AMINOPHYLLINE,Cn1c(=O)c2[nH]cnc2n(C)c1=O.Cn1c(=O)c2[nH]cnc2n(C)c1=O.NCCN,CHEMBL2093863,Phosphodiesterase 4,INHIBITOR,Phosphodiesterase 4 inhibitor,4
CHEMBL343448,ROMIDEPSIN,C/C=C1\NC(=O)[C@H]2CSSCC/C=C/[C@H](CC(=O)N[C@H](C(C)C)C(=O)N2)OC(=O)[C@H](C(C)C)NC1=O,CHEMBL2093865,Histone deacetylase,INHIBITOR,Histone deacetylase inhibitor,4
CHEMBL2105395,OSPEMIFENE,OCCOc1ccc(/C(=C(/CCCl)c2ccccc2)c2ccccc2)cc1,CHEMBL2093866,Estrogen receptor,MODULATOR,Estrogen receptor modulator,4
CHEMBL1200598,DIETHYLSTILBESTROL DIPHOSPHATE,CC/C(=C(/CC)c1ccc(OP(=O)(O)O)cc1)c1ccc(OP(=O)(O)O)cc1,CHEMBL2093866,Estrogen receptor,AGONIST,Estrogen receptor agonist,4
CHEMBL1358,FULVESTRANT,C[C@]12CC[C@@H]3c4ccc(O)cc4C[C@@H](CCCCCCCCC[S+]([O-])CCCC(F)(F)C(F)(F)F)[C@H]3[C@@H]1CC[C@@H]2O,CHEMBL206,Estrogen receptor,ANTAGONIST,Estrogen receptor alpha antagonist,4
CHEMBL1200675,TOREMIFENE CITRATE,CN(C)CCOc1ccc(/C(=C(/CCCl)c2ccccc2)c2ccccc2)cc1.O=C(O)CC(O)(CC(=O)O)C(=O)O,CHEMBL2093866,Estrogen receptor,MODULATOR,Estrogen receptor modulator,4
CHEMBL1174,EPTIFIBATIDE,N=C(N)NCCCC[C@@H]1NC(=O)CCSSC[C@@H](C(N)=O)NC(=O)[C@@H]2CCCN2C(=O)[C@H](Cc2c[nH]c3ccccc23)NC(=O)[C@H](CC(=O)O)NC(=O)CNC1=O,CHEMBL2093869,Integrin alpha-IIb/beta-3,INHIBITOR,Integrin alpha-IIb/beta-3 inhibitor,4
CHEMBL3189072,TIROFIBAN HYDROCHLORIDE,CCCCS(=O)(=O)N[C@@H](Cc1ccc(OCCCCC2CCNCC2)cc1)C(=O)O.Cl.O,CHEMBL2093869,Integrin alpha-IIb/beta-3,INHIBITOR,Integrin alpha-IIb/beta-3 inhibitor,4
CHEMBL1503,OMEPRAZOLE,COc1ccc2[nH]c([S+]([O-])Cc3ncc(C)c(OC)c3C)nc2c1,CHEMBL2095173,Potassium-transporting ATPase,INHIBITOR,Potassium-transporting ATPase inhibitor,4
CHEMBL1201863,DEXLANSOPRAZOLE,Cc1c(OCC(F)(F)F)ccnc1C[S@@+]([O-])c1nc2ccccc2[nH]1,CHEMBL2095173,Potassium-transporting ATPase,INHIBITOR,Potassium-transporting ATPase inhibitor,4
CHEMBL1567328,OMEPRAZOLE MAGNESIUM,COc1ccc2[n-]c([S+]([O-])Cc3ncc(C)c(OC)c3C)nc2c1.COc1ccc2[n-]c([S+]([O-])Cc3ncc(C)c(OC)c3C)nc2c1.[Mg+2],CHEMBL2095173,Potassium-transporting ATPase,INHIBITOR,Potassium-transporting ATPase inhibitor,4
CHEMBL1200930,RABEPRAZOLE SODIUM,COCCCOc1ccnc(C[S+]([O-])c2nc3ccccc3[n-]2)c1C.[Na+],CHEMBL2095173,Potassium-transporting ATPase,INHIBITOR,Potassium-transporting ATPase inhibitor,4
CHEMBL3989559,PANTOPRAZOLE SODIUM,COc1ccnc(C[S+]([O-])c2nc3cc(OC(F)F)ccc3[n-]2)c1OC.O.[Na+],CHEMBL2095173,Potassium-transporting ATPase,INHIBITOR,Potassium-transporting ATPase inhibitor,4
CHEMBL480,LANSOPRAZOLE,Cc1c(OCC(F)(F)F)ccnc1C[S+]([O-])c1nc2ccccc2[nH]1,CHEMBL2095173,Potassium-transporting ATPase,INHIBITOR,Potassium-transporting ATPase inhibitor,4
CHEMBL1200470,ESOMEPRAZOLE SODIUM,COc1ccc2[n-]c([S@@+]([O-])Cc3ncc(C)c(OC)c3C)nc2c1.[Na+],CHEMBL2095173,Potassium-transporting ATPase,INHIBITOR,Potassium-transporting ATPase inhibitor,4
CHEMBL5314366,ESOMEPRAZOLE MAGNESIUM,COc1ccc2[nH]c([S@@+]([O-])Cc3ncc(C)c(OC)c3C)nc2c1.COc1ccc2[nH]c([S@@+]([O-])Cc3ncc(C)c(OC)c3C)nc2c1.O.O.O.[Mg+2],CHEMBL2095173,Potassium-transporting ATPase,INHIBITOR,Potassium-transporting ATPase inhibitor,4
CHEMBL1200794,OXYMORPHONE HYDROCHLORIDE,CN1CC[C@]23c4c5ccc(O)c4O[C@H]2C(=O)CC[C@@]3(O)[C@H]1C5.Cl,CHEMBL2095181,Opioid receptors; mu/kappa/delta,AGONIST,Opioid receptors; mu/kappa/delta agonist,4
CHEMBL19019,NALTREXONE,O=C1CC[C@@]2(O)[C@H]3Cc4ccc(O)c5c4[C@@]2(CCN3CC2CC2)[C@H]1O5,CHEMBL2095181,Opioid receptors; mu/kappa/delta,ANTAGONIST,Opioid receptors; mu/kappa/delta antagonist,4
CHEMBL6067642,CODEINE PHOSPHATE,COc1ccc2c3c1O[C@H]1[C@@H](O)C=C[C@H]4[C@@H](C2)N(C)CC[C@@]341.COc1ccc2c3c1O[C@H]1[C@@H](O)C=C[C@H]4[C@@H](C2)N(C)CC[C@@]341.O.O=P(O)(O)O.O=P(O)(O)O,CHEMBL2095181,Opioid receptors; mu/kappa/delta,AGONIST,Opioid receptors; mu/kappa/delta agonist,4
CHEMBL4297091,CODEINE SULFATE,COc1ccc2c3c1O[C@H]1[C@@H](O)C=C[C@H]4[C@@H](C2)N(C)CC[C@@]341.COc1ccc2c3c1O[C@H]1[C@@H](O)C=C[C@H]4[C@@H](C2)N(C)CC[C@@]341.O.O.O.O=S(=O)(O)O,CHEMBL2095181,Opioid receptors; mu/kappa/delta,AGONIST,Opioid receptors; mu/kappa/delta agonist,4
CHEMBL1201149,NALTREXONE HYDROCHLORIDE,Cl.O=C1CC[C@@]2(O)[C@H]3Cc4ccc(O)c5c4[C@@]2(CCN3CC2CC2)[C@H]1O5,CHEMBL2095181,Opioid receptors; mu/kappa/delta,ANTAGONIST,Opioid receptors; mu/kappa/delta antagonist,4
CHEMBL1201132,NALBUPHINE HYDROCHLORIDE,Cl.Oc1ccc2c3c1O[C@H]1[C@@H](O)CC[C@@]4(O)[C@@H](C2)N(CC2CCC2)CC[C@]314,CHEMBL2095181,Opioid receptors; mu/kappa/delta,AGONIST,Opioid receptors; mu/kappa/delta agonist,4
CHEMBL1718,NALOXONE HYDROCHLORIDE,C=CCN1CC[C@]23c4c5ccc(O)c4O[C@H]2C(=O)CC[C@@]3(O)[C@H]1C5.Cl,CHEMBL2095181,Opioid receptors; mu/kappa/delta,ANTAGONIST,Opioid receptors; mu/kappa/delta antagonist,4
CHEMBL3989677,HYDROCODONE BITARTRATE,COc1ccc2c3c1O[C@H]1C(=O)CC[C@H]4[C@@H](C2)N(C)CC[C@]314.O.O.O=C(O)C(O)C(O)C(=O)O,CHEMBL2095181,Opioid receptors; mu/kappa/delta,AGONIST,Opioid receptors; mu/kappa/delta agonist,4
CHEMBL428647,PACLITAXEL,CC(=O)O[C@H]1C(=O)[C@@]2(C)[C@H]([C@H](OC(=O)c3ccccc3)[C@]3(O)C[C@H](OC(=O)[C@H](O)[C@@H](NC(=O)c4ccccc4)c4ccccc4)C(C)=C1C3(C)C)[C@]1(OC(C)=O)CO[C@@H]1C[C@@H]2O,CHEMBL2095182,Tubulin,INHIBITOR,Tubulin inhibitor,4
CHEMBL3545252,DOCETAXEL,CC(=O)O[C@@]12CO[C@@H]1C[C@H](O)[C@@]1(C)C(=O)[C@H](O)C3=C(C)[C@@H](OC(=O)[C@H](O)[C@@H](NC(=O)OC(C)(C)C)c4ccccc4)C[C@@](O)([C@@H](OC(=O)c4ccccc4)[C@H]21)C3(C)C.O.O.O,CHEMBL2095182,Tubulin,INHIBITOR,Tubulin inhibitor,4
CHEMBL1683544,ERIBULIN MESYLATE,C=C1C[C@@H]2CC[C@@]34C[C@H]5O[C@H]6[C@@H](O3)[C@H]3O[C@H](CC[C@@H]3O[C@H]6[C@H]5O4)CC(=O)C[C@@H]3[C@@H](OC)[C@@H](C[C@H](O)CN)O[C@H]3C[C@H]3O[C@@H](CC[C@@H]1O2)C[C@@H](C)C3=C.CS(=O)(=O)O,CHEMBL2095182,Tubulin,INHIBITOR,Tubulin inhibitor,4
CHEMBL1201748,CABAZITAXEL,CO[C@H]1C(=O)[C@]2(C)[C@@H](OC)C[C@H]3OC[C@@]3(OC(C)=O)[C@H]2[C@H](OC(=O)c2ccccc2)[C@]2(O)C[C@H](OC(=O)[C@H](O)[C@@H](NC(=O)OC(C)(C)C)c3ccccc3)C(C)=C1C2(C)C,CHEMBL2095182,Tubulin,INHIBITOR,Tubulin inhibitor,4
CHEMBL107,COLCHICINE,COc1cc2c(c(OC)c1OC)-c1ccc(OC)c(=O)cc1[C@@H](NC(C)=O)CC2,CHEMBL2095182,Tubulin,INHIBITOR,Tubulin inhibitor,4
CHEMBL1201752,IXABEPILONE,C/C(=C\c1csc(C)n1)[C@@H]1C[C@@H]2O[C@]2(C)CCC[C@H](C)[C@H](O)[C@@H](C)C(=O)C(C)(C)[C@@H](O)CC(=O)N1,CHEMBL2095182,Tubulin,INHIBITOR,Tubulin inhibitor,4
CHEMBL501867,VINCRISTINE SULFATE,CC[C@]1(O)C[C@H]2CN(CCc3c([nH]c4ccccc34)[C@@](C(=O)OC)(c3cc4c(cc3OC)N(C=O)[C@H]3[C@@](O)(C(=O)OC)[C@H](OC(C)=O)[C@]5(CC)C=CCN6CC[C@]43[C@@H]65)C2)C1.O=S(=O)(O)O,CHEMBL2095182,Tubulin,INHIBITOR,Tubulin inhibitor,4
CHEMBL538943,VINORELBINE TARTRATE,CCC1=C[C@@H]2CN(C1)Cc1c([nH]c3ccccc13)[C@@](C(=O)OC)(c1cc3c(cc1OC)N(C)[C@H]1[C@@](O)(C(=O)OC)[C@H](OC(C)=O)[C@]4(CC)C=CCN5CC[C@]31[C@@H]54)C2.O=C(O)C(O)C(O)C(=O)O.O=C(O)C(O)C(O)C(=O)O,CHEMBL2095182,Tubulin,INHIBITOR,Tubulin inhibitor,4
CHEMBL378544,VINBLASTINE SULFATE,CC[C@]1(O)C[C@@H]2CN(CCc3c([nH]c4ccccc34)[C@@](C(=O)OC)(c3cc4c(cc3OC)N(C)[C@H]3[C@@](O)(C(=O)OC)[C@H](OC(C)=O)[C@]5(CC)C=CCN6CC[C@]43[C@@H]65)C2)C1.O=S(=O)(O)O,CHEMBL2095182,Tubulin,INHIBITOR,Tubulin inhibitor,4
CHEMBL1200826,LITHIUM CARBONATE,O=C([O-])[O-].[Li+].[Li+],CHEMBL2095188,Glycogen synthase kinase-3,INHIBITOR,Glycogen synthase kinase-3 inhibitor,4
CHEMBL2103738,LITHIUM CITRATE,O.O.O.O.O=C([O-])CC(O)(CC(=O)[O-])C(=O)[O-].[Li+].[Li+].[Li+],CHEMBL2095188,Glycogen synthase kinase-3,INHIBITOR,Glycogen synthase kinase-3 inhibitor,4
CHEMBL1201733,PAZOPANIB HYDROCHLORIDE,Cc1ccc(Nc2nccc(N(C)c3ccc4c(C)n(C)nc4c3)n2)cc1S(N)(=O)=O.Cl,CHEMBL2095189,Platelet-derived growth factor receptor,INHIBITOR,Platelet-derived growth factor receptor inhibitor,4
CHEMBL1946170,REGORAFENIB,CNC(=O)c1cc(Oc2ccc(NC(=O)Nc3ccc(Cl)c(C(F)(F)F)c3)c(F)c2)ccn1,CHEMBL2095189,Platelet-derived growth factor receptor,INHIBITOR,Platelet-derived growth factor receptor inhibitor,4
CHEMBL1567,SUNITINIB MALATE,CCN(CC)CCNC(=O)c1c(C)[nH]c(/C=C2\C(=O)Nc3ccc(F)cc32)c1C.O=C(O)C[C@H](O)C(=O)O,CHEMBL2095189,Platelet-derived growth factor receptor,INHIBITOR,Platelet-derived growth factor receptor inhibitor,4
CHEMBL2105708,PONATINIB HYDROCHLORIDE,Cc1ccc(C(=O)Nc2ccc(CN3CCN(C)CC3)c(C(F)(F)F)c2)cc1C#Cc1cnc2cccnn12.Cl,CHEMBL2096618,Bcr/Abl fusion protein,INHIBITOR,Bcr/Abl fusion protein inhibitor,4
CHEMBL723,CARVEDILOL,COc1ccccc1OCCNCC(O)COc1cccc2[nH]c3ccccc3c12,CHEMBL2094118,Adrenergic receptor beta,ANTAGONIST,Adrenergic receptor beta antagonist,4
CHEMBL1201167,CARVEDILOL PHOSPHATE,COc1ccccc1OCCNCC(O)COc1cccc2[nH]c3ccccc3c12.O=P(O)(O)O,CHEMBL2094118,Adrenergic receptor beta,ANTAGONIST,Adrenergic receptor beta antagonist,4
CHEMBL1201002,CARTEOLOL HYDROCHLORIDE,CC(C)(C)NCC(O)COc1cccc2c1CCC(=O)N2.Cl,CHEMBL2094118,Adrenergic receptor beta,ANTAGONIST,Adrenergic receptor beta antagonist,4
CHEMBL1711,ISOPROTERENOL HYDROCHLORIDE,CC(C)NCC(O)c1ccc(O)c(O)c1.Cl,CHEMBL2094118,Adrenergic receptor beta,AGONIST,Adrenergic receptor beta agonist,4
CHEMBL1200395,ORPHENADRINE CITRATE,Cc1ccccc1C(OCCN(C)C)c1ccccc1.O=C(O)CC(O)(CC(=O)O)C(=O)O,CHEMBL2094124,Glutamate [NMDA] receptor,ANTAGONIST,Glutamate [NMDA] receptor antagonist,4
CHEMBL2068724,ACAMPROSATE CALCIUM,CC(=O)NCCCS(=O)(=O)[O-].CC(=O)NCCCS(=O)(=O)[O-].[Ca+2],CHEMBL2094124,Glutamate [NMDA] receptor,ANTAGONIST,Glutamate [NMDA] receptor antagonist,4
CHEMBL1569,AMANTADINE HYDROCHLORIDE,Cl.NC12CC3CC(CC(C3)C1)C2,CHEMBL2094124,Glutamate [NMDA] receptor,ANTAGONIST,Glutamate [NMDA] receptor antagonist,4
CHEMBL1699,MEMANTINE HYDROCHLORIDE,CC12CC3CC(C)(C1)CC(N)(C3)C2.Cl,CHEMBL2094124,Glutamate [NMDA] receptor,NEGATIVE ALLOSTERIC MODULATOR,Glutamate [NMDA] receptor negative allosteric modulator,4
CHEMBL1201023,ORPHENADRINE HYDROCHLORIDE,Cc1ccccc1C(OCCN(C)C)c1ccccc1.Cl,CHEMBL2094124,Glutamate [NMDA] receptor,ANTAGONIST,Glutamate [NMDA] receptor antagonist,4
CHEMBL1094,FELBAMATE,NC(=O)OCC(COC(N)=O)c1ccccc1,CHEMBL2094124,Glutamate [NMDA] receptor,ANTAGONIST,Glutamate [NMDA] receptor antagonist,4
CHEMBL1714,KETAMINE HYDROCHLORIDE,CNC1(c2ccccc2Cl)CCCCC1=O.Cl,CHEMBL2094124,Glutamate [NMDA] receptor,NEGATIVE ALLOSTERIC MODULATOR,Glutamate [NMDA] receptor negative allosteric modulator,4
CHEMBL1200759,ANAGRELIDE HYDROCHLORIDE,Cl.O=C1CN2Cc3c(ccc(Cl)c3Cl)N=C2N1,CHEMBL2094125,Phosphodiesterase 3,INHIBITOR,Phosphodiesterase 3 inhibitor,4
CHEMBL1370561,AMINOPHYLLINE,Cn1c(=O)c2[nH]cnc2n(C)c1=O.Cn1c(=O)c2[nH]cnc2n(C)c1=O.NCCN,CHEMBL2094125,Phosphodiesterase 3,INHIBITOR,Phosphodiesterase 3 inhibitor,4
CHEMBL1355736,THEOPHYLLINE,Cn1c(=O)c2nc[nH]c2n(C)c1=O.O,CHEMBL2094125,Phosphodiesterase 3,INHIBITOR,Phosphodiesterase 3 inhibitor,4
CHEMBL1218,RAMELTEON,CCC(=O)NCC[C@@H]1CCc2ccc3c(c21)CCO3,CHEMBL2094268,Melatonin receptor,AGONIST,Melatonin receptor agonist,4
CHEMBL1200389,BRIMONIDINE TARTRATE,Brc1c(NC2=NCCN2)ccc2nccnc12.O=C(O)[C@H](O)[C@@H](O)C(=O)O,CHEMBL2095158,Adrenergic receptor alpha-2,AGONIST,Adrenergic receptor alpha-2 agonist,4
CHEMBL2106195,DEXMEDETOMIDINE HYDROCHLORIDE,Cc1cccc([C@H](C)c2c[nH]cn2)c1C.Cl,CHEMBL2095158,Adrenergic receptor alpha-2,AGONIST,Adrenergic receptor alpha-2 agonist,4
CHEMBL1200329,TIZANIDINE HYDROCHLORIDE,Cl.Clc1ccc2nsnc2c1NC1=NCCN1,CHEMBL2095158,Adrenergic receptor alpha-2,AGONIST,Adrenergic receptor alpha-2 agonist,4
CHEMBL654,MIRTAZAPINE,CN1CCN2c3ncccc3Cc3ccccc3C2C1,CHEMBL2095158,Adrenergic receptor alpha-2,ANTAGONIST,Adrenergic receptor alpha-2 antagonist,4
CHEMBL1705,CLONIDINE HYDROCHLORIDE,Cl.Clc1cccc(Cl)c1NC1=NCCN1,CHEMBL2095158,Adrenergic receptor alpha-2,AGONIST,Adrenergic receptor alpha-2 agonist,4
CHEMBL1200494,GUANFACINE HYDROCHLORIDE,Cl.N=C(N)NC(=O)Cc1c(Cl)cccc1Cl,CHEMBL2095158,Adrenergic receptor alpha-2,AGONIST,Adrenergic receptor alpha-2 agonist,4
CHEMBL134,CLONIDINE,Clc1cccc(Cl)c1NC1=NCCN1,CHEMBL2095158,Adrenergic receptor alpha-2,AGONIST,Adrenergic receptor alpha-2 agonist,4
CHEMBL459,METHYLDOPA,C[C@](N)(Cc1ccc(O)c(O)c1)C(=O)O,CHEMBL2095158,Adrenergic receptor alpha-2,AGONIST,Adrenergic receptor alpha-2 agonist,4
CHEMBL2311030,ERGOLOID MESYLATES,CC(C)C[C@H]1C(=O)N2CCC[C@H]2[C@]2(O)O[C@](NC(=O)[C@@H]3C[C@@H]4c5cccc6[nH]cc(c56)C[C@H]4N(C)C3)(C(C)C)C(=O)N12.CC(C)[C@@]1(NC(=O)[C@@H]2C[C@@H]3c4cccc5[nH]cc(c45)C[C@H]3N(C)C2)O[C@@]2(O)[C@@H]3CCCN3C(=O)[C@H](Cc3ccccc3)N2C1=O.CC(C)[C@H]1C(=O)N2CCC[C@H]2[C@]2(O)O[C@](NC(=O)[C@@H]3C[C@@H]4c5cccc6[nH]cc(c56)C[C@H]4N(C)C3)(C(C)C)C(=O)N12.CCC(C)[C@H]1C(=O)N2CCC[C@H]2[C@]2(O)O[C@](NC(=O)[C@@H]3C[C@@H]4c5cccc6[nH]cc(c56)C[C@H]4N(C)C3)(C(C)C)C(=O)N12.CS(=O)(=O)O.CS(=O)(=O)O.CS(=O)(=O)O.CS(=O)(=O)O,CHEMBL2096905,Dopamine receptor,AGONIST,Dopamine receptor agonist,4
CHEMBL1113,AMOXAPINE,Clc1ccc2c(c1)C(N1CCNCC1)=Nc1ccccc1O2,CHEMBL2096905,Dopamine receptor,ANTAGONIST,Dopamine receptor antagonist,4
CHEMBL1423,PIMOZIDE,O=c1[nH]c2ccccc2n1C1CCN(CCCC(c2ccc(F)cc2)c2ccc(F)cc2)CC1,CHEMBL2096905,Dopamine receptor,ANTAGONIST,Dopamine receptor antagonist,4
CHEMBL220492,TOPIRAMATE,CC1(C)O[C@@H]2[C@@H](CO[C@@]3(COS(N)(=O)=O)OC(C)(C)O[C@@H]23)O1,CHEMBL2109241,Glutamate receptor ionotropic kainate,ANTAGONIST,Glutamate receptor ionotropic kainate antagonist,4
CHEMBL3833353,PRAMLINTIDE ACETATE,CC(=O)O.CC[C@H](C)[C@H](NC(=O)[C@@H]1CCCN1C(=O)CNC(=O)[C@H](Cc1ccccc1)NC(=O)[C@H](CC(N)=O)NC(=O)[C@H](CC(N)=O)NC(=O)[C@H](CO)NC(=O)[C@H](CO)NC(=O)[C@H](Cc1c[nH]cn1)NC(=O)[C@@H](NC(=O)[C@H](CC(C)C)NC(=O)[C@H](Cc1ccccc1)NC(=O)[C@H](CC(N)=O)NC(=O)[C@H](C)NC(=O)[C@H](CC(C)C)NC(=O)[C@H](CCCNC(=N)N)NC(=O)[C@H](CCC(N)=O)NC(=O)[C@@H](NC(=O)[C@H](C)NC(=O)[C@@H]1CSSC[C@H](NC(=O)[C@@H](N)CCCCN)C(=O)N[C@@H](CC(N)=O)C(=O)N[C@@H]([C@@H](C)O)C(=O)N[C@@H](C)C(=O)N[C@@H]([C@@H](C)O)C(=O)N1)[C@@H](C)O)C(C)C)C(=O)N[C@@H](CC(C)C)C(=O)N1CCC[C@H]1C(=O)N1CCC[C@H]1C(=O)N[C@H](C(=O)N[C@@H](CC(N)=O)C(=O)N[C@H](C(=O)NCC(=O)N[C@@H](CO)C(=O)N[C@@H](CC(N)=O)C(=O)N[C@H](C(=O)N[C@@H](Cc1ccc(O)cc1)C(N)=O)[C@@H](C)O)C(C)C)[C@@H](C)O,CHEMBL2111189,"Amylin receptor AMY1, CALCR/RAMP1",AGONIST,"Amylin receptor AMY1, CALCR/RAMP1 agonist",4
CHEMBL3833353,PRAMLINTIDE ACETATE,CC(=O)O.CC[C@H](C)[C@H](NC(=O)[C@@H]1CCCN1C(=O)CNC(=O)[C@H](Cc1ccccc1)NC(=O)[C@H](CC(N)=O)NC(=O)[C@H](CC(N)=O)NC(=O)[C@H](CO)NC(=O)[C@H](CO)NC(=O)[C@H](Cc1c[nH]cn1)NC(=O)[C@@H](NC(=O)[C@H](CC(C)C)NC(=O)[C@H](Cc1ccccc1)NC(=O)[C@H](CC(N)=O)NC(=O)[C@H](C)NC(=O)[C@H](CC(C)C)NC(=O)[C@H](CCCNC(=N)N)NC(=O)[C@H](CCC(N)=O)NC(=O)[C@@H](NC(=O)[C@H](C)NC(=O)[C@@H]1CSSC[C@H](NC(=O)[C@@H](N)CCCCN)C(=O)N[C@@H](CC(N)=O)C(=O)N[C@@H]([C@@H](C)O)C(=O)N[C@@H](C)C(=O)N[C@@H]([C@@H](C)O)C(=O)N1)[C@@H](C)O)C(C)C)C(=O)N[C@@H](CC(C)C)C(=O)N1CCC[C@H]1C(=O)N1CCC[C@H]1C(=O)N[C@H](C(=O)N[C@@H](CC(N)=O)C(=O)N[C@H](C(=O)NCC(=O)N[C@@H](CO)C(=O)N[C@@H](CC(N)=O)C(=O)N[C@H](C(=O)N[C@@H](Cc1ccc(O)cc1)C(N)=O)[C@@H](C)O)C(C)C)[C@@H](C)O,CHEMBL2111190,Amylin receptor AMY3; CALCR/RAMP3,AGONIST,Amylin receptor AMY3; CALCR/RAMP3 agonist,4
CHEMBL2062264,PHENYLEPHRINE BITARTRATE,CNC[C@H](O)c1cccc(O)c1.O=C(O)C(O)C(O)C(=O)O,CHEMBL2094251,Adrenergic receptor alpha-1,AGONIST,Adrenergic receptor alpha-1 agonist,4
CHEMBL723,CARVEDILOL,COc1ccccc1OCCNCC(O)COc1cccc2[nH]c3ccccc3c12,CHEMBL2094251,Adrenergic receptor alpha-1,ANTAGONIST,Adrenergic receptor alpha-1 antagonist,4
CHEMBL1723,ALFUZOSIN HYDROCHLORIDE,COc1cc2nc(N(C)CCCNC(=O)C3CCCO3)nc(N)c2cc1OC.Cl,CHEMBL2094251,Adrenergic receptor alpha-1,AGONIST,Adrenergic receptor alpha-1 agonist,4
CHEMBL1200561,DOXAZOSIN MESYLATE,COc1cc2nc(N3CCN(C(=O)C4COc5ccccc5O4)CC3)nc(N)c2cc1OC.CS(=O)(=O)O,CHEMBL2094251,Adrenergic receptor alpha-1,ANTAGONIST,Adrenergic receptor alpha-1 antagonist,4
CHEMBL1201103,METHOXAMINE HYDROCHLORIDE,COc1ccc(OC)c(C(O)C(C)N)c1.Cl,CHEMBL2094251,Adrenergic receptor alpha-1,AGONIST,Adrenergic receptor alpha-1 agonist,4
CHEMBL1201167,CARVEDILOL PHOSPHATE,COc1ccccc1OCCNCC(O)COc1cccc2[nH]c3ccccc3c12.O=P(O)(O)O,CHEMBL2094251,Adrenergic receptor alpha-1,ANTAGONIST,Adrenergic receptor alpha-1 antagonist,4
CHEMBL1200461,MIDODRINE HYDROCHLORIDE,COc1ccc(OC)c(C(O)CNC(=O)CN)c1.Cl,CHEMBL2094251,Adrenergic receptor alpha-1,AGONIST,Adrenergic receptor alpha-1 agonist,4
CHEMBL1200339,PHENYLEPHRINE HYDROCHLORIDE,CNC[C@H](O)c1cccc(O)c1.Cl,CHEMBL2094251,Adrenergic receptor alpha-1,AGONIST,Adrenergic receptor alpha-1 agonist,4
CHEMBL1558,PRAZOSIN HYDROCHLORIDE,COc1cc2nc(N3CCN(C(=O)c4ccco4)CC3)nc(N)c2cc1OC.Cl,CHEMBL2094251,Adrenergic receptor alpha-1,ANTAGONIST,Adrenergic receptor alpha-1 antagonist,4
CHEMBL1200914,TAMSULOSIN HYDROCHLORIDE,CCOc1ccccc1OCCN[C@H](C)Cc1ccc(OC)c(S(N)(=O)=O)c1.Cl,CHEMBL2094251,Adrenergic receptor alpha-1,ANTAGONIST,Adrenergic receptor alpha-1 antagonist,4
CHEMBL3989562,TERAZOSIN HYDROCHLORIDE,COc1cc2nc(N3CCN(C(=O)C4CCCO4)CC3)nc(N)c2cc1OC.Cl.O.O,CHEMBL2094251,Adrenergic receptor alpha-1,ANTAGONIST,Adrenergic receptor alpha-1 antagonist,4
CHEMBL3989408,IBUPROFEN SODIUM,CC(C)Cc1ccc(C(C)C(=O)[O-])cc1.O.O.[Na+],CHEMBL2094253,Cyclooxygenase,INHIBITOR,Cyclooxygenase inhibitor,4
CHEMBL112,ACETAMINOPHEN,CC(=O)Nc1ccc(O)cc1,CHEMBL2094253,Cyclooxygenase,INHIBITOR,Cyclooxygenase inhibitor,4
CHEMBL154,NAPROXEN,COc1ccc2cc([C@H](C)C(=O)O)ccc2c1,CHEMBL2094253,Cyclooxygenase,INHIBITOR,Cyclooxygenase inhibitor,4
CHEMBL1200806,NAPROXEN SODIUM,COc1ccc2cc([C@H](C)C(=O)[O-])ccc2c1.[Na+],CHEMBL2094253,Cyclooxygenase,INHIBITOR,Cyclooxygenase inhibitor,4
CHEMBL1201180,DICLOFENAC EPOLAMINE,O=C(O)Cc1ccccc1Nc1c(Cl)cccc1Cl.OCCN1CCCC1,CHEMBL2094253,Cyclooxygenase,INHIBITOR,Cyclooxygenase inhibitor,4
CHEMBL1034,DICLOFENAC SODIUM,O=C([O-])Cc1ccccc1Nc1c(Cl)cccc1Cl.[Na+],CHEMBL2094253,Cyclooxygenase,INHIBITOR,Cyclooxygenase inhibitor,4
CHEMBL2103736,FENOPROFEN CALCIUM,CC(C(=O)[O-])c1cccc(Oc2ccccc2)c1.CC(C(=O)[O-])c1cccc(Oc2ccccc2)c1.O.O.[Ca+2],CHEMBL2094253,Cyclooxygenase,INHIBITOR,Cyclooxygenase inhibitor,4
CHEMBL898,DIFLUNISAL,O=C(O)c1cc(-c2ccc(F)cc2F)ccc1O,CHEMBL2094253,Cyclooxygenase,INHIBITOR,Cyclooxygenase inhibitor,4
CHEMBL421,SULFASALAZINE,O=C(O)c1cc(/N=N/c2ccc(S(=O)(=O)Nc3ccccn3)cc2)ccc1O,CHEMBL2094253,Cyclooxygenase,INHIBITOR,Cyclooxygenase inhibitor,4
CHEMBL521,IBUPROFEN,CC(C)Cc1ccc(C(C)C(=O)O)cc1,CHEMBL2094253,Cyclooxygenase,INHIBITOR,Cyclooxygenase inhibitor,4
CHEMBL1562610,MECLOFENAMATE SODIUM,Cc1ccc(Cl)c(Nc2ccccc2C(=O)[O-])c1Cl.O.[Na+],CHEMBL2094253,Cyclooxygenase,INHIBITOR,Cyclooxygenase inhibitor,4
CHEMBL1021,NEPAFENAC,NC(=O)Cc1cccc(C(=O)c2ccccc2)c1N,CHEMBL2094253,Cyclooxygenase,INHIBITOR,Cyclooxygenase inhibitor,4
CHEMBL3989676,OXYPHENBUTAZONE,CCCCC1C(=O)N(c2ccccc2)N(c2ccc(O)cc2)C1=O.O,CHEMBL2094253,Cyclooxygenase,INHIBITOR,Cyclooxygenase inhibitor,4
CHEMBL25,ASPIRIN,CC(=O)Oc1ccccc1C(=O)O,CHEMBL2094253,Cyclooxygenase,INHIBITOR,Cyclooxygenase inhibitor,4
CHEMBL1200613,TOLMETIN SODIUM,Cc1ccc(C(=O)c2ccc(CC(=O)[O-])n2C)cc1.[Na+],CHEMBL2094253,Cyclooxygenase,INHIBITOR,Cyclooxygenase inhibitor,4
CHEMBL1200804,DICLOFENAC POTASSIUM,O=C([O-])Cc1ccccc1Nc1c(Cl)cccc1Cl.[K+],CHEMBL2094253,Cyclooxygenase,INHIBITOR,Cyclooxygenase inhibitor,4
CHEMBL1200760,BALSALAZIDE DISODIUM,O=C([O-])CCNC(=O)c1ccc(/N=N/c2ccc(O)c(C(=O)[O-])c2)cc1.[Na+].[Na+],CHEMBL2094253,Cyclooxygenase,INHIBITOR,Cyclooxygenase inhibitor,4
CHEMBL6,INDOMETHACIN,COc1ccc2c(c1)c(CC(=O)O)c(C)n2C(=O)c1ccc(Cl)cc1,CHEMBL2094253,Cyclooxygenase,INHIBITOR,Cyclooxygenase inhibitor,4
CHEMBL3181947,BROMFENAC SODIUM,Nc1c(CC(=O)[O-])cccc1C(=O)c1ccc(Br)cc1.Nc1c(CC(=O)[O-])cccc1C(=O)c1ccc(Br)cc1.O.O.O.[Na+].[Na+],CHEMBL2094253,Cyclooxygenase,INHIBITOR,Cyclooxygenase inhibitor,4
CHEMBL563,FLURBIPROFEN,CC(C(=O)O)c1ccc(-c2ccccc2)c(F)c1,CHEMBL2094253,Cyclooxygenase,INHIBITOR,Cyclooxygenase inhibitor,4
CHEMBL1201124,KETOROLAC TROMETHAMINE,NC(CO)(CO)CO.O=C(c1ccccc1)c1ccc2n1CCC2C(=O)O,CHEMBL2094253,Cyclooxygenase,INHIBITOR,Cyclooxygenase inhibitor,4
CHEMBL15770,SULINDAC,CC1=C(CC(=O)O)c2cc(F)ccc2/C1=C\c1ccc([S+](C)[O-])cc1,CHEMBL2094253,Cyclooxygenase,INHIBITOR,Cyclooxygenase inhibitor,4
CHEMBL1201013,OLSALAZINE SODIUM,O=C([O-])c1cc(/N=N/c2ccc(O)c(C(=O)[O-])c2)ccc1O.[Na+].[Na+],CHEMBL2094253,Cyclooxygenase,INHIBITOR,Cyclooxygenase inhibitor,4
CHEMBL3989410,INDOMETHACIN SODIUM,COc1ccc2c(c1)c(CC(=O)[O-])c(C)n2C(=O)c1ccc(Cl)cc1.O.O.O.[Na+],CHEMBL2094253,Cyclooxygenase,INHIBITOR,Cyclooxygenase inhibitor,4
CHEMBL686,MEFENAMIC ACID,Cc1cccc(Nc2ccccc2C(=O)O)c1C,CHEMBL2094253,Cyclooxygenase,INHIBITOR,Cyclooxygenase inhibitor,4
CHEMBL704,MESALAMINE,Nc1ccc(O)c(C(=O)O)c1,CHEMBL2094253,Cyclooxygenase,INHIBITOR,Cyclooxygenase inhibitor,4
CHEMBL1201141,IBUPROFEN LYSINE,CC(C)Cc1ccc(C(C)C(=O)O)cc1.NCCCC[C@H](N)C(=O)O,CHEMBL2094253,Cyclooxygenase,INHIBITOR,Cyclooxygenase inhibitor,4
CHEMBL1071,OXAPROZIN,O=C(O)CCc1nc(-c2ccccc2)c(-c2ccccc2)o1,CHEMBL2094253,Cyclooxygenase,INHIBITOR,Cyclooxygenase inhibitor,4
CHEMBL101,PHENYLBUTAZONE,CCCCC1C(=O)N(c2ccccc2)N(c2ccccc2)C1=O,CHEMBL2094253,Cyclooxygenase,INHIBITOR,Cyclooxygenase inhibitor,4
CHEMBL527,PIROXICAM,CN1C(C(=O)Nc2ccccn2)=C(O)c2ccccc2S1(=O)=O,CHEMBL2094253,Cyclooxygenase,INHIBITOR,Cyclooxygenase inhibitor,4
CHEMBL956,SUPROFEN,CC(C(=O)O)c1ccc(C(=O)c2cccs2)cc1,CHEMBL2094253,Cyclooxygenase,INHIBITOR,Cyclooxygenase inhibitor,4
CHEMBL571,KETOPROFEN,CC(C(=O)O)c1cccc(C(=O)c2ccccc2)c1,CHEMBL2094253,Cyclooxygenase,INHIBITOR,Cyclooxygenase inhibitor,4
CHEMBL44657,ETOPOSIDE,COc1cc([C@@H]2c3cc4c(cc3[C@@H](O[C@@H]3O[C@@H]5CO[C@@H](C)O[C@H]5[C@H](O)[C@H]3O)[C@H]3COC(=O)[C@H]23)OCO4)cc(OC)c1O,CHEMBL2094255,DNA topoisomerase II,INHIBITOR,DNA topoisomerase II inhibitor,4
CHEMBL452231,TENIPOSIDE,COc1cc([C@@H]2c3cc4c(cc3[C@@H](O[C@@H]3O[C@@H]5CO[C@@H](c6cccs6)O[C@H]5[C@H](O)[C@H]3O)[C@H]3COC(=O)[C@H]23)OCO4)cc(OC)c1O,CHEMBL2094255,DNA topoisomerase II,INHIBITOR,DNA topoisomerase II inhibitor,4
CHEMBL628,PENTOXIFYLLINE,CC(=O)CCCCn1c(=O)c2c(ncn2C)n(C)c1=O,CHEMBL2094257,Adenosine A2 receptor,ANTAGONIST,Adenosine A2 receptor antagonist,4
CHEMBL1370561,AMINOPHYLLINE,Cn1c(=O)c2[nH]cnc2n(C)c1=O.Cn1c(=O)c2[nH]cnc2n(C)c1=O.NCCN,CHEMBL2111329,Adenosine receptor,ANTAGONIST,Adenosine receptor antagonist,4
CHEMBL1200569,CAFFEINE CITRATE,Cn1c(=O)c2c(ncn2C)n(C)c1=O.O=C(O)CC(O)(CC(=O)O)C(=O)O,CHEMBL2111329,Adenosine receptor,ANTAGONIST,Adenosine receptor antagonist,4
CHEMBL113,CAFFEINE,Cn1c(=O)c2c(ncn2C)n(C)c1=O,CHEMBL2111329,Adenosine receptor,ANTAGONIST,Adenosine receptor antagonist,4
CHEMBL477,ADENOSINE,Nc1ncnc2c1ncn2[C@@H]1O[C@H](CO)[C@@H](O)[C@H]1O,CHEMBL2111329,Adenosine receptor,AGONIST,Adenosine receptor agonist,4
CHEMBL1355736,THEOPHYLLINE,Cn1c(=O)c2nc[nH]c2n(C)c1=O.O,CHEMBL2111329,Adenosine receptor,ANTAGONIST,Adenosine receptor antagonist,4
CHEMBL730,NITROGLYCERIN,O=[N+]([O-])OCC(CO[N+](=O)[O-])O[N+](=O)[O-],CHEMBL2111348,Soluble guanylate cyclase,ACTIVATOR,Soluble guanylate cyclase activator,4
CHEMBL1200689,NITRIC OXIDE,[N]=O,CHEMBL2111348,Soluble guanylate cyclase,ACTIVATOR,Soluble guanylate cyclase activator,4
CHEMBL1311,ISOSORBIDE MONONITRATE,O=[N+]([O-])O[C@@H]1CO[C@H]2[C@@H]1OC[C@@H]2O,CHEMBL2111348,Soluble guanylate cyclase,ACTIVATOR,Soluble guanylate cyclase activator,4
CHEMBL6622,ISOSORBIDE DINITRATE,O=[N+]([O-])O[C@H]1CO[C@H]2[C@@H]1OC[C@H]2O[N+](=O)[O-],CHEMBL2111348,Soluble guanylate cyclase,ACTIVATOR,Soluble guanylate cyclase activator,4
CHEMBL1456,MYCOPHENOLATE MOFETIL,COc1c(C)c2c(c(O)c1C/C=C(\C)CCC(=O)OCCN1CCOCC1)C(=O)OC2,CHEMBL2111369,Inosine-5'-monophosphate dehydrogenase (IMPDH),INHIBITOR,Inosine-5'-monophosphate dehydrogenase (IMPDH) inhibitor,4
CHEMBL866,MYCOPHENOLIC ACID,COc1c(C)c2c(c(O)c1C/C=C(\C)CCC(=O)O)C(=O)OC2,CHEMBL2111369,Inosine-5'-monophosphate dehydrogenase (IMPDH),INHIBITOR,Inosine-5'-monophosphate dehydrogenase (IMPDH) inhibitor,4
CHEMBL727,THIOGUANINE,Nc1nc2[nH]cnc2c(=S)[nH]1,CHEMBL2111369,Inosine-5'-monophosphate dehydrogenase (IMPDH),INHIBITOR,Inosine-5'-monophosphate dehydrogenase (IMPDH) inhibitor,4
CHEMBL1200875,FLAVOXATE HYDROCHLORIDE,Cc1c(-c2ccccc2)oc2c(C(=O)OCCN3CCCCC3)cccc2c1=O.Cl,CHEMBL2111411,Phosphodiesterase 7,INHIBITOR,Phosphodiesterase 7 inhibitor,4
CHEMBL1200480,OCTREOTIDE ACETATE,CC(=O)O.C[C@@H](O)[C@@H]1NC(=O)[C@H](CCCCN)NC(=O)[C@@H](Cc2c[nH]c3ccccc23)NC(=O)[C@H](Cc2ccccc2)NC(=O)[C@@H](NC(=O)[C@H](N)Cc2ccccc2)CSSC[C@@H](C(=O)N[C@H](CO)[C@@H](C)O)NC1=O,CHEMBL2111436,Somatostatin receptor,AGONIST,Somatostatin receptor agonist,4
CHEMBL802,MINOXIDIL,Nc1cc(N2CCCCC2)nc(N)[n+]1[O-],CHEMBL2095198,"Sulfonylurea receptor 2, Kir6.2",OPENER,"Sulfonylurea receptor 2, Kir6.2 opener",4
CHEMBL1200338,PINACIDIL,CC(N/C(=N\C#N)Nc1ccncc1)C(C)(C)C.O,CHEMBL2095198,"Sulfonylurea receptor 2, Kir6.2",OPENER,"Sulfonylurea receptor 2, Kir6.2 opener",4
CHEMBL2311030,ERGOLOID MESYLATES,CC(C)C[C@H]1C(=O)N2CCC[C@H]2[C@]2(O)O[C@](NC(=O)[C@@H]3C[C@@H]4c5cccc6[nH]cc(c56)C[C@H]4N(C)C3)(C(C)C)C(=O)N12.CC(C)[C@@]1(NC(=O)[C@@H]2C[C@@H]3c4cccc5[nH]cc(c45)C[C@H]3N(C)C2)O[C@@]2(O)[C@@H]3CCCN3C(=O)[C@H](Cc3ccccc3)N2C1=O.CC(C)[C@H]1C(=O)N2CCC[C@H]2[C@]2(O)O[C@](NC(=O)[C@@H]3C[C@@H]4c5cccc6[nH]cc(c56)C[C@H]4N(C)C3)(C(C)C)C(=O)N12.CCC(C)[C@H]1C(=O)N2CCC[C@H]2[C@]2(O)O[C@](NC(=O)[C@@H]3C[C@@H]4c5cccc6[nH]cc(c56)C[C@H]4N(C)C3)(C(C)C)C(=O)N12.CS(=O)(=O)O.CS(=O)(=O)O.CS(=O)(=O)O.CS(=O)(=O)O,CHEMBL2095203,Adrenergic receptor alpha,ANTAGONIST,Adrenergic receptor alpha antagonist,4
CHEMBL2448612,ERGOTAMINE TARTRATE,CN1C[C@H](C(=O)N[C@]2(C)O[C@@]3(O)[C@@H]4CCCN4C(=O)[C@H](Cc4ccccc4)N3C2=O)C=C2c3cccc4[nH]cc(c34)C[C@H]21.CN1C[C@H](C(=O)N[C@]2(C)O[C@@]3(O)[C@@H]4CCCN4C(=O)[C@H](Cc4ccccc4)N3C2=O)C=C2c3cccc4[nH]cc(c34)C[C@H]21.O=C(O)C(O)C(O)C(=O)O,CHEMBL2095203,Adrenergic receptor alpha,AGONIST,Adrenergic receptor alpha agonist,4
CHEMBL1706,NAPHAZOLINE HYDROCHLORIDE,Cl.c1ccc2c(CC3=NCCN3)cccc2c1,CHEMBL2095203,Adrenergic receptor alpha,AGONIST,Adrenergic receptor alpha agonist,4
CHEMBL1200413,TETRAHYDROZOLINE HYDROCHLORIDE,Cl.c1ccc2c(c1)CCCC2C1=NCCN1,CHEMBL2095203,Adrenergic receptor alpha,AGONIST,Adrenergic receptor alpha agonist,4
CHEMBL1200873,PHENTOLAMINE MESYLATE,CS(=O)(=O)O.Cc1ccc(N(CC2=NCCN2)c2cccc(O)c2)cc1,CHEMBL2095203,Adrenergic receptor alpha,ANTAGONIST,Adrenergic receptor alpha antagonist,4
CHEMBL1200791,OXYMETAZOLINE HYDROCHLORIDE,Cc1cc(C(C)(C)C)c(O)c(C)c1CC1=NCCN1.Cl,CHEMBL2095203,Adrenergic receptor alpha,AGONIST,Adrenergic receptor alpha agonist,4
CHEMBL1200787,PHENOXYBENZAMINE HYDROCHLORIDE,CC(COc1ccccc1)N(CCCl)Cc1ccccc1.Cl,CHEMBL2095203,Adrenergic receptor alpha,ANTAGONIST,Adrenergic receptor alpha antagonist,4
CHEMBL1200895,PHENELZINE SULFATE,NNCCc1ccccc1.O=S(=O)(O)O,CHEMBL2095205,Monoamine oxidase,INHIBITOR,Monoamine oxidase inhibitor,4
CHEMBL1201168,ISOCARBOXAZID,Cc1cc(C(=O)NNCc2ccccc2)no1,CHEMBL2095205,Monoamine oxidase,INHIBITOR,Monoamine oxidase inhibitor,4
CHEMBL3989698,TRANYLCYPROMINE SULFATE,N[C@@H]1C[C@H]1c1ccccc1.N[C@H]1C[C@@H]1c1ccccc1.O=S(=O)(O)O,CHEMBL2095205,Monoamine oxidase,INHIBITOR,Monoamine oxidase inhibitor,4
CHEMBL1481,GLIMEPIRIDE,CCC1=C(C)CN(C(=O)NCCc2ccc(S(=O)(=O)NC(=O)N[C@H]3CC[C@H](C)CC3)cc2)C1=O,CHEMBL2096972,"Sulfonylurea receptor 1, Kir6.2",BLOCKER,"Sulfonylurea receptor 1, Kir6.2 blocker",4
CHEMBL472,GLYBURIDE,COc1ccc(Cl)cc1C(=O)NCCc1ccc(S(=O)(=O)NC(=O)NC2CCCCC2)cc1,CHEMBL2096972,"Sulfonylurea receptor 1, Kir6.2",BLOCKER,"Sulfonylurea receptor 1, Kir6.2 blocker",4
CHEMBL498,CHLORPROPAMIDE,CCCNC(=O)NS(=O)(=O)c1ccc(Cl)cc1,CHEMBL2096972,"Sulfonylurea receptor 1, Kir6.2",BLOCKER,"Sulfonylurea receptor 1, Kir6.2 blocker",4
CHEMBL1073,GLIPIZIDE,Cc1cnc(C(=O)NCCc2ccc(S(=O)(=O)NC(=O)NC3CCCCC3)cc2)cn1,CHEMBL2096972,"Sulfonylurea receptor 1, Kir6.2",BLOCKER,"Sulfonylurea receptor 1, Kir6.2 blocker",4
CHEMBL1589,ACETOHEXAMIDE,CC(=O)c1ccc(S(=O)(=O)NC(=O)NC2CCCCC2)cc1,CHEMBL2096972,"Sulfonylurea receptor 1, Kir6.2",BLOCKER,"Sulfonylurea receptor 1, Kir6.2 blocker",4
CHEMBL817,TOLAZAMIDE,Cc1ccc(S(=O)(=O)NC(=O)NN2CCCCCC2)cc1,CHEMBL2096972,"Sulfonylurea receptor 1, Kir6.2",BLOCKER,"Sulfonylurea receptor 1, Kir6.2 blocker",4
CHEMBL1272,REPAGLINIDE,CCOc1cc(CC(=O)N[C@@H](CC(C)C)c2ccccc2N2CCCCC2)ccc1C(=O)O,CHEMBL2096972,"Sulfonylurea receptor 1, Kir6.2",BLOCKER,"Sulfonylurea receptor 1, Kir6.2 blocker",4
CHEMBL783,NATEGLINIDE,CC(C)[C@H]1CC[C@H](C(=O)N[C@H](Cc2ccccc2)C(=O)O)CC1,CHEMBL2096972,"Sulfonylurea receptor 1, Kir6.2",BLOCKER,"Sulfonylurea receptor 1, Kir6.2 blocker",4
CHEMBL782,TOLBUTAMIDE,CCCCNC(=O)NS(=O)(=O)c1ccc(C)cc1,CHEMBL2096972,"Sulfonylurea receptor 1, Kir6.2",BLOCKER,"Sulfonylurea receptor 1, Kir6.2 blocker",4
CHEMBL585,TRIAMTERENE,Nc1nc(N)c2nc(-c3ccccc3)c(N)nc2n1,CHEMBL2107836,"Amiloride-sensitive sodium channel, ENaC",BLOCKER,"Amiloride-sensitive sodium channel, ENaC blocker",4
CHEMBL1398126,AMILORIDE HYDROCHLORIDE,Cl.N=C(N)NC(=O)c1nc(Cl)c(N)nc1N.O.O,CHEMBL2107836,"Amiloride-sensitive sodium channel, ENaC",BLOCKER,"Amiloride-sensitive sodium channel, ENaC blocker",4
CHEMBL467,HYDROXYUREA,NC(=O)NO,CHEMBL2095215,Ribonucleoside-diphosphate reductase RR1,INHIBITOR,Ribonucleoside-diphosphate reductase RR1 inhibitor,4
CHEMBL1750,CLOFARABINE,Nc1nc(Cl)nc2c1ncn2[C@@H]1O[C@H](CO)[C@@H](O)[C@@H]1F,CHEMBL2095215,Ribonucleoside-diphosphate reductase RR1,INHIBITOR,Ribonucleoside-diphosphate reductase RR1 inhibitor,4
CHEMBL1637,GEMCITABINE HYDROCHLORIDE,Cl.Nc1ccn([C@@H]2O[C@H](CO)[C@@H](O)C2(F)F)c(=O)n1,CHEMBL2095215,Ribonucleoside-diphosphate reductase RR1,INHIBITOR,Ribonucleoside-diphosphate reductase RR1 inhibitor,4
CHEMBL1096882,FLUDARABINE PHOSPHATE,Nc1nc(F)nc2c1ncn2[C@@H]1O[C@H](COP(=O)(O)O)[C@@H](O)[C@@H]1O,CHEMBL2095215,Ribonucleoside-diphosphate reductase RR1,INHIBITOR,Ribonucleoside-diphosphate reductase RR1 inhibitor,4
CHEMBL1567,SUNITINIB MALATE,CCN(CC)CCNC(=O)c1c(C)[nH]c(/C=C2\C(=O)Nc3ccc(F)cc32)c1C.O=C(O)C[C@H](O)C(=O)O,CHEMBL2095227,Vascular endothelial growth factor receptor,INHIBITOR,Vascular endothelial growth factor receptor inhibitor,4
CHEMBL1289926,AXITINIB,CNC(=O)c1ccccc1Sc1ccc2c(/C=C/c3ccccn3)n[nH]c2c1,CHEMBL2095227,Vascular endothelial growth factor receptor,INHIBITOR,Vascular endothelial growth factor receptor inhibitor,4
CHEMBL24828,VANDETANIB,COc1cc2/c(=N/c3ccc(Br)cc3F)nc[nH]c2cc1OCC1CCN(C)CC1,CHEMBL2095227,Vascular endothelial growth factor receptor,INHIBITOR,Vascular endothelial growth factor receptor inhibitor,4
CHEMBL1200485,SORAFENIB TOSYLATE,CNC(=O)c1cc(Oc2ccc(NC(=O)Nc3ccc(Cl)c(C(F)(F)F)c3)cc2)ccn1.Cc1ccc(S(=O)(=O)O)cc1,CHEMBL2095227,Vascular endothelial growth factor receptor,INHIBITOR,Vascular endothelial growth factor receptor inhibitor,4
CHEMBL1201733,PAZOPANIB HYDROCHLORIDE,Cc1ccc(Nc2nccc(N(C)c3ccc4c(C)n(C)nc4c3)n2)cc1S(N)(=O)=O.Cl,CHEMBL2095227,Vascular endothelial growth factor receptor,INHIBITOR,Vascular endothelial growth factor receptor inhibitor,4
CHEMBL1946170,REGORAFENIB,CNC(=O)c1cc(Oc2ccc(NC(=O)Nc3ccc(Cl)c(C(F)(F)F)c3)c(F)c2)ccn1,CHEMBL2095227,Vascular endothelial growth factor receptor,INHIBITOR,Vascular endothelial growth factor receptor inhibitor,4
CHEMBL1237132,CLEVIDIPINE,CCCC(=O)OCOC(=O)C1=C(C)NC(C)=C(C(=O)OC)C1c1cccc(Cl)c1Cl,CHEMBL2095229,Voltage-gated L-type calcium channel,BLOCKER,Voltage-gated L-type calcium channel blocker,4
CHEMBL1648,ISRADIPINE,COC(=O)C1=C(C)NC(C)=C(C(=O)OC(C)C)C1c1cccc2nonc12,CHEMBL2095229,Voltage-gated L-type calcium channel,BLOCKER,Voltage-gated L-type calcium channel blocker,4
CHEMBL1697,DILTIAZEM HYDROCHLORIDE,COc1ccc([C@@H]2Sc3ccccc3N(CCN(C)C)C(=O)[C@@H]2OC(C)=O)cc1.Cl,CHEMBL2095229,Voltage-gated L-type calcium channel,BLOCKER,Voltage-gated L-type calcium channel blocker,4
CHEMBL1201729,DRONEDARONE HYDROCHLORIDE,CCCCc1oc2ccc(NS(C)(=O)=O)cc2c1C(=O)c1ccc(OCCCN(CCCC)CCCC)cc1.Cl,CHEMBL2095229,Voltage-gated L-type calcium channel,BLOCKER,Voltage-gated L-type calcium channel blocker,4
CHEMBL1280,VERAPAMIL HYDROCHLORIDE,COc1ccc(CCN(C)CCCC(C#N)(c2ccc(OC)c(OC)c2)C(C)C)cc1OC.Cl,CHEMBL2095229,Voltage-gated L-type calcium channel,BLOCKER,Voltage-gated L-type calcium channel blocker,4
CHEMBL193,NIFEDIPINE,COC(=O)C1=C(C)NC(C)=C(C(=O)OC)C1c1ccccc1[N+](=O)[O-],CHEMBL2095229,Voltage-gated L-type calcium channel,BLOCKER,Voltage-gated L-type calcium channel blocker,4
CHEMBL1200402,AMLODIPINE BESYLATE,CCOC(=O)C1=C(COCCN)NC(C)=C(C(=O)OC)C1c1ccccc1Cl.O=S(=O)(O)c1ccccc1,CHEMBL2095229,Voltage-gated L-type calcium channel,BLOCKER,Voltage-gated L-type calcium channel blocker,4
CHEMBL1200326,NICARDIPINE HYDROCHLORIDE,COC(=O)C1=C(C)NC(C)=C(C(=O)OCCN(C)Cc2ccccc2)C1c1cccc([N+](=O)[O-])c1.Cl,CHEMBL2095229,Voltage-gated L-type calcium channel,BLOCKER,Voltage-gated L-type calcium channel blocker,4
CHEMBL1428,NIMODIPINE,COCCOC(=O)C1=C(C)NC(C)=C(C(=O)OC(C)C)C1c1cccc([N+](=O)[O-])c1,CHEMBL2095229,Voltage-gated L-type calcium channel,BLOCKER,Voltage-gated L-type calcium channel blocker,4
CHEMBL1726,NISOLDIPINE,COC(=O)C1=C(C)NC(C)=C(C(=O)OCC(C)C)C1c1ccccc1[N+](=O)[O-],CHEMBL2095229,Voltage-gated L-type calcium channel,BLOCKER,Voltage-gated L-type calcium channel blocker,4
CHEMBL1480,FELODIPINE,CCOC(=O)C1=C(C)NC(C)=C(C(=O)OC)C1c1cccc(Cl)c1Cl,CHEMBL2095229,Voltage-gated L-type calcium channel,BLOCKER,Voltage-gated L-type calcium channel blocker,4
CHEMBL218394,BOCEPREVIR,CC(C)(C)NC(=O)N[C@H](C(=O)N1C[C@H]2[C@@H]([C@H]1C(=O)NC(CC1CCC1)C(=O)C(N)=O)C2(C)C)C(C)(C)C,CHEMBL2095231,"Hepatitis C virus serine protease, NS3/NS4A",INHIBITOR,"Hepatitis C virus serine protease, NS3/NS4A inhibitor",4
CHEMBL231813,TELAPREVIR,CCC[C@H](NC(=O)[C@@H]1[C@H]2CCC[C@H]2CN1C(=O)[C@@H](NC(=O)[C@@H](NC(=O)c1cnccn1)C1CCCCC1)C(C)(C)C)C(=O)C(=O)NC1CC1,CHEMBL2095231,"Hepatitis C virus serine protease, NS3/NS4A",INHIBITOR,"Hepatitis C virus serine protease, NS3/NS4A inhibitor",4
CHEMBL1201092,RIVASTIGMINE TARTRATE,CCN(C)C(=O)Oc1cccc([C@H](C)N(C)C)c1.O=C(O)[C@H](O)[C@@H](O)C(=O)O,CHEMBL2095233,Cholinesterases; ACHE & BCHE,INHIBITOR,Cholinesterases; ACHE & BCHE inhibitor,4
CHEMBL636,RIVASTIGMINE,CCN(C)C(=O)Oc1cccc([C@H](C)N(C)C)c1,CHEMBL2095233,Cholinesterases; ACHE & BCHE,INHIBITOR,Cholinesterases; ACHE & BCHE inhibitor,4
CHEMBL1569,AMANTADINE HYDROCHLORIDE,Cl.NC12CC3CC(CC(C3)C1)C2,CHEMBL1932894,Matrix protein 2,INHIBITOR,Matrix protein 2 inhibitor,4
CHEMBL1237082,MECAMYLAMINE HYDROCHLORIDE,CNC1(C)C2CCC(C2)C1(C)C.Cl,CHEMBL1907594,Neuronal acetylcholine receptor; alpha3/beta4,NEGATIVE ALLOSTERIC MODULATOR,Neuronal acetylcholine receptor; alpha3/beta4 negative allosteric modulator,4
CHEMBL2107333,DIMETHYL FUMARATE,COC(=O)/C=C/C(=O)OC,CHEMBL2069156,Kelch-like ECH-associated protein 1,INHIBITOR,Kelch-like ECH-associated protein 1 inhibitor,4
CHEMBL928,DANTROLENE SODIUM,O=C1CN(/N=C/c2ccc(-c3ccc([N+](=O)[O-])cc3)o2)C(=O)[N-]1.[Na+],CHEMBL2062,Ryanodine receptor 3,ANTAGONIST,Ryanodine receptor 3 antagonist,4
CHEMBL3545058,DEXTROTHYROXINE SODIUM,N[C@H](Cc1cc(I)c(Oc2cc(I)c(O)c(I)c2)c(I)c1)C(=O)[O-].O.[Na+],CHEMBL2111462,Thyroid hormone receptor,AGONIST,Thyroid hormone receptor agonist,4
CHEMBL1201119,LIOTHYRONINE SODIUM,N[C@@H](Cc1cc(I)c(Oc2ccc(O)c(I)c2)c(I)c1)C(=O)[O-].[Na+],CHEMBL2111462,Thyroid hormone receptor,AGONIST,Thyroid hormone receptor agonist,4
CHEMBL559,DEXTROTHYROXINE,N[C@H](Cc1cc(I)c(Oc2cc(I)c(O)c(I)c2)c(I)c1)C(=O)O,CHEMBL2111462,Thyroid hormone receptor,AGONIST,Thyroid hormone receptor agonist,4
CHEMBL1544,LIOTHYRONINE,N[C@@H](Cc1cc(I)c(Oc2ccc(O)c(I)c2)c(I)c1)C(=O)O,CHEMBL2111462,Thyroid hormone receptor,AGONIST,Thyroid hormone receptor agonist,4
CHEMBL2103741,LEVOTHYROXINE SODIUM,N[C@@H](Cc1cc(I)c(Oc2cc(I)c(O)c(I)c2)c(I)c1)C(=O)[O-].O.[Na+],CHEMBL2111462,Thyroid hormone receptor,AGONIST,Thyroid hormone receptor agonist,4
CHEMBL1200682,SODIUM OXYBATE,O=C([O-])CCCO.[Na+],CHEMBL2111463,GABA-B receptor,AGONIST,GABA-B receptor agonist,4
CHEMBL701,BACLOFEN,NCC(CC(=O)O)c1ccc(Cl)cc1,CHEMBL2111463,GABA-B receptor,AGONIST,GABA-B receptor agonist,4
CHEMBL1337,NITISINONE,O=C1CCCC(=O)C1C(=O)c1ccc(C(F)(F)F)cc1[N+](=O)[O-],CHEMBL1861,4-hydroxyphenylpyruvate dioxygenase,INHIBITOR,4-hydroxyphenylpyruvate dioxygenase inhibitor,4
CHEMBL1685,DEZOCINE,C[C@@]12CCCCC[C@@H](Cc3ccc(O)cc31)[C@@H]2N,CHEMBL237,Kappa-type opioid receptor,ANTAGONIST,Kappa opioid receptor antagonist,4
CHEMBL511142,BUPRENORPHINE,CO[C@@]12CC[C@@]3(C[C@@H]1[C@](C)(O)C(C)(C)C)[C@H]1Cc4ccc(O)c5c4[C@@]3(CCN1CC1CC1)[C@H]2O5,CHEMBL237,Kappa-type opioid receptor,AGONIST,Kappa opioid receptor agonist,4
CHEMBL2368861,BUPRENORPHINE HYDROCHLORIDE,CO[C@@]12CC[C@@]3(C[C@@H]1[C@](C)(O)C(C)(C)C)[C@H]1Cc4ccc(O)c5c4[C@@]3(CCN1CC1CC1)[C@H]2O5.Cl,CHEMBL237,Kappa-type opioid receptor,AGONIST,Kappa opioid receptor agonist,4
CHEMBL299400,BUTORPHANOL TARTRATE,O=C(O)C(O)C(O)C(=O)O.Oc1ccc2c(c1)[C@@]13CCCC[C@@]1(O)[C@@H](C2)N(CC1CCC1)CC3,CHEMBL237,Kappa-type opioid receptor,PARTIAL AGONIST,Kappa opioid receptor partial agonist,4
CHEMBL1201037,EFLORNITHINE HYDROCHLORIDE,Cl.NCCCC(N)(C(=O)O)C(F)F.O,CHEMBL1869,Ornithine decarboxylase,INHIBITOR,Ornithine decarboxylase inhibitor,4
CHEMBL806,FLUTAMIDE,CC(C)C(=O)Nc1ccc([N+](=O)[O-])c(C(F)(F)F)c1,CHEMBL1871,Androgen receptor,ANTAGONIST,Androgen Receptor antagonist,4
CHEMBL1274,NILUTAMIDE,CC1(C)NC(=O)N(c2ccc([N+](=O)[O-])c(C(F)(F)F)c2)C1=O,CHEMBL1871,Androgen receptor,ANTAGONIST,Androgen Receptor antagonist,4
CHEMBL409,BICALUTAMIDE,CC(O)(CS(=O)(=O)c1ccc(F)cc1)C(=O)Nc1ccc(C#N)c(C(F)(F)F)c1,CHEMBL1871,Androgen receptor,ANTAGONIST,Androgen Receptor antagonist,4
CHEMBL1395,METHYLTESTOSTERONE,C[C@]12CCC(=O)C=C1CC[C@@H]1[C@@H]2CC[C@@]2(C)[C@H]1CC[C@]2(C)O,CHEMBL1871,Androgen receptor,AGONIST,Androgen Receptor agonist,4
CHEMBL2079587,STANOZOLOL,C[C@]12Cc3c[nH]nc3C[C@@H]1CC[C@@H]1[C@@H]2CC[C@@]2(C)[C@H]1CC[C@]2(C)O,CHEMBL1871,Androgen receptor,AGONIST,Androgen Receptor agonist,4
CHEMBL1170,TESTOSTERONE PROPIONATE,CCC(=O)O[C@H]1CC[C@H]2[C@@H]3CCC4=CC(=O)CC[C@]4(C)[C@H]3CC[C@]12C,CHEMBL1871,Androgen receptor,AGONIST,Androgen Receptor agonist,4
CHEMBL1200335,TESTOSTERONE ENANTHATE,CCCCCCC(=O)O[C@H]1CC[C@H]2[C@@H]3CCC4=CC(=O)CC[C@]4(C)[C@H]3CC[C@]12C,CHEMBL1871,Androgen receptor,AGONIST,Androgen Receptor agonist,4
CHEMBL1200946,NANDROLONE DECANOATE,CCCCCCCCCC(=O)O[C@H]1CC[C@H]2[C@@H]3CCC4=CC(=O)CC[C@@H]4[C@H]3CC[C@]12C,CHEMBL1871,Androgen receptor,AGONIST,Androgen Receptor agonist,4
CHEMBL1200436,OXANDROLONE,C[C@]12COC(=O)C[C@@H]1CC[C@@H]1[C@@H]2CC[C@@]2(C)[C@H]1CC[C@]2(C)O,CHEMBL1871,Androgen receptor,AGONIST,Androgen Receptor agonist,4
CHEMBL1201101,TESTOSTERONE CYPIONATE,C[C@]12CC[C@H]3[C@@H](CCC4=CC(=O)CC[C@@]43C)[C@@H]1CC[C@@H]2OC(=O)CCC1CCCC1,CHEMBL1871,Androgen receptor,AGONIST,Androgen Receptor agonist,4
CHEMBL386630,TESTOSTERONE,C[C@]12CC[C@H]3[C@@H](CCC4=CC(=O)CC[C@@]43C)[C@@H]1CC[C@@H]2O,CHEMBL1871,Androgen receptor,AGONIST,Androgen Receptor agonist,4
CHEMBL1445,FLUOXYMESTERONE,C[C@]1(O)CC[C@H]2[C@@H]3CCC4=CC(=O)CC[C@]4(C)[C@@]3(F)[C@@H](O)C[C@@]21C,CHEMBL1871,Androgen receptor,AGONIST,Androgen Receptor agonist,4
CHEMBL1082407,ENZALUTAMIDE,CNC(=O)c1ccc(N2C(=S)N(c3ccc(C#N)c(C(F)(F)F)c3)C(=O)C2(C)C)cc1F,CHEMBL1871,Androgen receptor,ANTAGONIST,Androgen Receptor antagonist,4
CHEMBL1479,DANAZOL,C#C[C@]1(O)CC[C@H]2[C@@H]3CCC4=Cc5oncc5C[C@]4(C)[C@H]3CC[C@@]21C,CHEMBL1871,Androgen receptor,AGONIST,Androgen Receptor agonist,4
CHEMBL1516474,TEGASEROD MALEATE,CCCCCNC(=N)N/N=C/c1c[nH]c2ccc(OC)cc12.O=C(O)/C=C\C(=O)O,CHEMBL1875,5-hydroxytryptamine receptor 4,PARTIAL AGONIST,Serotonin 4 (5-HT4) receptor partial agonist,4
CHEMBL1200940,METOCLOPRAMIDE HYDROCHLORIDE,CCN(CC)CCNC(=O)c1cc(Cl)c(N)cc1OC.Cl.O,CHEMBL1875,5-hydroxytryptamine receptor 4,AGONIST,Serotonin 4 (5-HT4) receptor agonist,4
CHEMBL1084172,VILANTEROL TRIFENATATE,O=C(O)C(c1ccccc1)(c1ccccc1)c1ccccc1.OCc1cc([C@@H](O)CNCCCCCCOCCOCc2c(Cl)cccc2Cl)ccc1O,CHEMBL210,Beta-2 adrenergic receptor,AGONIST,Beta-2 adrenergic receptor agonist,4
CHEMBL714,ALBUTEROL,CC(C)(C)NCC(O)c1ccc(O)c(CO)c1,CHEMBL210,Beta-2 adrenergic receptor,AGONIST,Beta-2 adrenergic receptor agonist,4
CHEMBL1200444,PIRBUTEROL ACETATE,CC(=O)O.CC(C)(C)NCC(O)c1ccc(O)c(CO)n1,CHEMBL210,Beta-2 adrenergic receptor,AGONIST,Beta-2 adrenergic receptor agonist,4
CHEMBL1201061,LEVALBUTEROL HYDROCHLORIDE,CC(C)(C)NC[C@H](O)c1ccc(O)c(CO)c1.Cl,CHEMBL210,Beta-2 adrenergic receptor,AGONIST,Beta-2 adrenergic receptor agonist,4
CHEMBL1951071,ARFORMOTEROL TARTRATE,COc1ccc(C[C@@H](C)NC[C@H](O)c2ccc(O)c(NC=O)c2)cc1.O=C(O)C(O)C(O)C(=O)O,CHEMBL210,Beta-2 adrenergic receptor,AGONIST,Beta-2 adrenergic receptor agonist,4
CHEMBL1082607,SALMETEROL XINAFOATE,O=C(O)c1ccc2ccccc2c1O.OCc1cc(C(O)CNCCCCCCOCCCCc2ccccc2)ccc1O,CHEMBL210,Beta-2 adrenergic receptor,AGONIST,Beta-2 adrenergic receptor agonist,4
CHEMBL1789842,INDACATEROL MALEATE,CCc1cc2c(cc1CC)CC(NC[C@H](O)c1ccc(O)c3[nH]c(=O)ccc13)C2.O=C(O)/C=C\C(=O)O,CHEMBL210,Beta-2 adrenergic receptor,AGONIST,Beta-2 adrenergic receptor agonist,4
CHEMBL1315867,TERBUTALINE SULFATE,CC(C)(C)NCC(O)c1cc(O)cc(O)c1.CC(C)(C)NCC(O)c1cc(O)cc(O)c1.O=S(=O)(O)O,CHEMBL210,Beta-2 adrenergic receptor,AGONIST,Beta-2 adrenergic receptor agonist,4
CHEMBL3989693,LEVALBUTEROL TARTRATE,CC(C)(C)NC[C@H](O)c1ccc(O)c(CO)c1.CC(C)(C)NC[C@H](O)c1ccc(O)c(CO)c1.O=C(O)C(O)C(O)C(=O)O,CHEMBL210,Beta-2 adrenergic receptor,AGONIST,Beta-2 adrenergic receptor agonist,4
CHEMBL3989798,FORMOTEROL FUMARATE,COc1ccc(CC(C)NCC(O)c2ccc(O)c(NC=O)c2)cc1.COc1ccc(CC(C)NCC(O)c2ccc(O)c(NC=O)c2)cc1.O.O.O=C(O)/C=C/C(=O)O,CHEMBL210,Beta-2 adrenergic receptor,AGONIST,Beta-2 adrenergic receptor agonist,4
CHEMBL1568057,METAPROTERENOL SULFATE,CC(C)NCC(O)c1cc(O)cc(O)c1.CC(C)NCC(O)c1cc(O)cc(O)c1.O=S(=O)(O)O,CHEMBL210,Beta-2 adrenergic receptor,AGONIST,Beta-2 adrenergic receptor agonist,4
CHEMBL1441059,ALBUTEROL SULFATE,CC(C)(C)NCC(O)c1ccc(O)c(CO)c1.CC(C)(C)NCC(O)c1ccc(O)c(CO)c1.O=S(=O)(O)O,CHEMBL210,Beta-2 adrenergic receptor,AGONIST,Beta-2 adrenergic receptor agonist,4
CHEMBL521606,NADOLOL,CC(C)(C)NCC(O)COc1cccc2c1CC(O)C(O)C2,CHEMBL210,Beta-2 adrenergic receptor,ANTAGONIST,Beta-2 adrenergic receptor antagonist,4
CHEMBL1201731,NEBIVOLOL HYDROCHLORIDE,Cl.OC(CNCC(O)C1CCc2cc(F)ccc2O1)C1CCc2cc(F)ccc2O1,CHEMBL210,Beta-2 adrenergic receptor,ANTAGONIST,Beta-2 adrenergic receptor antagonist,4
CHEMBL1201063,PROPAFENONE HYDROCHLORIDE,CCCNCC(O)COc1ccccc1C(=O)CCc1ccccc1.Cl,CHEMBL210,Beta-2 adrenergic receptor,ANTAGONIST,Beta-2 adrenergic receptor antagonist,4
CHEMBL1671,PROPRANOLOL HYDROCHLORIDE,CC(C)NCC(O)COc1cccc2ccccc12.Cl,CHEMBL210,Beta-2 adrenergic receptor,ANTAGONIST,Beta-2 adrenergic receptor antagonist,4
CHEMBL500,PINDOLOL,CC(C)NCC(O)COc1cccc2[nH]ccc12,CHEMBL210,Beta-2 adrenergic receptor,PARTIAL AGONIST,Beta-2 adrenergic receptor partial agonist,4
CHEMBL1700,SOTALOL HYDROCHLORIDE,CC(C)NCC(O)c1ccc(NS(C)(=O)=O)cc1.Cl,CHEMBL210,Beta-2 adrenergic receptor,ANTAGONIST,Beta-2 adrenergic receptor antagonist,4
CHEMBL1201177,LEVOBUNOLOL HYDROCHLORIDE,CC(C)(C)NC[C@H](O)COc1cccc2c1CCCC2=O.Cl,CHEMBL210,Beta-2 adrenergic receptor,ANTAGONIST,Beta-2 adrenergic receptor antagonist,4
CHEMBL1200870,TIMOLOL MALEATE,CC(C)(C)NC[C@H](O)COc1nsnc1N1CCOCC1.O=C(O)/C=C\C(=O)O,CHEMBL210,Beta-2 adrenergic receptor,ANTAGONIST,Beta-2 adrenergic receptor antagonist,4
CHEMBL499,TIMOLOL,CC(C)(C)NC[C@H](O)COc1nsnc1N1CCOCC1,CHEMBL210,Beta-2 adrenergic receptor,ANTAGONIST,Beta-2 adrenergic receptor antagonist,4
CHEMBL1200418,DOBUTAMINE HYDROCHLORIDE,CC(CCc1ccc(O)cc1)NCCc1ccc(O)c(O)c1.Cl,CHEMBL210,Beta-2 adrenergic receptor,AGONIST,Beta-2 adrenergic receptor agonist,4
CHEMBL1201115,ESMOLOL HYDROCHLORIDE,COC(=O)CCc1ccc(OCC(O)CNC(C)C)cc1.Cl,CHEMBL210,Beta-2 adrenergic receptor,ANTAGONIST,Beta-2 adrenergic receptor antagonist,4
CHEMBL1695,TIAGABINE HYDROCHLORIDE,Cc1ccsc1C(=CCCN1CCC[C@@H](C(=O)O)C1)c1sccc1C.Cl,CHEMBL1903,Sodium- and chloride-dependent GABA transporter 1,INHIBITOR,GABA transporter 1 inhibitor,4
CHEMBL1670,MITOTANE,Clc1ccc(C(c2ccccc2Cl)C(Cl)Cl)cc1,CHEMBL1908,"Cytochrome P450 11B1, mitochondrial",INHIBITOR,Cytochrome P450 11B1 inhibitor,4
CHEMBL1471,APREPITANT,C[C@@H](O[C@H]1OCCN(Cc2n[nH]c(=O)[nH]2)[C@H]1c1ccc(F)cc1)c1cc(C(F)(F)F)cc(C(F)(F)F)c1,CHEMBL249,Substance-P receptor,ANTAGONIST,Neurokinin 1 receptor antagonist,4
CHEMBL1201782,FOSAPREPITANT DIMEGLUMINE,CNC[C@H](O)[C@@H](O)[C@H](O)[C@H](O)CO.CNC[C@H](O)[C@@H](O)[C@H](O)[C@H](O)CO.C[C@@H](O[C@H]1OCCN(Cc2nn(P(=O)(O)O)c(=O)[nH]2)[C@H]1c1ccc(F)cc1)c1cc(C(F)(F)F)cc(C(F)(F)F)c1,CHEMBL249,Substance-P receptor,ANTAGONIST,Neurokinin 1 receptor antagonist,4
CHEMBL231779,APIXABAN,COc1ccc(-n2nc(C(N)=O)c3c2C(=O)N(c2ccc(N4CCCCC4=O)cc2)CC3)cc1,CHEMBL244,Coagulation factor X,INHIBITOR,Coagulation factor X inhibitor,4
CHEMBL198362,RIVAROXABAN,O=C(NC[C@H]1CN(c2ccc(N3CCOCC3=O)cc2)C(=O)O1)c1ccc(Cl)s1,CHEMBL244,Coagulation factor X,INHIBITOR,Coagulation factor X inhibitor,4
CHEMBL1518,PROPYLTHIOURACIL,CCCc1cc(=O)[nH]c(=S)[nH]1,CHEMBL2019,Type I iodothyronine deiodinase,INHIBITOR,Type I iodothyronine deiodinase (Type-I 5'-deiodinase) (DIOI) (Type 1 DI) (5DI) inhibitor,4
CHEMBL1138,EZETIMIBE,O=C1[C@H](CC[C@H](O)c2ccc(F)cc2)[C@@H](c2ccc(O)cc2)N1c1ccc(F)cc1,CHEMBL2027,NPC1-like intracellular cholesterol transporter 1,INHIBITOR,Niemann-Pick C1-like protein 1 inhibitor,4
CHEMBL771,CYCLOSERINE,N[C@@H]1CONC1=O,CHEMBL2031,Alanine racemase,INHIBITOR,Alanine racemase inhibitor,4
CHEMBL799,CILOSTAZOL,O=C1CCc2cc(OCCCCc3nnnn3C3CCCCC3)ccc2N1,CHEMBL241,"cGMP-inhibited 3',5'-cyclic phosphodiesterase 3A",INHIBITOR,Phosphodiesterase 3A inhibitor,4
CHEMBL1200977,MILRINONE LACTATE,CC(O)C(=O)O.Cc1[nH]c(=O)c(C#N)cc1-c1ccncc1,CHEMBL241,"cGMP-inhibited 3',5'-cyclic phosphodiesterase 3A",INHIBITOR,Phosphodiesterase 3A inhibitor,4
CHEMBL1752,DYPHYLLINE,Cn1c(=O)c2c(ncn2CC(O)CO)n(C)c1=O,CHEMBL241,"cGMP-inhibited 3',5'-cyclic phosphodiesterase 3A",INHIBITOR,Phosphodiesterase 3A inhibitor,4
CHEMBL89598,VIGABATRIN,C=CC(N)CCC(=O)O,CHEMBL2044,"4-aminobutyrate aminotransferase, mitochondrial",INHIBITOR,Gamma-amino-N-butyrate transaminase inhibitor,4
CHEMBL374478,RIFAMPIN,CO[C@H]1/C=C/O[C@@]2(C)Oc3c(C)c(O)c4c(O)c(c(/C=N/N5CCN(C)CC5)c(O)c4c3C2=O)NC(=O)/C(C)=C\C=C\[C@H](C)[C@H](O)[C@@H](C)[C@@H](O)[C@@H](C)[C@H](OC(C)=O)[C@@H]1C,CHEMBL2364672,Bacterial DNA-directed RNA polymerase,INHIBITOR,Bacterial DNA-directed RNA polymerase inhibitor,4
CHEMBL444633,RIFABUTIN,CO[C@H]1/C=C/O[C@@]2(C)Oc3c(C)c(O)c4c(c3C2=O)C2=NC3(CCN(CC(C)C)CC3)NC2=C(NC(=O)/C(C)=C\C=C\[C@H](C)[C@H](O)[C@@H](C)[C@@H](O)[C@@H](C)[C@H](OC(C)=O)[C@@H]1C)C4=O,CHEMBL2364672,Bacterial DNA-directed RNA polymerase,INHIBITOR,Bacterial DNA-directed RNA polymerase inhibitor,4
CHEMBL1660,RIFAPENTINE,CO[C@H]1/C=C/O[C@@]2(C)Oc3c(C)c(O)c4c(O)c(c(/C=N/N5CCN(C6CCCC6)CC5)c(O)c4c3C2=O)NC(=O)/C(C)=C\C=C\[C@H](C)[C@H](O)[C@@H](C)[C@@H](O)[C@@H](C)[C@H](OC(C)=O)[C@@H]1C,CHEMBL2364672,Bacterial DNA-directed RNA polymerase,INHIBITOR,Bacterial DNA-directed RNA polymerase inhibitor,4
CHEMBL1617,RIFAXIMIN,CO[C@H]1/C=C/O[C@@]2(C)Oc3c(C)c(O)c4c(O)c(c5c(nc6cc(C)ccn65)c4c3C2=O)NC(=O)/C(C)=C\C=C\[C@H](C)[C@H](O)[C@@H](C)[C@@H](O)[C@@H](C)[C@H](OC(C)=O)[C@@H]1C,CHEMBL2364672,Bacterial DNA-directed RNA polymerase,INHIBITOR,Bacterial DNA-directed RNA polymerase inhibitor,4
CHEMBL264241,ANIDULAFUNGIN,CCCCCOc1ccc(-c2ccc(-c3ccc(C(=O)N[C@H]4C[C@@H](O)[C@@H](O)NC(=O)[C@@H]5[C@@H](O)[C@@H](C)CN5C(=O)[C@H]([C@@H](C)O)NC(=O)[C@H]([C@H](O)[C@@H](O)c5ccc(O)cc5)NC(=O)[C@@H]5C[C@@H](O)CN5C(=O)[C@H]([C@@H](C)O)NC4=O)cc3)cc2)cc1,CHEMBL2364673,"1,3-beta-glucan synthase",INHIBITOR,"1,3-beta-glucan synthase inhibitor",4
CHEMBL5314378,CASPOFUNGIN ACETATE,CC(=O)O.CC(=O)O.CC[C@H](C)C[C@H](C)CCCCCCCCC(=O)N[C@H]1C[C@@H](O)[C@@H](NCCN)NC(=O)[C@@H]2[C@@H](O)CCN2C(=O)[C@H]([C@H](O)CCN)NC(=O)[C@H]([C@H](O)[C@@H](O)c2ccc(O)cc2)NC(=O)[C@@H]2C[C@@H](O)CN2C(=O)[C@H]([C@@H](C)O)NC1=O,CHEMBL2364673,"1,3-beta-glucan synthase",INHIBITOR,"1,3-beta-glucan synthase inhibitor",4
CHEMBL1237070,MICAFUNGIN SODIUM,CCCCCOc1ccc(-c2cc(-c3ccc(C(=O)N[C@H]4C[C@@H](O)[C@@H](O)NC(=O)[C@@H]5[C@@H](O)[C@@H](C)CN5C(=O)[C@H]([C@H](O)CC(N)=O)NC(=O)[C@H]([C@H](O)[C@@H](O)c5ccc(O)c(OS(=O)(=O)[O-])c5)NC(=O)[C@@H]5C[C@@H](O)CN5C(=O)[C@H]([C@@H](C)O)NC4=O)cc3)no2)cc1.[Na+],CHEMBL2364673,"1,3-beta-glucan synthase",INHIBITOR,"1,3-beta-glucan synthase inhibitor",4
CHEMBL5314378,CASPOFUNGIN ACETATE,CC(=O)O.CC(=O)O.CC[C@H](C)C[C@H](C)CCCCCCCCC(=O)N[C@H]1C[C@@H](O)[C@@H](NCCN)NC(=O)[C@@H]2[C@@H](O)CCN2C(=O)[C@H]([C@H](O)CCN)NC(=O)[C@H]([C@H](O)[C@@H](O)c2ccc(O)cc2)NC(=O)[C@@H]2C[C@@H](O)CN2C(=O)[C@H]([C@@H](C)O)NC1=O,CHEMBL2364674,"1,3-beta-glucan synthase",INHIBITOR,"1,3-beta-glucan synthase inhibitor",4
CHEMBL2095208,COBICISTAT,CC(C)c1nc(CN(C)C(=O)N[C@@H](CCN2CCOCC2)C(=O)N[C@H](CC[C@H](Cc2ccccc2)NC(=O)OCc2cncs2)Cc2ccccc2)cs1,CHEMBL2364675,Cytochrome P450 3A,INHIBITOR,Cytochrome P450 3A inhibitor,4
CHEMBL849,TRICLOSAN,Oc1cc(Cl)ccc1Oc1ccc(Cl)cc1Cl,CHEMBL2364678,Enoyl-[acyl-carrier-protein] reductase [NADH] FabI,INHIBITOR,Bacterial enoyl-[acyl-carrier-protein] reductase inhibitor,4
CHEMBL1200397,BUTENAFINE HYDROCHLORIDE,CN(Cc1ccc(C(C)(C)C)cc1)Cc1cccc2ccccc12.Cl,CHEMBL2364679,Squalene monooxygenase,INHIBITOR,Squalene monooxygenase inhibitor,4
CHEMBL1200832,TERBINAFINE HYDROCHLORIDE,CN(C/C=C/C#CC(C)(C)C)Cc1cccc2ccccc12.Cl,CHEMBL2364679,Squalene monooxygenase,INHIBITOR,Squalene monooxygenase inhibitor,4
CHEMBL822,TERBINAFINE,CN(C/C=C/C#CC(C)(C)C)Cc1cccc2ccccc12,CHEMBL2364679,Squalene monooxygenase,INHIBITOR,Squalene monooxygenase inhibitor,4
CHEMBL1200493,NAFTIFINE HYDROCHLORIDE,CN(C/C=C/c1ccccc1)Cc1cccc2ccccc12.Cl,CHEMBL2364679,Squalene monooxygenase,INHIBITOR,Squalene monooxygenase inhibitor,4
CHEMBL1463,FLUCYTOSINE,Nc1nc(=O)[nH]cc1F,CHEMBL2364680,Thymidylate synthase,INHIBITOR,Thymidylate synthase inhibitor,4
CHEMBL2105662,LOMITAPIDE MESYLATE,CS(=O)(=O)O.O=C(NC1CCN(CCCCC2(C(=O)NCC(F)(F)F)c3ccccc3-c3ccccc32)CC1)c1ccccc1-c1ccc(C(F)(F)F)cc1,CHEMBL2364681,Microsomal triglyceride transfer protein,INHIBITOR,Microsomal triglyceride transfer protein inhibitor,4
CHEMBL1374379,BENZONATATE,CCCCNc1ccc(C(=O)OCCOCCOCCOCCOCCOCCOCCOCCOCCOC)cc1,CHEMBL2364682,Slowly adapting pulmonary stretch receptor,INHIBITOR,Slowly adapting pulmonary stretch receptor inhibitor,4
CHEMBL734,ACETOHYDROXAMIC ACID,CC(=O)NO,CHEMBL2364683,Bacterial urease,INHIBITOR,Bacterial urease inhibitor,4
CHEMBL1200453,DOCOSANOL,CCCCCCCCCCCCCCCCCCCCCCO,CHEMBL2364696,Envelope glycoprotein,INHIBITOR,Envelope glycoprotein inhibitor,4
CHEMBL1200388,CLOXACILLIN SODIUM,Cc1onc(-c2ccccc2Cl)c1C(=O)N[C@@H]1C(=O)N2[C@@H]1SC(C)(C)[C@@H]2C(=O)[O-].O.[Na+],CHEMBL2363021,Penicillin-binding protein,INHIBITOR,Penicillin-binding protein inhibitor,4
CHEMBL3181832,METHICILLIN SODIUM,COc1cccc(OC)c1C(=O)N[C@@H]1C(=O)N2[C@@H]1SC(C)(C)[C@@H]2C(=O)[O-].O.[Na+],CHEMBL2363021,Penicillin-binding protein,INHIBITOR,Penicillin-binding protein inhibitor,4
CHEMBL451887,CARFILZOMIB,CC(C)C[C@H](NC(=O)[C@H](CCc1ccccc1)NC(=O)CN1CCOCC1)C(=O)N[C@@H](Cc1ccccc1)C(=O)N[C@@H](CC(C)C)C(=O)[C@@]1(C)CO1,CHEMBL2364701,26S proteasome,INHIBITOR,26S proteasome inhibitor,4
CHEMBL562,GRISEOFULVIN,COC1=CC(=O)C[C@@H](C)[C@]12Oc1c(Cl)c(OC)cc(OC)c1C2=O,CHEMBL2364703,Tubulin,INHIBITOR,Tubulin inhibitor,4
CHEMBL685,MEBENDAZOLE,COC(=O)Nc1nc2cc(C(=O)c3ccccc3)ccc2[nH]1,CHEMBL2364704,Tubulin,INHIBITOR,Tubulin inhibitor,4
CHEMBL625,THIABENDAZOLE,c1ccc2[nH]c(-c3cscn3)nc2c1,CHEMBL2364704,Tubulin,INHIBITOR,Tubulin inhibitor,4
CHEMBL1483,ALBENDAZOLE,CCCSc1ccc2[nH]c(NC(=O)OC)nc2c1,CHEMBL2364704,Tubulin,INHIBITOR,Tubulin inhibitor,4
CHEMBL1483,ALBENDAZOLE,CCCSc1ccc2[nH]c(NC(=O)OC)nc2c1,CHEMBL2364705,Tubulin,INHIBITOR,Tubulin inhibitor,4
CHEMBL685,MEBENDAZOLE,COC(=O)Nc1nc2cc(C(=O)c3ccccc3)ccc2[nH]1,CHEMBL2364705,Tubulin,INHIBITOR,Tubulin inhibitor,4
CHEMBL625,THIABENDAZOLE,c1ccc2[nH]c(-c3cscn3)nc2c1,CHEMBL2364705,Tubulin,INHIBITOR,Tubulin inhibitor,4
CHEMBL1282,IMIQUIMOD,CC(C)Cn1cnc2c(N)nc3ccccc3c21,CHEMBL5936,Toll-like receptor 7,AGONIST,Toll-like receptor 7 agonist,4
CHEMBL1690,HYDROXYCHLOROQUINE SULFATE,CCN(CCO)CCCC(C)Nc1ccnc2cc(Cl)ccc12.O=S(=O)(O)O,CHEMBL5936,Toll-like receptor 7,ANTAGONIST,Toll-like receptor 7 antagonist,4
CHEMBL104,CLOTRIMAZOLE,Clc1ccccc1C(c1ccccc1)(c1ccccc1)n1ccnc1,CHEMBL1780,Lanosterol 14-alpha demethylase,INHIBITOR,Cytochrome P450 51 inhibitor,4
CHEMBL1201049,ECONAZOLE NITRATE,Clc1ccc(COC(Cn2ccnc2)c2ccc(Cl)cc2Cl)cc1.O=[N+]([O-])O,CHEMBL1780,Lanosterol 14-alpha demethylase,INHIBITOR,Cytochrome P450 51 inhibitor,4
CHEMBL638,VORICONAZOLE,C[C@@H](c1ncncc1F)[C@](O)(Cn1cncn1)c1ccc(F)cc1F,CHEMBL1780,Lanosterol 14-alpha demethylase,INHIBITOR,Cytochrome P450 51 inhibitor,4
CHEMBL157101,KETOCONAZOLE,CC(=O)N1CCN(c2ccc(OCC3COC(Cn4ccnc4)(c4ccc(Cl)cc4Cl)O3)cc2)CC1,CHEMBL1780,Lanosterol 14-alpha demethylase,INHIBITOR,Cytochrome P450 51 inhibitor,4
CHEMBL91,MICONAZOLE,Clc1ccc(COC(Cn2ccnc2)c2ccc(Cl)cc2Cl)c(Cl)c1,CHEMBL1780,Lanosterol 14-alpha demethylase,INHIBITOR,Cytochrome P450 51 inhibitor,4
CHEMBL64391,ITRACONAZOLE,CCC(C)n1ncn(-c2ccc(N3CCN(c4ccc(OCC5COC(Cn6cncn6)(c6ccc(Cl)cc6Cl)O5)cc4)CC3)cc2)c1=O,CHEMBL1780,Lanosterol 14-alpha demethylase,INHIBITOR,Cytochrome P450 51 inhibitor,4
CHEMBL1714574,TERCONAZOLE,CC(C)N1CCN(c2ccc(OCC3COC(Cn4cncn4)(c4ccc(Cl)cc4Cl)O3)cc2)CC1,CHEMBL1780,Lanosterol 14-alpha demethylase,INHIBITOR,Cytochrome P450 51 inhibitor,4
CHEMBL1559,MICONAZOLE NITRATE,Clc1ccc(COC(Cn2ccnc2)c2ccc(Cl)cc2Cl)c(Cl)c1.O=[N+]([O-])O,CHEMBL1780,Lanosterol 14-alpha demethylase,INHIBITOR,Cytochrome P450 51 inhibitor,4
CHEMBL106,FLUCONAZOLE,OC(Cn1cncn1)(Cn1cncn1)c1ccc(F)cc1F,CHEMBL1780,Lanosterol 14-alpha demethylase,INHIBITOR,Cytochrome P450 51 inhibitor,4
CHEMBL1200348,SULCONAZOLE NITRATE,Clc1ccc(CSC(Cn2ccnc2)c2ccc(Cl)cc2Cl)cc1.O=[N+]([O-])O,CHEMBL1780,Lanosterol 14-alpha demethylase,INHIBITOR,Cytochrome P450 51 inhibitor,4
CHEMBL1397,POSACONAZOLE,CC[C@@H]([C@H](C)O)n1ncn(-c2ccc(N3CCN(c4ccc(OC[C@@H]5CO[C@@](Cn6cncn6)(c6ccc(F)cc6F)C5)cc4)CC3)cc2)c1=O,CHEMBL1780,Lanosterol 14-alpha demethylase,INHIBITOR,Cytochrome P450 51 inhibitor,4
CHEMBL1200725,SERTACONAZOLE NITRATE,Clc1ccc(C(Cn2ccnc2)OCc2csc3c(Cl)cccc23)c(Cl)c1.O=[N+]([O-])O,CHEMBL1780,Lanosterol 14-alpha demethylase,INHIBITOR,Cytochrome P450 51 inhibitor,4
CHEMBL1200398,BUTOCONAZOLE NITRATE,Clc1ccc(CCC(Cn2ccnc2)Sc2c(Cl)cccc2Cl)cc1.O=[N+]([O-])O,CHEMBL1780,Lanosterol 14-alpha demethylase,INHIBITOR,Cytochrome P450 51 inhibitor,4
CHEMBL1200836,OXICONAZOLE NITRATE,Clc1ccc(CO/N=C(\Cn2ccnc2)c2ccc(Cl)cc2Cl)c(Cl)c1.O=[N+]([O-])O,CHEMBL1780,Lanosterol 14-alpha demethylase,INHIBITOR,Cytochrome P450 51 inhibitor,4
CHEMBL122,ROFECOXIB,CS(=O)(=O)c1ccc(C2=C(c3ccccc3)C(=O)OC2)cc1,CHEMBL230,Prostaglandin G/H synthase 2,INHIBITOR,Cyclooxygenase-2 inhibitor,4
CHEMBL599,MELOXICAM,Cc1cnc(NC(=O)C2=C(O)c3ccccc3S(=O)(=O)N2C)s1,CHEMBL230,Prostaglandin G/H synthase 2,INHIBITOR,Cyclooxygenase-2 inhibitor,4
CHEMBL1070,NABUMETONE,COc1ccc2cc(CCC(C)=O)ccc2c1,CHEMBL230,Prostaglandin G/H synthase 2,INHIBITOR,Cyclooxygenase-2 inhibitor,4
CHEMBL865,VALDECOXIB,Cc1onc(-c2ccccc2)c1-c1ccc(S(N)(=O)=O)cc1,CHEMBL230,Prostaglandin G/H synthase 2,INHIBITOR,Cyclooxygenase-2 inhibitor,4
CHEMBL118,CELECOXIB,Cc1ccc(-c2cc(C(F)(F)F)nn2-c2ccc(S(N)(=O)=O)cc2)cc1,CHEMBL230,Prostaglandin G/H synthase 2,INHIBITOR,Cyclooxygenase-2 inhibitor,4
CHEMBL622,ETODOLAC,CCc1cccc2c3c([nH]c12)C(CC)(CC(=O)O)OCC3,CHEMBL230,Prostaglandin G/H synthase 2,INHIBITOR,Cyclooxygenase-2 inhibitor,4
CHEMBL2218896,NABILONE,CCCCCCC(C)(C)c1cc(O)c2c(c1)OC(C)(C)C1CCC(=O)CC21,CHEMBL218,Cannabinoid receptor 1,AGONIST,Cannabinoid CB1 receptor agonist,4
CHEMBL465,DRONABINOL,CCCCCc1cc(O)c2c(c1)OC(C)(C)[C@@H]1CCC(C)=C[C@@H]21,CHEMBL218,Cannabinoid receptor 1,AGONIST,Cannabinoid CB1 receptor agonist,4
CHEMBL754,FOSCARNET SODIUM,O=C([O-])P(=O)([O-])[O-].[Na+].[Na+].[Na+],CHEMBL1872,DNA polymerase catalytic subunit,INHIBITOR,Human herpesvirus 1 DNA polymerase inhibitor,4
CHEMBL5314375,CIDOFOVIR,Nc1ccn(C[C@@H](CO)OCP(=O)(O)O)c(=O)n1.O.O,CHEMBL1872,DNA polymerase catalytic subunit,INHIBITOR,Human herpesvirus 1 DNA polymerase inhibitor,4
CHEMBL1200850,GANCICLOVIR SODIUM,Nc1nc([O-])c2ncn(COC(CO)CO)c2n1.[Na+],CHEMBL1872,DNA polymerase catalytic subunit,INHIBITOR,Human herpesvirus 1 DNA polymerase inhibitor,4
CHEMBL182,GANCICLOVIR,Nc1nc2c(ncn2COC(CO)CO)c(=O)[nH]1,CHEMBL1872,DNA polymerase catalytic subunit,INHIBITOR,Human herpesvirus 1 DNA polymerase inhibitor,4
CHEMBL184,ACYCLOVIR,Nc1nc2c(ncn2COCCO)c(=O)[nH]1,CHEMBL1872,DNA polymerase catalytic subunit,INHIBITOR,Human herpesvirus 1 DNA polymerase inhibitor,4
CHEMBL1200454,VALGANCICLOVIR HYDROCHLORIDE,CC(C)[C@H](N)C(=O)OCC(CO)OCn1cnc2c(=O)nc(N)[nH]c21.Cl,CHEMBL1872,DNA polymerase catalytic subunit,INHIBITOR,Human herpesvirus 1 DNA polymerase inhibitor,4
CHEMBL1090,VIDARABINE,Nc1ncnc2c1ncn2[C@@H]1O[C@H](CO)[C@@H](O)[C@@H]1O,CHEMBL1872,DNA polymerase catalytic subunit,INHIBITOR,Human herpesvirus 1 DNA polymerase inhibitor,4
CHEMBL1200380,ACYCLOVIR SODIUM,Nc1nc([O-])c2ncn(COCCO)c2n1.[Na+],CHEMBL1872,DNA polymerase catalytic subunit,INHIBITOR,Human herpesvirus 1 DNA polymerase inhibitor,4
CHEMBL880,FAMCICLOVIR,CC(=O)OCC(CCn1cnc2cnc(N)nc21)COC(C)=O,CHEMBL1872,DNA polymerase catalytic subunit,INHIBITOR,Human herpesvirus 1 DNA polymerase inhibitor,4
CHEMBL1201110,VALACYCLOVIR HYDROCHLORIDE,CC(C)[C@H](N)C(=O)OCCOCn1cnc2c(=O)nc(N)[nH]c21.Cl,CHEMBL1872,DNA polymerase catalytic subunit,INHIBITOR,Human herpesvirus 1 DNA polymerase inhibitor,4
CHEMBL1668,RESCINNAMINE,COC(=O)[C@H]1[C@H]2C[C@@H]3c4[nH]c5cc(OC)ccc5c4CCN3C[C@H]2C[C@@H](OC(=O)/C=C/c2cc(OC)c(OC)c(OC)c2)[C@@H]1OC,CHEMBL1893,Synaptic vesicular amine transporter,INHIBITOR,Synaptic vesicular amine transporter inhibitor,4
CHEMBL772,RESERPINE,COC(=O)[C@H]1[C@H]2C[C@@H]3c4[nH]c5cc(OC)ccc5c4CCN3C[C@H]2C[C@@H](OC(=O)c2cc(OC)c(OC)c(OC)c2)[C@@H]1OC,CHEMBL1893,Synaptic vesicular amine transporter,INHIBITOR,Synaptic vesicular amine transporter inhibitor,4
CHEMBL1200515,DESERPIDINE,COC(=O)[C@H]1[C@H]2C[C@@H]3c4[nH]c5ccccc5c4CCN3C[C@H]2C[C@@H](OC(=O)c2cc(OC)c(OC)c(OC)c2)[C@@H]1OC,CHEMBL1893,Synaptic vesicular amine transporter,INHIBITOR,Synaptic vesicular amine transporter inhibitor,4
CHEMBL117785,TETRABENAZINE,COc1cc2c(cc1OC)C1CC(=O)C(CC(C)C)CN1CC2,CHEMBL1893,Synaptic vesicular amine transporter,INHIBITOR,Synaptic vesicular amine transporter inhibitor,4
CHEMBL3989844,DEXTROAMPHETAMINE SACCHARATE,C[C@H](N)Cc1ccccc1.O=C(O)[C@@H](O)[C@@H](O)[C@H](O)[C@@H](O)C(=O)O,CHEMBL1893,Synaptic vesicular amine transporter,INHIBITOR,Synaptic vesicular amine transporter inhibitor,4
CHEMBL3544971,DEXTROAMPHETAMINE SULFATE,C[C@H](N)Cc1ccccc1.C[C@H](N)Cc1ccccc1.O=S(=O)(O)O,CHEMBL1893,Synaptic vesicular amine transporter,INHIBITOR,Synaptic vesicular amine transporter inhibitor,4
CHEMBL3544906,BENZPHETAMINE HYDROCHLORIDE,C[C@@H](Cc1ccccc1)N(C)Cc1ccccc1.Cl,CHEMBL1893,Synaptic vesicular amine transporter,INHIBITOR,Synaptic vesicular amine transporter inhibitor,4
CHEMBL612,DEXTROAMPHETAMINE,C[C@H](N)Cc1ccccc1,CHEMBL1893,Synaptic vesicular amine transporter,INHIBITOR,Synaptic vesicular amine transporter inhibitor,4
CHEMBL1201178,LISDEXAMFETAMINE DIMESYLATE,CS(=O)(=O)O.CS(=O)(=O)O.C[C@@H](Cc1ccccc1)NC(=O)[C@@H](N)CCCCN,CHEMBL1893,Synaptic vesicular amine transporter,INHIBITOR,Synaptic vesicular amine transporter inhibitor,4
CHEMBL2218878,TRIMETREXATE GLUCURONATE,COc1cc(NCc2ccc3nc(N)nc(N)c3c2C)cc(OC)c1OC.O=C(O)[C@H]1O[C@H](O)[C@H](O)[C@@H](O)[C@@H]1O,CHEMBL1926,Dihydrofolate reductase,INHIBITOR,Dihydrofolate reductase inhibitor,4
CHEMBL98,VORINOSTAT,O=C(CCCCCCC(=O)Nc1ccccc1)NO,CHEMBL1937,Histone deacetylase 2,INHIBITOR,Histone deacetylase 2 inhibitor,4
CHEMBL282042,SAQUINAVIR MESYLATE,CC(C)(C)NC(=O)[C@@H]1C[C@@H]2CCCC[C@@H]2CN1C[C@@H](O)[C@H](Cc1ccccc1)NC(=O)[C@H](CC(N)=O)NC(=O)c1ccc2ccccc2n1.CS(=O)(=O)O,CHEMBL243,Human immunodeficiency virus type 1 protease,INHIBITOR,Human immunodeficiency virus type 1 protease inhibitor,4
CHEMBL163,RITONAVIR,CC(C)c1nc(CN(C)C(=O)N[C@H](C(=O)N[C@@H](Cc2ccccc2)C[C@H](O)[C@H](Cc2ccccc2)NC(=O)OCc2cncs2)C(C)C)cs1,CHEMBL243,Human immunodeficiency virus type 1 protease,INHIBITOR,Human immunodeficiency virus type 1 protease inhibitor,4
CHEMBL1205,NELFINAVIR MESYLATE,CS(=O)(=O)O.Cc1c(O)cccc1C(=O)N[C@@H](CSc1ccccc1)[C@H](O)CN1C[C@H]2CCCC[C@H]2C[C@H]1C(=O)NC(C)(C)C,CHEMBL243,Human immunodeficiency virus type 1 protease,INHIBITOR,Human immunodeficiency virus type 1 protease inhibitor,4
CHEMBL116,AMPRENAVIR,CC(C)CN(C[C@@H](O)[C@H](Cc1ccccc1)NC(=O)O[C@H]1CCOC1)S(=O)(=O)c1ccc(N)cc1,CHEMBL243,Human immunodeficiency virus type 1 protease,INHIBITOR,Human immunodeficiency virus type 1 protease inhibitor,4
CHEMBL1200734,FOSAMPRENAVIR CALCIUM,CC(C)CN(C[C@@H](OP(=O)([O-])[O-])[C@H](Cc1ccccc1)NC(=O)O[C@H]1CCOC1)S(=O)(=O)c1ccc(N)cc1.[Ca+2],CHEMBL243,Human immunodeficiency virus type 1 protease,INHIBITOR,Human immunodeficiency virus type 1 protease inhibitor,4
CHEMBL114,SAQUINAVIR,CC(C)(C)NC(=O)[C@@H]1C[C@@H]2CCCC[C@@H]2CN1C[C@@H](O)[C@H](Cc1ccccc1)NC(=O)[C@H](CC(N)=O)NC(=O)c1ccc2ccccc2n1,CHEMBL243,Human immunodeficiency virus type 1 protease,INHIBITOR,Human immunodeficiency virus type 1 protease inhibitor,4
CHEMBL729,LOPINAVIR,Cc1cccc(C)c1OCC(=O)N[C@@H](Cc1ccccc1)[C@@H](O)C[C@H](Cc1ccccc1)NC(=O)[C@H](C(C)C)N1CCCNC1=O,CHEMBL243,Human immunodeficiency virus type 1 protease,INHIBITOR,Human immunodeficiency virus type 1 protease inhibitor,4
CHEMBL222559,TIPRANAVIR,CCC[C@@]1(CCc2ccccc2)CC(O)=C([C@H](CC)c2cccc(NS(=O)(=O)c3ccc(C(F)(F)F)cn3)c2)C(=O)O1,CHEMBL243,Human immunodeficiency virus type 1 protease,INHIBITOR,Human immunodeficiency virus type 1 protease inhibitor,4
CHEMBL1201127,DARUNAVIR ETHANOLATE,CC(C)CN(C[C@@H](O)[C@H](Cc1ccccc1)NC(=O)O[C@H]1CO[C@H]2OCC[C@H]21)S(=O)(=O)c1ccc(N)cc1.CCO,CHEMBL243,Human immunodeficiency virus type 1 protease,INHIBITOR,Human immunodeficiency virus type 1 protease inhibitor,4
CHEMBL1735,INDINAVIR SULFATE,CC(C)(C)NC(=O)[C@@H]1CN(Cc2cccnc2)CCN1C[C@@H](O)C[C@@H](Cc1ccccc1)C(=O)N[C@H]1c2ccccc2C[C@H]1O.O=S(=O)(O)O,CHEMBL243,Human immunodeficiency virus type 1 protease,INHIBITOR,Human immunodeficiency virus type 1 protease inhibitor,4
CHEMBL1200678,ATAZANAVIR SULFATE,COC(=O)N[C@H](C(=O)N[C@@H](Cc1ccccc1)[C@@H](O)CN(Cc1ccc(-c2ccccn2)cc1)NC(=O)[C@@H](NC(=O)OC)C(C)(C)C)C(C)(C)C.O=S(=O)(O)O,CHEMBL243,Human immunodeficiency virus type 1 protease,INHIBITOR,Human immunodeficiency virus type 1 protease inhibitor,4
CHEMBL1083385,CLOPIDOGREL BISULFATE,COC(=O)[C@H](c1ccccc1Cl)N1CCc2sccc2C1.O=S(=O)(O)O,CHEMBL2001,P2Y purinoceptor 12,ANTAGONIST,Purinergic receptor P2Y12 antagonist,4
CHEMBL1717,TICLOPIDINE HYDROCHLORIDE,Cl.Clc1ccccc1CN1CCc2sccc2C1,CHEMBL2001,P2Y purinoceptor 12,ANTAGONIST,Purinergic receptor P2Y12 antagonist,4
CHEMBL398435,TICAGRELOR,CCCSc1nc(N[C@@H]2C[C@H]2c2ccc(F)c(F)c2)c2nnn([C@@H]3C[C@H](OCCO)[C@@H](O)[C@H]3O)c2n1,CHEMBL2001,P2Y purinoceptor 12,NEGATIVE ALLOSTERIC MODULATOR,Purinergic receptor P2Y12 negative allosteric modulator,4
CHEMBL1201773,PRASUGREL HYDROCHLORIDE,CC(=O)Oc1cc2c(s1)CCN(C(C(=O)C1CC1)c1ccccc1F)C2.Cl,CHEMBL2001,P2Y purinoceptor 12,ANTAGONIST,Purinergic receptor P2Y12 antagonist,4
CHEMBL1200803,SOLIFENACIN SUCCINATE,O=C(O)CCC(=O)O.O=C(O[C@H]1CN2CCC1CC2)N1CCc2ccccc2[C@@H]1c1ccccc1,CHEMBL211,Muscarinic acetylcholine receptor M2,ANTAGONIST,Muscarinic acetylcholine receptor M2 antagonist,4
CHEMBL1240,PROPANTHELINE BROMIDE,CC(C)[N+](C)(CCOC(=O)C1c2ccccc2Oc2ccccc21)C(C)C.[Br-],CHEMBL211,Muscarinic acetylcholine receptor M2,ANTAGONIST,Muscarinic acetylcholine receptor M2 antagonist,4
CHEMBL1768,BETHANECHOL CHLORIDE,CC(C[N+](C)(C)C)OC(N)=O.[Cl-],CHEMBL211,Muscarinic acetylcholine receptor M2,AGONIST,Muscarinic acetylcholine receptor M2 agonist,4
CHEMBL1201765,FESOTERODINE FUMARATE,CC(C)C(=O)Oc1ccc(CO)cc1[C@H](CCN(C(C)C)C(C)C)c1ccccc1.O=C(O)/C=C/C(=O)O,CHEMBL211,Muscarinic acetylcholine receptor M2,ANTAGONIST,Muscarinic acetylcholine receptor M2 antagonist,4
CHEMBL1200935,DARIFENACIN HYDROBROMIDE,Br.NC(=O)C(c1ccccc1)(c1ccccc1)[C@@H]1CCN(CCc2ccc3c(c2)CCO3)C1,CHEMBL211,Muscarinic acetylcholine receptor M2,ANTAGONIST,Muscarinic acetylcholine receptor M2 antagonist,4
CHEMBL517712,ATROPINE,CN1[C@@H]2CC[C@H]1C[C@@H](OC(=O)C(CO)c1ccccc1)C2,CHEMBL211,Muscarinic acetylcholine receptor M2,ANTAGONIST,Muscarinic acetylcholine receptor M2 antagonist,4
CHEMBL2146146,ATROPINE SULFATE,CN1[C@@H]2CC[C@H]1C[C@@H](OC(=O)C(CO)c1ccccc1)C2.O=S(=O)(O)O,CHEMBL211,Muscarinic acetylcholine receptor M2,ANTAGONIST,Muscarinic acetylcholine receptor M2 antagonist,4
CHEMBL3084748,TROSPIUM CHLORIDE,O=C(O[C@H]1C[C@H]2CC[C@@H](C1)[N+]21CCCC1)C(O)(c1ccccc1)c1ccccc1.[Cl-],CHEMBL211,Muscarinic acetylcholine receptor M2,ANTAGONIST,Muscarinic acetylcholine receptor M2 antagonist,4
CHEMBL1231,OXYBUTYNIN,CCN(CC)CC#CCOC(=O)C(O)(c1ccccc1)C1CCCCC1,CHEMBL211,Muscarinic acetylcholine receptor M2,ANTAGONIST,Muscarinic acetylcholine receptor M2 antagonist,4
CHEMBL1133,OXYBUTYNIN CHLORIDE,CCN(CC)CC#CCOC(=O)C(O)(c1ccccc1)C1CCCCC1.Cl,CHEMBL211,Muscarinic acetylcholine receptor M2,ANTAGONIST,Muscarinic acetylcholine receptor M2 antagonist,4
CHEMBL1722209,TOLTERODINE TARTRATE,Cc1ccc(O)c([C@H](CCN(C(C)C)C(C)C)c2ccccc2)c1.O=C(O)C(O)C(O)C(=O)O,CHEMBL211,Muscarinic acetylcholine receptor M2,ANTAGONIST,Muscarinic acetylcholine receptor M2 antagonist,4
CHEMBL1946170,REGORAFENIB,CNC(=O)c1cc(Oc2ccc(NC(=O)Nc3ccc(Cl)c(C(F)(F)F)c3)c(F)c2)ccn1,CHEMBL2041,Proto-oncogene tyrosine-protein kinase receptor Ret,INHIBITOR,Tyrosine-protein kinase receptor RET inhibitor,4
CHEMBL1200485,SORAFENIB TOSYLATE,CNC(=O)c1cc(Oc2ccc(NC(=O)Nc3ccc(Cl)c(C(F)(F)F)c3)cc2)ccn1.Cc1ccc(S(=O)(=O)O)cc1,CHEMBL2041,Proto-oncogene tyrosine-protein kinase receptor Ret,INHIBITOR,Tyrosine-protein kinase receptor RET inhibitor,4
CHEMBL1567,SUNITINIB MALATE,CCN(CC)CCNC(=O)c1c(C)[nH]c(/C=C2\C(=O)Nc3ccc(F)cc32)c1C.O=C(O)C[C@H](O)C(=O)O,CHEMBL2041,Proto-oncogene tyrosine-protein kinase receptor Ret,INHIBITOR,Tyrosine-protein kinase receptor RET inhibitor,4
CHEMBL24828,VANDETANIB,COc1cc2/c(=N/c3ccc(Br)cc3F)nc[nH]c2cc1OCC1CCN(C)CC1,CHEMBL2041,Proto-oncogene tyrosine-protein kinase receptor Ret,INHIBITOR,Tyrosine-protein kinase receptor RET inhibitor,4
CHEMBL1201733,PAZOPANIB HYDROCHLORIDE,Cc1ccc(Nc2nccc(N(C)c3ccc4c(C)n(C)nc4c3)n2)cc1S(N)(=O)=O.Cl,CHEMBL2959,Tyrosine-protein kinase ITK/TSK,INHIBITOR,Tyrosine-protein kinase ITK/TSK inhibitor,4
CHEMBL1201116,HETACILLIN,CC1(C)S[C@@H]2[C@H](N3C(=O)[C@@H](c4ccccc4)NC3(C)C)C(=O)N2[C@H]1C(=O)O,CHEMBL2362973,Penicillin-binding protein,INHIBITOR,Penicillin-binding protein inhibitor,4
CHEMBL1200641,CISATRACURIUM BESYLATE,COc1ccc(C[C@@H]2c3cc(OC)c(OC)cc3CC[N@+]2(C)CCC(=O)OCCCCCOC(=O)CC[N@@+]2(C)CCc3cc(OC)c(OC)cc3[C@H]2Cc2ccc(OC)c(OC)c2)cc1OC.O=S(=O)([O-])c1ccccc1.O=S(=O)([O-])c1ccccc1,CHEMBL2362997,Muscle-type nicotinic acetylcholine receptor,ANTAGONIST,Muscle-type nicotinic acetylcholine receptor antagonist,4
CHEMBL1200527,ATRACURIUM BESYLATE,COc1ccc(CC2c3cc(OC)c(OC)cc3CC[N+]2(C)CCC(=O)OCCCCCOC(=O)CC[N+]2(C)CCc3cc(OC)c(OC)cc3C2Cc2ccc(OC)c(OC)c2)cc1OC.O=S(=O)([O-])c1ccccc1.O=S(=O)([O-])c1ccccc1,CHEMBL2362997,Muscle-type nicotinic acetylcholine receptor,ANTAGONIST,Muscle-type nicotinic acetylcholine receptor antagonist,4
CHEMBL984,MIVACURIUM CHLORIDE,COc1cc2c(cc1OC)[C@@H](Cc1cc(OC)c(OC)c(OC)c1)[N+](C)(CCCOC(=O)CC/C=C/CCC(=O)OCCC[N+]1(C)CCc3cc(OC)c(OC)cc3[C@H]1Cc1cc(OC)c(OC)c(OC)c1)CC2.[Cl-].[Cl-],CHEMBL2362997,Muscle-type nicotinic acetylcholine receptor,ANTAGONIST,Muscle-type nicotinic acetylcholine receptor antagonist,4
CHEMBL1200648,ROCURONIUM BROMIDE,C=CC[N+]1([C@H]2C[C@H]3[C@@H]4CC[C@H]5C[C@H](O)[C@@H](N6CCOCC6)C[C@]5(C)[C@H]4CC[C@]3(C)[C@H]2OC(C)=O)CCCC1.[Br-],CHEMBL2362997,Muscle-type nicotinic acetylcholine receptor,ANTAGONIST,Muscle-type nicotinic acetylcholine receptor antagonist,4
CHEMBL24828,VANDETANIB,COc1cc2/c(=N/c3ccc(Br)cc3F)nc[nH]c2cc1OCC1CCN(C)CC1,CHEMBL2363043,Ephrin receptor,INHIBITOR,Ephrin receptor inhibitor,4
CHEMBL1308,FOMEPIZOLE,Cc1cn[nH]c1,CHEMBL2363044,Alcohol dehydrogenase class I,INHIBITOR,Alcohol dehydrogenase class I inhibitor,4
CHEMBL141,LAMIVUDINE,Nc1ccn([C@@H]2CS[C@H](CO)O2)c(=O)n1,CHEMBL2363048,DNA,INHIBITOR,DNA inhibitor,4
CHEMBL141,LAMIVUDINE,Nc1ccn([C@@H]2CS[C@H](CO)O2)c(=O)n1,CHEMBL2363046,DNA,INHIBITOR,DNA inhibitor,4
CHEMBL141,LAMIVUDINE,Nc1ccn([C@@H]2CS[C@H](CO)O2)c(=O)n1,CHEMBL2363047,DNA,INHIBITOR,DNA inhibitor,4
CHEMBL24828,VANDETANIB,COc1cc2/c(=N/c3ccc(Br)cc3F)nc[nH]c2cc1OCC1CCN(C)CC1,CHEMBL2363049,Epidermal growth factor receptor,INHIBITOR,Epidermal growth factor receptor inhibitor,4
CHEMBL1341,METHOXYFLURANE,COC(F)(F)C(Cl)Cl,CHEMBL2363052,Glycine receptor (alpha-1/beta),AGONIST,Glycine receptor (alpha-1/beta) agonist,4
CHEMBL1200733,DESFLURANE,FC(F)OC(F)C(F)(F)F,CHEMBL2363052,Glycine receptor (alpha-1/beta),POSITIVE MODULATOR,Glycine receptor (alpha-1/beta) positive modulator,4
CHEMBL1200694,SEVOFLURANE,FCOC(C(F)(F)F)C(F)(F)F,CHEMBL2363052,Glycine receptor (alpha-1/beta),POSITIVE MODULATOR,Glycine receptor (alpha-1/beta) positive modulator,4
CHEMBL1256,ISOFLURANE,FC(F)OC(Cl)C(F)(F)F,CHEMBL2363052,Glycine receptor (alpha-1/beta),POSITIVE MODULATOR,Glycine receptor (alpha-1/beta) positive modulator,4
CHEMBL497,CLIOQUINOL,Oc1c(I)cc(Cl)c2cccnc12,CHEMBL2363056,Zinc,CHELATING AGENT,Zinc chelating agent,4
CHEMBL1430,PENICILLAMINE,CC(C)(S)[C@@H](N)C(=O)O,CHEMBL2363057,Copper,CHELATING AGENT,Copper chelating agent,4
CHEMBL3989777,TRIENTINE HYDROCHLORIDE,Cl.Cl.NCCNCCNCCN,CHEMBL2363057,Copper,CHELATING AGENT,Copper chelating agent,4
CHEMBL497,CLIOQUINOL,Oc1c(I)cc(Cl)c2cccnc12,CHEMBL2363057,Copper,CHELATING AGENT,Copper chelating agent,4
CHEMBL550348,DEFERASIROX,O=C(O)c1ccc(-n2nc(-c3ccccc3O)nc2-c2ccccc2O)cc1,CHEMBL2363058,Iron,CHELATING AGENT,Iron chelating agent,4
CHEMBL1234,DEFEROXAMINE MESYLATE,CC(=O)N(O)CCCCCNC(=O)CCC(=O)N(O)CCCCCNC(=O)CCC(=O)N(O)CCCCCN.CS(=O)(=O)O,CHEMBL2363058,Iron,CHELATING AGENT,Iron chelating agent,4
CHEMBL497,CLIOQUINOL,Oc1c(I)cc(Cl)c2cccnc12,CHEMBL2363058,Iron,CHELATING AGENT,Iron chelating agent,4
CHEMBL2103743,TOFACITINIB CITRATE,C[C@@H]1CCN(C(=O)CC#N)C[C@@H]1N(C)c1ncnc2[nH]ccc12.O=C(O)CC(O)(CC(=O)O)C(=O)O,CHEMBL2363062,Janus Kinase (JAK),INHIBITOR,Janus Kinase (JAK) inhibitor,4
CHEMBL1200952,METHAMPHETAMINE HYDROCHLORIDE,CN[C@@H](C)Cc1ccccc1.Cl,CHEMBL2363064,Monoamine transporter,INHIBITOR,Monoamine transporter inhibitor,4
CHEMBL781,MAZINDOL,OC1(c2ccc(Cl)cc2)c2ccccc2C2=NCCN21,CHEMBL2363064,Monoamine transporter,INHIBITOR,Monoamine transporter inhibitor,4
CHEMBL3989830,SIBUTRAMINE HYDROCHLORIDE,CC(C)CC(N(C)C)C1(c2ccc(Cl)cc2)CCC1.Cl.O,CHEMBL2363064,Monoamine transporter,INHIBITOR,Monoamine transporter inhibitor,4
CHEMBL1703,METFORMIN HYDROCHLORIDE,CN(C)C(=N)NC(=N)N.Cl,CHEMBL2363065,Mitochondrial complex I (NADH dehydrogenase),INHIBITOR,Mitochondrial complex I (NADH dehydrogenase) inhibitor,4
CHEMBL628,PENTOXIFYLLINE,CC(=O)CCCCn1c(=O)c2c(ncn2C)n(C)c1=O,CHEMBL2363066,"3',5'-cyclic phosphodiesterase",INHIBITOR,"3',5'-cyclic phosphodiesterase inhibitor",4
CHEMBL1200875,FLAVOXATE HYDROCHLORIDE,Cc1c(-c2ccccc2)oc2c(C(=O)OCCN3CCCCC3)cccc2c1=O.Cl,CHEMBL2363067,Phosphodiesterase 8,INHIBITOR,Phosphodiesterase 8 inhibitor,4
CHEMBL548,DINOPROSTONE,CCCCC[C@H](O)/C=C/[C@H]1[C@H](O)CC(=O)[C@@H]1C/C=C\CCCC(=O)O,CHEMBL2363068,Prostaglandin E2 receptor,AGONIST,Prostaglandin E2 receptor agonist,4
CHEMBL1657,TAZAROTENE,CCOC(=O)c1ccc(C#Cc2ccc3c(c2)C(C)(C)CCS3)nc1,CHEMBL2363069,Retinoic acid receptor,AGONIST,Retinoic acid receptor agonist,4
CHEMBL38,TRETINOIN,CC1=C(/C=C/C(C)=C/C=C/C(C)=C/C(=O)O)C(C)(C)CCC1,CHEMBL2363069,Retinoic acid receptor,AGONIST,Retinoic acid receptor agonist,4
CHEMBL1023,BEXAROTENE,C=C(c1ccc(C(=O)O)cc1)c1cc2c(cc1C)C(C)(C)CCC2(C)C,CHEMBL2363070,Retinoid X receptor,AGONIST,Retinoid X receptor agonist,4
CHEMBL705,ALITRETINOIN,CC1=C(/C=C/C(C)=C\C=C\C(C)=C\C(=O)O)C(C)(C)CCC1,CHEMBL2363071,Retinoid receptor,AGONIST,Retinoid receptor agonist,4
CHEMBL1131,ACITRETIN,COc1cc(C)c(/C=C/C(C)=C/C=C/C(C)=C/C(=O)O)c(C)c1C,CHEMBL2363071,Retinoid receptor,AGONIST,Retinoid receptor agonist,4
CHEMBL464,ETRETINATE,CCOC(=O)/C=C(C)/C=C/C=C(C)/C=C/c1c(C)cc(OC)c(C)c1C,CHEMBL2363071,Retinoid receptor,AGONIST,Retinoid receptor agonist,4
CHEMBL1643,RIBAVIRIN,NC(=O)c1ncn([C@@H]2O[C@H](CO)[C@@H](O)[C@H]2O)n1,CHEMBL2363073,RNA,INHIBITOR,RNA inhibitor,4
CHEMBL4297065,SPINOSAD,CC[C@H]1CCC[C@H](O[C@H]2CC[C@H](N(C)C)[C@@H](C)O2)[C@@H](C)C(=O)C2=C[C@@H]3[C@@H](C=C(C)[C@@H]4C[C@@H](O[C@@H]5O[C@@H](C)[C@H](OC)[C@@H](OC)[C@H]5OC)C[C@@H]34)[C@@H]2CC(=O)O1.CC[C@H]1CCC[C@H](O[C@H]2CC[C@H](N(C)C)[C@@H](C)O2)[C@@H](C)C(=O)C2=C[C@H]3[C@@H]4C[C@H](O[C@@H]5O[C@@H](C)[C@H](OC)[C@@H](OC)[C@H]5OC)C[C@H]4C=C[C@H]3C2CC(=O)O1,CHEMBL2364023,Nicotinic acetylcholine receptor,AGONIST,Nicotinic acetylcholine receptor agonist,4
CHEMBL1690,HYDROXYCHLOROQUINE SULFATE,CCN(CCO)CCCC(C)Nc1ccnc2cc(Cl)ccc12.O=S(=O)(O)O,CHEMBL5804,Toll-like receptor 9,ANTAGONIST,Toll-like receptor 9 antagonist,4
CHEMBL1614,DESLANOSIDE,C[C@H]1O[C@@H](O[C@H]2CC[C@@]3(C)[C@H](CC[C@@H]4[C@@H]3C[C@@H](O)[C@]3(C)[C@@H](C5=CC(=O)OC5)CC[C@]43O)C2)C[C@H](O)[C@@H]1O[C@H]1C[C@H](O)[C@H](O[C@H]2C[C@H](O)[C@H](O[C@@H]3O[C@H](CO)[C@@H](O)[C@H](O)[C@H]3O)[C@@H](C)O2)[C@@H](C)O1,CHEMBL2095186,Sodium/potassium-transporting ATPase,INHIBITOR,Sodium/potassium-transporting ATPase inhibitor,4
CHEMBL254219,DIGITOXIN,C[C@H]1O[C@@H](O[C@H]2[C@@H](O)C[C@H](O[C@H]3[C@@H](O)C[C@H](O[C@H]4CC[C@@]5(C)[C@H](CC[C@@H]6[C@@H]5CC[C@]5(C)[C@@H](C7=CC(=O)OC7)CC[C@]65O)C4)O[C@@H]3C)O[C@@H]2C)C[C@H](O)[C@@H]1O,CHEMBL2095186,Sodium/potassium-transporting ATPase,INHIBITOR,Sodium/potassium-transporting ATPase inhibitor,4
CHEMBL1751,DIGOXIN,C[C@H]1O[C@@H](O[C@H]2[C@@H](O)C[C@H](O[C@H]3[C@@H](O)C[C@H](O[C@H]4CC[C@@]5(C)[C@H](CC[C@@H]6[C@@H]5C[C@@H](O)[C@]5(C)[C@@H](C7=CC(=O)OC7)CC[C@]65O)C4)O[C@@H]3C)O[C@@H]2C)C[C@H](O)[C@@H]1O,CHEMBL2095186,Sodium/potassium-transporting ATPase,INHIBITOR,Sodium/potassium-transporting ATPase inhibitor,4
CHEMBL3545057,ACETYLDIGITOXIN,CC(=O)O[C@H]1C[C@H](O[C@H]2[C@@H](O)C[C@H](O[C@H]3[C@@H](O)C[C@H](O[C@H]4CC[C@@]5(C)[C@H](CC[C@@H]6[C@@H]5CC[C@]5(C)[C@@H](C7=CC(=O)OC7)CC[C@]65O)C4)O[C@@H]3C)O[C@@H]2C)O[C@H](C)[C@H]1O,CHEMBL2095186,Sodium/potassium-transporting ATPase,INHIBITOR,Sodium/potassium-transporting ATPase inhibitor,4
CHEMBL1341,METHOXYFLURANE,COC(F)(F)C(Cl)Cl,CHEMBL2093872,GABA-A receptor; anion channel,POSITIVE MODULATOR,GABA-A receptor; anion channel positive modulator,4
CHEMBL407,FLUMAZENIL,CCOC(=O)c1ncn2c1CN(C)C(=O)c1cc(F)ccc1-2,CHEMBL2093872,GABA-A receptor; anion channel,ALLOSTERIC ANTAGONIST,GABA-A receptor; anion channel allosteric antagonist,4
CHEMBL2096631,CLORAZEPATE DIPOTASSIUM,O=C([O-])C1N=C(c2ccccc2)c2cc(Cl)ccc2NC1=O.[K+].[K+].[OH-],CHEMBL2093872,GABA-A receptor; anion channel,POSITIVE ALLOSTERIC MODULATOR,GABA-A receptor; anion channel positive allosteric modulator,4
CHEMBL451,CHLORDIAZEPOXIDE,CNC1=Nc2ccc(Cl)cc2C(c2ccccc2)=[N+]([O-])C1,CHEMBL2093872,GABA-A receptor; anion channel,POSITIVE ALLOSTERIC MODULATOR,GABA-A receptor; anion channel positive allosteric modulator,4
CHEMBL12,DIAZEPAM,CN1C(=O)CN=C(c2ccccc2)c2cc(Cl)ccc21,CHEMBL2093872,GABA-A receptor; anion channel,POSITIVE ALLOSTERIC MODULATOR,GABA-A receptor; anion channel positive allosteric modulator,4
CHEMBL1522,ESZOPICLONE,CN1CCN(C(=O)O[C@H]2c3nccnc3C(=O)N2c2ccc(Cl)cn2)CC1,CHEMBL2093872,GABA-A receptor; anion channel,POSITIVE ALLOSTERIC MODULATOR,GABA-A receptor; anion channel positive allosteric modulator,4
CHEMBL568,OXAZEPAM,O=C1Nc2ccc(Cl)cc2C(c2ccccc2)=NC1O,CHEMBL2093872,GABA-A receptor; anion channel,POSITIVE ALLOSTERIC MODULATOR,GABA-A receptor; anion channel positive allosteric modulator,4
CHEMBL979,MEPROBAMATE,CCCC(C)(COC(N)=O)COC(N)=O,CHEMBL2093872,GABA-A receptor; anion channel,AGONIST,GABA-A receptor; anion channel agonist,4
CHEMBL70418,CLOBAZAM,CN1C(=O)CC(=O)N(c2ccccc2)c2cc(Cl)ccc21,CHEMBL2093872,GABA-A receptor; anion channel,POSITIVE ALLOSTERIC MODULATOR,GABA-A receptor; anion channel positive allosteric modulator,4
CHEMBL661,ALPRAZOLAM,Cc1nnc2n1-c1ccc(Cl)cc1C(c1ccccc1)=NC2,CHEMBL2093872,GABA-A receptor; anion channel,POSITIVE ALLOSTERIC MODULATOR,GABA-A receptor; anion channel positive allosteric modulator,4
CHEMBL646,TRIAZOLAM,Cc1nnc2n1-c1ccc(Cl)cc1C(c1ccccc1Cl)=NC2,CHEMBL2093872,GABA-A receptor; anion channel,POSITIVE ALLOSTERIC MODULATOR,GABA-A receptor; anion channel positive allosteric modulator,4
CHEMBL454,BUTALBITAL,C=CCC1(CC(C)C)C(=O)NC(=O)NC1=O,CHEMBL2093872,GABA-A receptor; anion channel,POSITIVE ALLOSTERIC MODULATOR,GABA-A receptor; anion channel positive allosteric modulator,4
CHEMBL452,CLONAZEPAM,O=C1CN=C(c2ccccc2Cl)c2cc([N+](=O)[O-])ccc2N1,CHEMBL2093872,GABA-A receptor; anion channel,POSITIVE ALLOSTERIC MODULATOR,GABA-A receptor; anion channel positive allosteric modulator,4
CHEMBL1200733,DESFLURANE,FC(F)OC(F)C(F)(F)F,CHEMBL2093872,GABA-A receptor; anion channel,POSITIVE ALLOSTERIC MODULATOR,GABA-A receptor; anion channel positive allosteric modulator,4
CHEMBL285674,ESTAZOLAM,Clc1ccc2c(c1)C(c1ccccc1)=NCc1nncn1-2,CHEMBL2093872,GABA-A receptor; anion channel,POSITIVE ALLOSTERIC MODULATOR,GABA-A receptor; anion channel positive allosteric modulator,4
CHEMBL2068724,ACAMPROSATE CALCIUM,CC(=O)NCCCS(=O)(=O)[O-].CC(=O)NCCCS(=O)(=O)[O-].[Ca+2],CHEMBL2093872,GABA-A receptor; anion channel,POSITIVE MODULATOR,GABA-A receptor; anion channel positive modulator,4
CHEMBL580,LORAZEPAM,O=C1Nc2ccc(Cl)cc2C(c2ccccc2Cl)=NC1O,CHEMBL2093872,GABA-A receptor; anion channel,POSITIVE ALLOSTERIC MODULATOR,GABA-A receptor; anion channel positive allosteric modulator,4
CHEMBL450,METHARBITAL,CCC1(CC)C(=O)NC(=O)N(C)C1=O,CHEMBL2093872,GABA-A receptor; anion channel,POSITIVE ALLOSTERIC MODULATOR,GABA-A receptor; anion channel positive allosteric modulator,4
CHEMBL1200420,MIDAZOLAM HYDROCHLORIDE,Cc1ncc2n1-c1ccc(Cl)cc1C(c1ccccc1F)=NC2.Cl,CHEMBL2093872,GABA-A receptor; anion channel,POSITIVE ALLOSTERIC MODULATOR,GABA-A receptor; anion channel positive allosteric modulator,4
CHEMBL969,PRAZEPAM,O=C1CN=C(c2ccccc2)c2cc(Cl)ccc2N1CC1CC1,CHEMBL2093872,GABA-A receptor; anion channel,POSITIVE ALLOSTERIC MODULATOR,GABA-A receptor; anion channel positive allosteric modulator,4
CHEMBL856,PRIMIDONE,CCC1(c2ccccc2)C(=O)NCNC1=O,CHEMBL2093872,GABA-A receptor; anion channel,POSITIVE ALLOSTERIC MODULATOR,GABA-A receptor; anion channel positive allosteric modulator,4
CHEMBL526,PROPOFOL,CC(C)c1cccc(C(C)C)c1O,CHEMBL2093872,GABA-A receptor; anion channel,POSITIVE ALLOSTERIC MODULATOR,GABA-A receptor; anion channel positive allosteric modulator,4
CHEMBL1200472,QUAZEPAM,Fc1ccccc1C1=NCC(=S)N(CC(F)(F)F)c2ccc(Cl)cc21,CHEMBL2093872,GABA-A receptor; anion channel,POSITIVE ALLOSTERIC MODULATOR,GABA-A receptor; anion channel positive allosteric modulator,4
CHEMBL448,PENTOBARBITAL,CCCC(C)C1(CC)C(=O)NC(=O)NC1=O,CHEMBL2093872,GABA-A receptor; anion channel,POSITIVE ALLOSTERIC MODULATOR,GABA-A receptor; anion channel positive allosteric modulator,4
CHEMBL1200694,SEVOFLURANE,FCOC(C(F)(F)F)C(F)(F)F,CHEMBL2093872,GABA-A receptor; anion channel,POSITIVE ALLOSTERIC MODULATOR,GABA-A receptor; anion channel positive allosteric modulator,4
CHEMBL967,TEMAZEPAM,CN1C(=O)C(O)N=C(c2ccccc2)c2cc(Cl)ccc21,CHEMBL2093872,GABA-A receptor; anion channel,POSITIVE ALLOSTERIC MODULATOR,GABA-A receptor; anion channel positive allosteric modulator,4
CHEMBL738,THIOPENTAL SODIUM,CCCC(C)C1(CC)C(=O)[N-]C(=S)NC1=O.[Na+],CHEMBL2093872,GABA-A receptor; anion channel,POSITIVE ALLOSTERIC MODULATOR,GABA-A receptor; anion channel positive allosteric modulator,4
CHEMBL681,ETOMIDATE,CCOC(=O)c1cncn1[C@H](C)c1ccccc1,CHEMBL2093872,GABA-A receptor; anion channel,POSITIVE MODULATOR,GABA-A receptor; anion channel positive modulator,4
CHEMBL3989724,FLURAZEPAM HYDROCHLORIDE,CCN(CC)CCN1C(=O)CN=C(c2ccccc2F)c2cc(Cl)ccc21.Cl.Cl,CHEMBL2093872,GABA-A receptor; anion channel,POSITIVE ALLOSTERIC MODULATOR,GABA-A receptor; anion channel positive allosteric modulator,4
CHEMBL970,HALAZEPAM,O=C1CN=C(c2ccccc2)c2cc(Cl)ccc2N1CC(F)(F)F,CHEMBL2093872,GABA-A receptor; anion channel,POSITIVE ALLOSTERIC MODULATOR,GABA-A receptor; anion channel positive allosteric modulator,4
CHEMBL1256,ISOFLURANE,FC(F)OC(Cl)C(F)(F)F,CHEMBL2093872,GABA-A receptor; anion channel,POSITIVE ALLOSTERIC MODULATOR,GABA-A receptor; anion channel positive allosteric modulator,4
CHEMBL220492,TOPIRAMATE,CC1(C)O[C@@H]2[C@@H](CO[C@@]3(COS(N)(=O)=O)OC(C)(C)O[C@@H]23)O1,CHEMBL2093872,GABA-A receptor; anion channel,POSITIVE MODULATOR,GABA-A receptor; anion channel positive modulator,4
CHEMBL3989820,ZOLPIDEM TARTRATE,Cc1ccc(-c2nc3ccc(C)cn3c2CC(=O)N(C)C)cc1.Cc1ccc(-c2nc3ccc(C)cn3c2CC(=O)N(C)C)cc1.O=C(O)C(O)C(O)C(=O)O,CHEMBL2111392,GABA A receptor alpha-1/beta-1/gamma-2,POSITIVE ALLOSTERIC MODULATOR,GABA A receptor alpha-1/beta-1/gamma-2 positive allosteric modulator,4
CHEMBL1521,ZALEPLON,CCN(C(C)=O)c1cccc(-c2ccnc3c(C#N)cnn23)c1,CHEMBL2111392,GABA A receptor alpha-1/beta-1/gamma-2,POSITIVE ALLOSTERIC MODULATOR,GABA A receptor alpha-1/beta-1/gamma-2 positive allosteric modulator,4
CHEMBL1421,DASATINIB ANHYDROUS,Cc1nc(Nc2ncc(C(=O)Nc3c(C)cccc3Cl)s2)cc(N2CCN(CCO)CC2)n1,CHEMBL2363074,SRC,INHIBITOR,SRC inhibitor,4
CHEMBL1200969,DUTASTERIDE,C[C@]12C=CC(=O)N[C@@H]1CC[C@@H]1[C@@H]2CC[C@]2(C)[C@@H](C(=O)Nc3cc(C(F)(F)F)ccc3C(F)(F)F)CC[C@@H]12,CHEMBL2363075,Steroid 5-alpha-reductase,INHIBITOR,Steroid 5-alpha-reductase inhibitor,4
CHEMBL1201761,BESIFLOXACIN HYDROCHLORIDE,Cl.N[C@@H]1CCCCN(c2c(F)cc3c(=O)c(C(=O)O)cn(C4CC4)c3c2Cl)C1,CHEMBL2363076,Topoisomerase IV,INHIBITOR,Topoisomerase IV inhibitor,4
CHEMBL1200498,ALATROFLOXACIN MESYLATE,CS(=O)(=O)O.C[C@H](N)C(=O)N[C@@H](C)C(=O)N[C@H]1[C@@H]2CN(c3nc4c(cc3F)c(=O)c(C(=O)O)cn4-c3ccc(F)cc3F)C[C@@H]21,CHEMBL2363076,Topoisomerase IV,INHIBITOR,Topoisomerase IV inhibitor,4
CHEMBL1200735,MOXIFLOXACIN HYDROCHLORIDE,COc1c(N2C[C@@H]3CCCN[C@@H]3C2)c(F)cc2c(=O)c(C(=O)O)cn(C3CC3)c12.Cl,CHEMBL2363076,Topoisomerase IV,INHIBITOR,Topoisomerase IV inhibitor,4
CHEMBL9,NORFLOXACIN,CCn1cc(C(=O)O)c(=O)c2cc(F)c(N3CCNCC3)cc21,CHEMBL2363076,Topoisomerase IV,INHIBITOR,Topoisomerase IV inhibitor,4
CHEMBL850,SPARFLOXACIN,C[C@@H]1CN(c2c(F)c(N)c3c(=O)c(C(=O)O)cn(C4CC4)c3c2F)C[C@H](C)N1,CHEMBL2363076,Topoisomerase IV,INHIBITOR,Topoisomerase IV inhibitor,4
CHEMBL826,ENOXACIN,CCn1cc(C(=O)O)c(=O)c2cc(F)c(N3CCNCC3)nc21,CHEMBL2363077,Topoisomerase IV,INHIBITOR,Topoisomerase IV inhibitor,4
CHEMBL1200556,DESMOPRESSIN ACETATE,CC(=O)O.N=C(N)NCCC[C@@H](NC(=O)[C@@H]1CCCN1C(=O)[C@@H]1CSSCCC(=O)N[C@@H](Cc2ccc(O)cc2)C(=O)N[C@@H](Cc2ccccc2)C(=O)N[C@@H](CCC(N)=O)C(=O)N[C@@H](CC(N)=O)C(=O)N1)C(=O)NCC(N)=O,CHEMBL2363078,Vasopressin receptor,AGONIST,Vasopressin receptor agonist,4
CHEMBL437,SULFATHIAZOLE,Nc1ccc(S(=O)(=O)Nc2nccs2)cc1,CHEMBL2364668,Dihydropteroate synthase,INHIBITOR,Bacterial dihydropteroate synthase inhibitor,4
CHEMBL1382627,"SULFADIAZINE, SILVER",Nc1ccc(S(=O)(=O)[N-]c2ncccn2)cc1.[Ag+],CHEMBL2364668,Dihydropteroate synthase,INHIBITOR,Bacterial dihydropteroate synthase inhibitor,4
CHEMBL446,SULFAMETHAZINE,Cc1cc(C)nc(NS(=O)(=O)c2ccc(N)cc2)n1,CHEMBL2364668,Dihydropteroate synthase,INHIBITOR,Bacterial dihydropteroate synthase inhibitor,4
CHEMBL21,SULFANILAMIDE,Nc1ccc(S(N)(=O)=O)cc1,CHEMBL2364668,Dihydropteroate synthase,INHIBITOR,Bacterial dihydropteroate synthase inhibitor,4
CHEMBL1525826,SULFALENE,COc1nccnc1NS(=O)(=O)c1ccc(N)cc1,CHEMBL2364668,Dihydropteroate synthase,INHIBITOR,Bacterial dihydropteroate synthase inhibitor,3
CHEMBL1201161,MAFENIDE ACETATE,CC(=O)O.NCc1ccc(S(N)(=O)=O)cc1,CHEMBL2364668,Dihydropteroate synthase,INHIBITOR,Bacterial dihydropteroate synthase inhibitor,4
CHEMBL1723241,SULFACETAMIDE SODIUM,CC(=O)[N-]S(=O)(=O)c1ccc(N)cc1.O.[Na+],CHEMBL2364668,Dihydropteroate synthase,INHIBITOR,Bacterial dihydropteroate synthase inhibitor,4
CHEMBL443,SULFAMETHOXAZOLE,Cc1cc(NS(=O)(=O)c2ccc(N)cc2)no1,CHEMBL2364668,Dihydropteroate synthase,INHIBITOR,Bacterial dihydropteroate synthase inhibitor,4
CHEMBL1109,SULFAPHENAZOLE,Nc1ccc(S(=O)(=O)Nc2ccnn2-c2ccccc2)cc1,CHEMBL2364668,Dihydropteroate synthase,INHIBITOR,Bacterial dihydropteroate synthase inhibitor,4
CHEMBL438,SULFAMERAZINE,Cc1ccnc(NS(=O)(=O)c2ccc(N)cc2)n1,CHEMBL2364668,Dihydropteroate synthase,INHIBITOR,Bacterial dihydropteroate synthase inhibitor,4
CHEMBL453,SULFISOXAZOLE,Cc1noc(NS(=O)(=O)c2ccc(N)cc2)c1C,CHEMBL2364668,Dihydropteroate synthase,INHIBITOR,Bacterial dihydropteroate synthase inhibitor,4
CHEMBL700,SULFAPYRIDINE,Nc1ccc(S(=O)(=O)Nc2ccccn2)cc1,CHEMBL2364668,Dihydropteroate synthase,INHIBITOR,Bacterial dihydropteroate synthase inhibitor,4
CHEMBL439,SULFADIAZINE,Nc1ccc(S(=O)(=O)Nc2ncccn2)cc1,CHEMBL2364668,Dihydropteroate synthase,INHIBITOR,Bacterial dihydropteroate synthase inhibitor,4
CHEMBL1200359,SULFAMETER,COc1cnc(NS(=O)(=O)c2ccc(N)cc2)nc1,CHEMBL2364668,Dihydropteroate synthase,INHIBITOR,Bacterial dihydropteroate synthase inhibitor,4
CHEMBL455,SULFACETAMIDE,CC(=O)NS(=O)(=O)c1ccc(N)cc1,CHEMBL2364668,Dihydropteroate synthase,INHIBITOR,Bacterial dihydropteroate synthase inhibitor,4
CHEMBL1191,SULFAMETHIZOLE,Cc1nnc(NS(=O)(=O)c2ccc(N)cc2)s1,CHEMBL2364668,Dihydropteroate synthase,INHIBITOR,Bacterial dihydropteroate synthase inhibitor,4
CHEMBL22,TRIMETHOPRIM,COc1cc(Cc2cnc(N)nc2N)cc(OC)c1OC,CHEMBL2364669,Dihydrofolate reductase,INHIBITOR,Bacterial dihydrofolate reductase inhibitor,4
CHEMBL1201080,TRIMETHOPRIM HYDROCHLORIDE,COc1cc(Cc2cnc(N)nc2N)cc(OC)c1OC.Cl,CHEMBL2364669,Dihydrofolate reductase,INHIBITOR,Bacterial dihydrofolate reductase inhibitor,4
CHEMBL1003,CLAVULANATE POTASSIUM,O=C([O-])[C@H]1/C(=C/CO)O[C@@H]2CC(=O)N21.[K+],CHEMBL2364670,Beta-lactamase TEM,INHIBITOR,Bacterial beta-lactamase TEM inhibitor,4
CHEMBL1439,TAZOBACTAM SODIUM,C[C@]1(Cn2ccnn2)[C@H](C(=O)[O-])N2C(=O)C[C@H]2S1(=O)=O.[Na+],CHEMBL2364670,Beta-lactamase TEM,INHIBITOR,Bacterial beta-lactamase TEM inhibitor,4
CHEMBL1200944,SULBACTAM SODIUM,CC1(C)[C@H](C(=O)[O-])N2C(=O)C[C@H]2S1(=O)=O.[Na+],CHEMBL2364670,Beta-lactamase TEM,INHIBITOR,Bacterial beta-lactamase TEM inhibitor,4
CHEMBL3989715,MUPIROCIN CALCIUM,C/C(=C\C(=O)OCCCCCCCCC(=O)[O-])C[C@@H]1OC[C@H](C[C@@H]2O[C@H]2[C@@H](C)[C@H](C)O)[C@@H](O)[C@H]1O.C/C(=C\C(=O)OCCCCCCCCC(=O)[O-])C[C@@H]1OC[C@H](C[C@@H]2O[C@H]2[C@@H](C)[C@H](C)O)[C@@H](O)[C@H]1O.O.O.[Ca+2],CHEMBL2364671,Isoleucine--tRNA ligase,INHIBITOR,Isoleucyl-tRNA synthetase inhibitor,4
CHEMBL719,MUPIROCIN,C/C(=C\C(=O)OCCCCCCCCC(=O)O)C[C@@H]1OC[C@H](C[C@@H]2O[C@H]2[C@@H](C)[C@H](C)O)[C@@H](O)[C@H]1O,CHEMBL2364671,Isoleucine--tRNA ligase,INHIBITOR,Isoleucyl-tRNA synthetase inhibitor,4
CHEMBL1200945,PENTETATE CALCIUM TRISODIUM,O=C([O-])CN(CCN(CC(=O)[O-])CC(=O)[O-])CCN(CC(=O)[O-])CC(=O)[O-].[Ca+2].[Na+].[Na+].[Na+],CHEMBL2366037,Radioactive metals,CHELATING AGENT,Radioactive metals chelating agent,4
CHEMBL2105745,GLYCEROL PHENYLBUTYRATE,O=C(CCCc1ccccc1)OCC(COC(=O)CCCc1ccccc1)OC(=O)CCCc1ccccc1,CHEMBL2366039,Glutamine,SEQUESTERING AGENT,Glutamine sequestering agent,4
CHEMBL1200991,CARBENICILLIN INDANYL SODIUM,CC1(C)S[C@@H]2[C@H](NC(=O)C(C(=O)Oc3ccc4c(c3)CCC4)c3ccccc3)C(=O)N2[C@H]1C(=O)[O-].[Na+],CHEMBL2354204,Bacterial penicillin-binding protein,INHIBITOR,Bacterial penicillin-binding protein inhibitor,4
CHEMBL1618,CEFAMANDOLE NAFATE,Cn1nnnc1SCC1=C(C(=O)[O-])N2C(=O)[C@@H](NC(=O)[C@H](OC=O)c3ccccc3)[C@H]2SC1.[Na+],CHEMBL2354204,Bacterial penicillin-binding protein,INHIBITOR,Bacterial penicillin-binding protein inhibitor,4
CHEMBL1201018,CEFACLOR,N[C@@H](C(=O)N[C@@H]1C(=O)N2C(C(=O)O)=C(Cl)CS[C@H]12)c1ccccc1.O,CHEMBL2354204,Bacterial penicillin-binding protein,INHIBITOR,Bacterial penicillin-binding protein inhibitor,4
CHEMBL1604,CEPHRADINE,CC1=C(C(=O)O)N2C(=O)[C@@H](NC(=O)[C@H](N)C3=CCC=CC3)[C@H]2SC1,CHEMBL2354204,Bacterial penicillin-binding protein,INHIBITOR,Bacterial penicillin-binding protein inhibitor,4
CHEMBL1200855,TICARCILLIN DISODIUM,CC1(C)S[C@@H]2[C@H](NC(=O)[C@H](C(=O)[O-])c3ccsc3)C(=O)N2[C@H]1C(=O)[O-].[Na+].[Na+],CHEMBL2354204,Bacterial penicillin-binding protein,INHIBITOR,Bacterial penicillin-binding protein inhibitor,4
CHEMBL2146124,CEFUROXIME SODIUM,CO/N=C(\C(=O)N[C@@H]1C(=O)N2C(C(=O)[O-])=C(COC(N)=O)CS[C@H]12)c1ccco1.[Na+],CHEMBL2354204,Bacterial penicillin-binding protein,INHIBITOR,Bacterial penicillin-binding protein inhibitor,4
CHEMBL615,PENICILLIN V,CC1(C)S[C@@H]2[C@H](NC(=O)COc3ccccc3)C(=O)N2[C@H]1C(=O)O,CHEMBL2354204,Bacterial penicillin-binding protein,INHIBITOR,Bacterial penicillin-binding protein inhibitor,4
CHEMBL158,AZTREONAM,C[C@H]1[C@H](NC(=O)/C(=N\OC(C)(C)C(=O)O)c2csc(N)n2)C(=O)N1S(=O)(=O)O,CHEMBL2354204,Bacterial penicillin-binding protein,INHIBITOR,Bacterial penicillin-binding protein inhibitor,4
CHEMBL1095930,CEFUROXIME AXETIL,CO/N=C(\C(=O)N[C@@H]1C(=O)N2C(C(=O)OC(C)OC(C)=O)=C(COC(N)=O)CS[C@H]12)c1ccco1,CHEMBL2354204,Bacterial penicillin-binding protein,INHIBITOR,Bacterial penicillin-binding protein inhibitor,4
CHEMBL1200965,BACAMPICILLIN HYDROCHLORIDE,CCOC(=O)OC(C)OC(=O)[C@@H]1N2C(=O)[C@@H](NC(=O)[C@H](N)c3ccccc3)[C@H]2SC1(C)C.Cl,CHEMBL2354204,Bacterial penicillin-binding protein,INHIBITOR,Bacterial penicillin-binding protein inhibitor,4
CHEMBL1201118,CEFMETAZOLE SODIUM,CO[C@@]1(NC(=O)CSCC#N)C(=O)N2C(C(=O)[O-])=C(CSc3nnnn3C)CS[C@@H]21.[Na+],CHEMBL2354204,Bacterial penicillin-binding protein,INHIBITOR,Bacterial penicillin-binding protein inhibitor,4
CHEMBL1201046,CEFORANIDE,NCc1ccccc1CC(=O)N[C@@H]1C(=O)N2C(C(=O)O)=C(CSc3nnnn3CC(=O)O)CS[C@H]12,CHEMBL2354204,Bacterial penicillin-binding protein,INHIBITOR,Bacterial penicillin-binding protein inhibitor,4
CHEMBL1200530,CEFOXITIN SODIUM,CO[C@@]1(NC(=O)Cc2cccs2)C(=O)N2C(C(=O)[O-])=C(COC(N)=O)CS[C@@H]21.[Na+],CHEMBL2354204,Bacterial penicillin-binding protein,INHIBITOR,Bacterial penicillin-binding protein inhibitor,4
CHEMBL5314373,"CEFPROZIL, (E)-",C/C=C/C1=C(C(=O)O)N2C(=O)[C@@H](NC(=O)[C@H](N)c3ccc(O)cc3)[C@H]2SC1.O,CHEMBL2354204,Bacterial penicillin-binding protein,INHIBITOR,Bacterial penicillin-binding protein inhibitor,4
CHEMBL1201019,CEFTIZOXIME SODIUM,CO/N=C(\C(=O)N[C@@H]1C(=O)N2C(C(=O)[O-])=CCS[C@H]12)c1csc(N)n1.[Na+],CHEMBL2354204,Bacterial penicillin-binding protein,INHIBITOR,Bacterial penicillin-binding protein inhibitor,4
CHEMBL1200544,CEPHALEXIN,CC1=C(C(=O)O)N2C(=O)[C@@H](NC(=O)[C@H](N)c3ccccc3)[C@H]2SC1.O,CHEMBL2354204,Bacterial penicillin-binding protein,INHIBITOR,Bacterial penicillin-binding protein inhibitor,4
CHEMBL1200523,CEFAZOLIN SODIUM,Cc1nnc(SCC2=C(C(=O)[O-])N3C(=O)[C@@H](NC(=O)Cn4cnnn4)[C@H]3SC2)s1.[Na+],CHEMBL2354204,Bacterial penicillin-binding protein,INHIBITOR,Bacterial penicillin-binding protein inhibitor,4
CHEMBL927,CEFDINIR,C=CC1=C(C(=O)O)N2C(=O)[C@@H](NC(=O)/C(=N\O)c3csc(N)n3)[C@H]2SC1,CHEMBL2354204,Bacterial penicillin-binding protein,INHIBITOR,Bacterial penicillin-binding protein inhibitor,4
CHEMBL1200482,CEFOPERAZONE SODIUM,CCN1CCN(C(=O)N[C@@H](C(=O)N[C@@H]2C(=O)N3C(C(=O)[O-])=C(CSc4nnnn4C)CS[C@H]23)c2ccc(O)cc2)C(=O)C1=O.[Na+],CHEMBL2354204,Bacterial penicillin-binding protein,INHIBITOR,Bacterial penicillin-binding protein inhibitor,4
CHEMBL3544973,CEFTAROLINE FOSAMIL ACETATE,CC(=O)O.CCO/N=C(\C(=O)N[C@@H]1C(=O)N2C(C(=O)[O-])=C(Sc3nc(-c4cc[n+](C)cc4)cs3)CS[C@H]12)c1nsc(NP(=O)(O)O)n1.O,CHEMBL2354204,Bacterial penicillin-binding protein,INHIBITOR,Bacterial penicillin-binding protein inhibitor,4
CHEMBL1644,CEFADROXIL,CC1=C(C(=O)O)N2C(=O)[C@@H](NC(=O)[C@H](N)c3ccc(O)cc3)[C@H]2SC1,CHEMBL2354204,Bacterial penicillin-binding protein,INHIBITOR,Bacterial penicillin-binding protein inhibitor,4
CHEMBL1232,ERTAPENEM SODIUM,C[C@@H](O)[C@H]1C(=O)N2C(C(=O)[O-])=C(S[C@@H]3CN[C@H](C(=O)Nc4cccc(C(=O)O)c4)C3)[C@H](C)[C@H]12.[Na+],CHEMBL2354204,Bacterial penicillin-binding protein,INHIBITOR,Bacterial penicillin-binding protein inhibitor,4
CHEMBL6067656,CEFTRIAXONE SODIUM,CO/N=C(\C(=O)N[C@@H]1C(=O)N2C(C(=O)[O-])=C(CSc3nc(=O)c([O-])nn3C)CS[C@H]12)c1csc(N)n1.CO/N=C(\C(=O)N[C@@H]1C(=O)N2C(C(=O)[O-])=C(CSc3nc(=O)c([O-])nn3C)CS[C@H]12)c1csc(N)n1.O.O.O.O.O.O.O.[Na+].[Na+].[Na+].[Na+],CHEMBL2354204,Bacterial penicillin-binding protein,INHIBITOR,Bacterial penicillin-binding protein inhibitor,4
CHEMBL1605,CEFTIBUTEN,Nc1nc(/C(=C/CC(=O)O)C(=O)N[C@@H]2C(=O)N3C(C(=O)O)=CCS[C@H]23)cs1,CHEMBL2354204,Bacterial penicillin-binding protein,INHIBITOR,Bacterial penicillin-binding protein inhibitor,4
CHEMBL1082,AMOXICILLIN,CC1(C)S[C@@H]2[C@H](NC(=O)[C@H](N)c3ccc(O)cc3)C(=O)N2[C@H]1C(=O)O,CHEMBL2354204,Bacterial penicillin-binding protein,INHIBITOR,Bacterial penicillin-binding protein inhibitor,4
CHEMBL174,AMPICILLIN,CC1(C)S[C@@H]2[C@H](NC(=O)[C@H](N)c3ccccc3)C(=O)N2[C@H]1C(=O)O,CHEMBL2354204,Bacterial penicillin-binding protein,INHIBITOR,Bacterial penicillin-binding protein inhibitor,4
CHEMBL1201098,CEFOTETAN DISODIUM,CO[C@@]1(NC(=O)C2SC(=C(C(N)=O)C(=O)[O-])S2)C(=O)N2C(C(=O)[O-])=C(CSc3nnnn3C)CS[C@@H]21.[Na+].[Na+],CHEMBL2354204,Bacterial penicillin-binding protein,INHIBITOR,Bacterial penicillin-binding protein inhibitor,4
CHEMBL1541,CEFIXIME,C=CC1=C(C(=O)O)N2C(=O)[C@@H](NC(=O)/C(=N\OCC(=O)O)c3csc(N)n3)[C@H]2SC1,CHEMBL2354204,Bacterial penicillin-binding protein,INHIBITOR,Bacterial penicillin-binding protein inhibitor,4
CHEMBL606260,CARBENICILLIN DISODIUM,CC1(C)S[C@@H]2[C@H](NC(=O)C(C(=O)[O-])c3ccccc3)C(=O)N2[C@H]1C(=O)[O-].[Na+].[Na+],CHEMBL2354204,Bacterial penicillin-binding protein,INHIBITOR,Bacterial penicillin-binding protein inhibitor,4
CHEMBL491571,DORIPENEM,C[C@@H](O)[C@H]1C(=O)N2C(C(=O)O)=C(S[C@@H]3CN[C@H](CNS(N)(=O)=O)C3)[C@H](C)[C@H]12,CHEMBL2354204,Bacterial penicillin-binding protein,INHIBITOR,Bacterial penicillin-binding protein inhibitor,4
CHEMBL1201005,CEFONICID SODIUM,O=C([O-])C1=C(CSc2nnnn2CS(=O)(=O)[O-])CS[C@@H]2[C@H](NC(=O)[C@H](O)c3ccccc3)C(=O)N12.[Na+].[Na+],CHEMBL2354204,Bacterial penicillin-binding protein,INHIBITOR,Bacterial penicillin-binding protein inhibitor,4
CHEMBL1200758,AMPICILLIN SODIUM,CC1(C)S[C@@H]2[C@H](NC(=O)[C@H](N)c3ccccc3)C(=O)N2[C@H]1C(=O)[O-].[Na+],CHEMBL2354204,Bacterial penicillin-binding protein,INHIBITOR,Bacterial penicillin-binding protein inhibitor,4
CHEMBL1200962,CEFEPIME HYDROCHLORIDE,CO/N=C(\C(=O)N[C@@H]1C(=O)N2C(C(=O)O)=C(C[N+]3(C)CCCC3)CS[C@H]12)c1csc(N)n1.Cl.O.[Cl-],CHEMBL2354204,Bacterial penicillin-binding protein,INHIBITOR,Bacterial penicillin-binding protein inhibitor,4
CHEMBL44354,CEFTAZIDIME,CC(C)(O/N=C(\C(=O)N[C@@H]1C(=O)N2C(C(=O)[O-])=C(C[n+]3ccccc3)CS[C@H]12)c1csc(N)n1)C(=O)O,CHEMBL2354204,Bacterial penicillin-binding protein,INHIBITOR,Bacterial penicillin-binding protein inhibitor,4
CHEMBL1010,CEFOTAXIME SODIUM,CO/N=C(\C(=O)N[C@@H]1C(=O)N2C(C(=O)[O-])=C(COC(C)=O)CS[C@H]12)c1csc(N)n1.[Na+],CHEMBL2354204,Bacterial penicillin-binding protein,INHIBITOR,Bacterial penicillin-binding protein inhibitor,4
CHEMBL1201016,CEFPODOXIME PROXETIL,COCC1=C(C(=O)OC(C)OC(=O)OC(C)C)N2C(=O)[C@@H](NC(=O)/C(=N\OC)c3csc(N)n3)[C@H]2SC1,CHEMBL2354204,Bacterial penicillin-binding protein,INHIBITOR,Bacterial penicillin-binding protein inhibitor,4
CHEMBL454446,CEFDITOREN PIVOXIL,CO/N=C(\C(=O)N[C@@H]1C(=O)N2C(C(=O)OCOC(=O)C(C)(C)C)=C(/C=C\c3scnc3C)CS[C@H]12)c1csc(N)n1,CHEMBL2354204,Bacterial penicillin-binding protein,INHIBITOR,Bacterial penicillin-binding protein inhibitor,4
CHEMBL1200610,LORACARBEF,N[C@@H](C(=O)N[C@@H]1C(=O)N2C(C(=O)O)=C(Cl)CC[C@H]12)c1ccccc1.O,CHEMBL2354204,Bacterial penicillin-binding protein,INHIBITOR,Bacterial penicillin-binding protein inhibitor,4
CHEMBL127,MEROPENEM,C[C@@H](O)[C@H]1C(=O)N2C(C(=O)O)=C(S[C@@H]3CN[C@H](C(=O)N(C)C)C3)[C@H](C)[C@H]12,CHEMBL2354204,Bacterial penicillin-binding protein,INHIBITOR,Bacterial penicillin-binding protein inhibitor,4
CHEMBL1697708,MEZLOCILLIN SODIUM,CC1(C)S[C@@H]2[C@H](NC(=O)[C@H](NC(=O)N3CCN(S(C)(=O)=O)C3=O)c3ccccc3)C(=O)N2[C@H]1C(=O)[O-].[Na+],CHEMBL2354204,Bacterial penicillin-binding protein,INHIBITOR,Bacterial penicillin-binding protein inhibitor,4
CHEMBL3989515,PENICILLIN G BENZATHINE,CC1(C)S[C@@H]2[C@H](NC(=O)Cc3ccccc3)C(=O)N2[C@H]1C(=O)O.CC1(C)S[C@@H]2[C@H](NC(=O)Cc3ccccc3)C(=O)N2[C@H]1C(=O)O.O.O.O.O.c1ccc(CNCCNCc2ccccc2)cc1,CHEMBL2354204,Bacterial penicillin-binding protein,INHIBITOR,Bacterial penicillin-binding protein inhibitor,4
CHEMBL1223,PENICILLIN G POTASSIUM,CC1(C)S[C@@H]2[C@H](NC(=O)Cc3ccccc3)C(=O)N2[C@H]1C(=O)[O-].[K+],CHEMBL2354204,Bacterial penicillin-binding protein,INHIBITOR,Bacterial penicillin-binding protein inhibitor,4
CHEMBL1126,PENICILLIN G SODIUM,CC1(C)S[C@@H]2[C@H](NC(=O)Cc3ccccc3)C(=O)N2[C@H]1C(=O)[O-].[Na+],CHEMBL2354204,Bacterial penicillin-binding protein,INHIBITOR,Bacterial penicillin-binding protein inhibitor,4
CHEMBL1200820,PIPERACILLIN SODIUM,CCN1CCN(C(=O)N[C@@H](C(=O)N[C@@H]2C(=O)N3[C@@H]2SC(C)(C)[C@@H]3C(=O)[O-])c2ccccc2)C(=O)C1=O.[Na+],CHEMBL2354204,Bacterial penicillin-binding protein,INHIBITOR,Bacterial penicillin-binding protein inhibitor,4
CHEMBL43708,IMIPENEM,C[C@@H](O)[C@H]1C(=O)N2C(C(=O)O)=C(SCCNC=N)C[C@H]12.O,CHEMBL2354204,Bacterial penicillin-binding protein,INHIBITOR,Bacterial penicillin-binding protein inhibitor,4
CHEMBL530,AMDINOCILLIN,CC1(C)S[C@@H]2[C@H](/N=C/N3CCCCCC3)C(=O)N2[C@H]1C(=O)O,CHEMBL2354313,"Peptidoglycan D,D-transpeptidase MrdA",INHIBITOR,Bacterial penicillin-binding protein 2 inhibitor,4
CHEMBL1200701,DICLOXACILLIN SODIUM,Cc1onc(-c2c(Cl)cccc2Cl)c1C(=O)N[C@@H]1C(=O)N2[C@@H]1SC(C)(C)[C@@H]2C(=O)[O-].O.[Na+],CHEMBL2362972,Penicillin-binding protein,INHIBITOR,Penicillin-binding protein inhibitor,4
CHEMBL1568276,NAFCILLIN SODIUM,CCOc1ccc2ccccc2c1C(=O)N[C@@H]1C(=O)N2[C@@H]1SC(C)(C)[C@@H]2C(=O)[O-].O.[Na+],CHEMBL2362972,Penicillin-binding protein,INHIBITOR,Penicillin-binding protein inhibitor,4
CHEMBL3989567,OXACILLIN SODIUM,Cc1onc(-c2ccccc2)c1C(=O)N[C@@H]1C(=O)N2[C@@H]1SC(C)(C)[C@@H]2C(=O)[O-].O.[Na+],CHEMBL2362972,Penicillin-binding protein,INHIBITOR,Penicillin-binding protein inhibitor,4
CHEMBL1525,PERMETHRIN,CC1(C)C(C=C(Cl)Cl)C1C(=O)OCc1cccc(Oc2ccccc2)c1,CHEMBL2362985,Voltage-sensitive sodium channel,BLOCKER,Voltage-sensitive sodium channel blocker,4
CHEMBL608,PROBUCOL,CC(C)(Sc1cc(C(C)(C)C)c(O)c(C(C)(C)C)c1)Sc1cc(C(C)(C)C)c(O)c(C(C)(C)C)c1,CHEMBL2362986,Phospholipid-transporting ATPase ABCA1,INHIBITOR,ATP-binding cassette sub-family A member 1 inhibitor,4
CHEMBL525076,ENFUVIRTIDE,CC[C@H](C)[C@H](NC(=O)[C@H](CC(C)C)NC(=O)[C@H](CO)NC(=O)[C@H](Cc1cnc[nH]1)NC(=O)[C@@H](NC(=O)[C@H](CC(C)C)NC(=O)[C@H](CO)NC(=O)[C@@H](NC(=O)[C@H](Cc1ccc(O)cc1)NC(C)=O)[C@@H](C)O)[C@@H](C)CC)C(=O)N[C@@H](CCC(=O)O)C(=O)N[C@@H](CCC(=O)O)C(=O)N[C@@H](CO)C(=O)N[C@@H](CCC(N)=O)C(=O)N[C@@H](CC(N)=O)C(=O)N[C@@H](CCC(N)=O)C(=O)N[C@@H](CCC(N)=O)C(=O)N[C@@H](CCC(=O)O)C(=O)N[C@@H](CCCCN)C(=O)N[C@@H](CC(N)=O)C(=O)N[C@@H](CCC(=O)O)C(=O)N[C@@H](CCC(N)=O)C(=O)N[C@@H](CCC(=O)O)C(=O)N[C@@H](CC(C)C)C(=O)N[C@@H](CC(C)C)C(=O)N[C@@H](CCC(=O)O)C(=O)N[C@@H](CC(C)C)C(=O)N[C@@H](CC(=O)O)C(=O)N[C@@H](CCCCN)C(=O)N[C@@H](Cc1c[nH]c2ccccc12)C(=O)N[C@@H](C)C(=O)N[C@@H](CO)C(=O)N[C@@H](CC(C)C)C(=O)N[C@@H](Cc1c[nH]c2ccccc12)C(=O)N[C@@H](CC(N)=O)C(=O)N[C@@H](Cc1c[nH]c2ccccc12)C(=O)N[C@@H](Cc1ccccc1)C(N)=O,CHEMBL2362987,Transmembrane glycoprotein gp41,INHIBITOR,Transmembrane glycoprotein gp41 inhibitor,4
CHEMBL1200468,MALATHION,CCOC(=O)CC(SP(=S)(OC)OC)C(=O)OCC,CHEMBL2362988,Acetylcholinesterase,INHIBITOR,Acetylcholinesterase inhibitor,4
CHEMBL1607,TOPOTECAN HYDROCHLORIDE,CC[C@@]1(O)C(=O)OCc2c1cc1n(c2=O)Cc2cc3c(CN(C)C)c(O)ccc3nc2-1.Cl,CHEMBL1781,DNA topoisomerase 1,INHIBITOR,DNA topoisomerase I inhibitor,4
CHEMBL1201780,CARGLUMIC ACID,NC(=O)N[C@@H](CCC(=O)O)C(=O)O,CHEMBL2362990,"Carbamoyl-phosphate synthase [ammonia], mitochondrial",POSITIVE ALLOSTERIC MODULATOR,"Carbamoyl-phosphate synthase [ammonia], mitochondrial positive allosteric modulator",4
CHEMBL1542,AZATHIOPRINE,Cn1cnc([N+](=O)[O-])c1Sc1ncnc2[nH]cnc12,CHEMBL2362992,Amidophosphoribosyltransferase,INHIBITOR,Amidophosphoribosyltransferase inhibitor,4
CHEMBL1200751,MERCAPTOPURINE,O.S=c1[nH]cnc2nc[nH]c12,CHEMBL2362992,Amidophosphoribosyltransferase,INHIBITOR,Amidophosphoribosyltransferase inhibitor,4
CHEMBL1043,DAPSONE,Nc1ccc(S(=O)(=O)c2ccc(N)cc2)cc1,CHEMBL2362993,Dihydropteroate synthase,INHIBITOR,Dihydropteroate synthase 1 inhibitor,4
CHEMBL1200580,SULFOXONE SODIUM,O=S([O-])CNc1ccc(S(=O)(=O)c2ccc(NCS(=O)[O-])cc2)cc1.[Na+].[Na+],CHEMBL2362993,Dihydropteroate synthase,INHIBITOR,Dihydropteroate synthase 1 inhibitor,4
CHEMBL976,PRAZIQUANTEL,O=C(C1CCCCC1)N1CC(=O)N2CCc3ccccc3C2C1,CHEMBL2363079,Voltage-activated calcium channel beta 1 subunit,BLOCKER,Voltage-activated calcium channel beta 1 subunit blocker,4
CHEMBL976,PRAZIQUANTEL,O=C(C1CCCCC1)N1CC(=O)N2CCc3ccccc3C2C1,CHEMBL2363080,Voltage-activated calcium channel beta 2 subunit,BLOCKER,Voltage-activated calcium channel beta 2 subunit blocker,4
CHEMBL130,CHLORAMPHENICOL,O=C(N[C@H](CO)[C@H](O)c1ccc([N+](=O)[O-])cc1)C(Cl)Cl,CHEMBL2363135,Bacterial 70S ribosome,INHIBITOR,Bacterial 70S ribosome inhibitor,4
CHEMBL4208954,AMIKACIN SULFATE,NCC[C@H](O)C(=O)N[C@@H]1C[C@H](N)[C@@H](O[C@H]2O[C@H](CN)[C@@H](O)[C@H](O)[C@H]2O)[C@H](O)[C@H]1O[C@H]1O[C@H](CO)[C@@H](O)[C@H](N)[C@H]1O.O=S(=O)(O)O.O=S(=O)(O)O,CHEMBL2363135,Bacterial 70S ribosome,INHIBITOR,Bacterial 70S ribosome inhibitor,4
CHEMBL1517,OXYTETRACYCLINE,CN(C)[C@@H]1C(O)=C(C(N)=O)C(=O)[C@@]2(O)C(O)=C3C(=O)c4c(O)cccc4[C@@](C)(O)[C@H]3[C@H](O)[C@@H]12,CHEMBL2363135,Bacterial 70S ribosome,INHIBITOR,Bacterial 70S ribosome inhibitor,4
CHEMBL3989568,OXYTETRACYCLINE CALCIUM,CN(C)[C@@H]1C([O-])=C(C(N)=O)C(=O)[C@@]2(O)C(O)=C3C(=O)c4c(O)cccc4[C@@](C)(O)[C@H]3[C@H](O)[C@@H]12.CN(C)[C@@H]1C([O-])=C(C(N)=O)C(=O)[C@@]2(O)C(O)=C3C(=O)c4c(O)cccc4[C@@](C)(O)[C@H]3[C@H](O)[C@@H]12.[Ca+2],CHEMBL2363135,Bacterial 70S ribosome,INHIBITOR,Bacterial 70S ribosome inhibitor,4
CHEMBL2146123,METHACYCLINE HYDROCHLORIDE,C=C1c2cccc(O)c2C(=O)C2=C(O)[C@]3(O)C(=O)C(C(N)=O)=C(O)[C@@H](N(C)C)[C@@H]3[C@@H](O)[C@H]12.Cl,CHEMBL2363135,Bacterial 70S ribosome,INHIBITOR,Bacterial 70S ribosome inhibitor,4
CHEMBL3184512,CLINDAMYCIN PHOSPHATE,CCC[C@@H]1C[C@@H](C(=O)N[C@@H]([C@H]2O[C@H](SC)[C@H](OP(=O)(O)O)[C@@H](O)[C@H]2O)[C@H](C)Cl)N(C)C1,CHEMBL2363135,Bacterial 70S ribosome,INHIBITOR,Bacterial 70S ribosome inhibitor,4
CHEMBL1200729,CHLORAMPHENICOL SODIUM SUCCINATE,O=C([O-])CCC(=O)OC[C@@H](NC(=O)C(Cl)Cl)[C@H](O)c1ccc([N+](=O)[O-])cc1.[Na+],CHEMBL2363135,Bacterial 70S ribosome,INHIBITOR,Bacterial 70S ribosome inhibitor,4
CHEMBL1237072,DIRITHROMYCIN,CC[C@H]1OC(=O)[C@H](C)[C@@H](O[C@H]2C[C@@](C)(OC)[C@@H](O)[C@H](C)O2)[C@H](C)[C@@H](O[C@@H]2O[C@H](C)C[C@H](N(C)C)[C@H]2O)[C@](C)(O)C[C@@H](C)[C@@H]2N[C@@H](COCCOC)O[C@H]([C@H]2C)[C@]1(C)O,CHEMBL2363135,Bacterial 70S ribosome,INHIBITOR,Bacterial 70S ribosome inhibitor,4
CHEMBL1200937,DALFOPRISTIN,CCN(CC)CCS(=O)(=O)[C@@H]1CCN2C(=O)c3coc(n3)CC(=O)C[C@H](O)/C=C(C)/C=C/CNC(=O)/C=C/[C@@H](C)[C@@H](C(C)C)OC(=O)[C@@H]12,CHEMBL2363135,Bacterial 70S ribosome,INHIBITOR,Bacterial 70S ribosome inhibitor,4
CHEMBL1446,KANAMYCIN SULFATE,NC[C@H]1O[C@H](O[C@H]2[C@H](O)[C@@H](O[C@H]3O[C@H](CO)[C@@H](O)[C@H](N)[C@H]3O)[C@H](N)C[C@@H]2N)[C@H](O)[C@@H](O)[C@@H]1O.O=S(=O)(O)O,CHEMBL2363135,Bacterial 70S ribosome,INHIBITOR,Bacterial 70S ribosome inhibitor,4
CHEMBL1200588,CLINDAMYCIN HYDROCHLORIDE,CCC[C@@H]1C[C@@H](C(=O)N[C@@H]([C@H]2O[C@H](SC)[C@H](O)[C@@H](O)[C@H]2O)[C@H](C)Cl)N(C)C1.Cl,CHEMBL2363135,Bacterial 70S ribosome,INHIBITOR,Bacterial 70S ribosome inhibitor,4
CHEMBL376140,TIGECYCLINE,CN(C)c1cc(NC(=O)CNC(C)(C)C)c(O)c2c1C[C@H]1C[C@H]3[C@H](N(C)C)C(O)=C(C(N)=O)C(=O)[C@@]3(O)C(O)=C1C2=O,CHEMBL2363135,Bacterial 70S ribosome,INHIBITOR,Bacterial 70S ribosome inhibitor,4
CHEMBL1200474,DEMECLOCYCLINE HYDROCHLORIDE,CN(C)[C@@H]1C(O)=C(C(N)=O)C(=O)[C@@]2(O)C(O)=C3C(=O)c4c(O)ccc(Cl)c4[C@@H](O)[C@H]3C[C@@H]12.Cl,CHEMBL2363135,Bacterial 70S ribosome,INHIBITOR,Bacterial 70S ribosome inhibitor,4
CHEMBL1136,TELITHROMYCIN,CC[C@H]1OC(=O)[C@H](C)C(=O)[C@H](C)[C@@H](O[C@@H]2O[C@H](C)C[C@H](N(C)C)[C@H]2O)[C@](C)(OC)C[C@@H](C)C(=O)[C@H](C)[C@H]2N(CCCCn3cnc(-c4cccnc4)c3)C(=O)O[C@]12C,CHEMBL2363135,Bacterial 70S ribosome,INHIBITOR,Bacterial 70S ribosome inhibitor,4
CHEMBL3184791,STREPTOMYCIN SULFATE,CN[C@@H]1[C@H](O[C@H]2[C@H](O[C@H]3[C@H](O)[C@@H](O)[C@H](N=C(N)N)[C@@H](O)[C@@H]3N=C(N)N)O[C@@H](C)[C@]2(O)C=O)O[C@@H](CO)[C@H](O)[C@H]1O.CN[C@@H]1[C@H](O[C@H]2[C@H](O[C@H]3[C@H](O)[C@@H](O)[C@H](N=C(N)N)[C@@H](O)[C@@H]3N=C(N)N)O[C@@H](C)[C@]2(O)C=O)O[C@@H](CO)[C@H](O)[C@H]1O.O=S(=O)(O)O.O=S(=O)(O)O.O=S(=O)(O)O,CHEMBL2363135,Bacterial 70S ribosome,INHIBITOR,Bacterial 70S ribosome inhibitor,4
CHEMBL454950,TETRACYCLINE HYDROCHLORIDE,CN(C)[C@@H]1C(O)=C(C(N)=O)C(=O)[C@@]2(O)C(O)=C3C(=O)c4c(O)cccc4[C@@](C)(O)[C@H]3C[C@@H]12.Cl,CHEMBL2363135,Bacterial 70S ribosome,INHIBITOR,Bacterial 70S ribosome inhibitor,4
CHEMBL1200632,CLINDAMYCIN PALMITATE HYDROCHLORIDE,CCCCCCCCCCCCCCCC(=O)O[C@@H]1[C@@H](O)[C@@H](O)[C@@H]([C@H](NC(=O)[C@@H]2C[C@@H](CCC)CN2C)[C@H](C)Cl)O[C@@H]1SC.Cl,CHEMBL2363135,Bacterial 70S ribosome,INHIBITOR,Bacterial 70S ribosome inhibitor,4
CHEMBL1200506,ERYTHROMYCIN LACTOBIONATE,CC[C@H]1OC(=O)[C@H](C)[C@@H](O[C@H]2C[C@@](C)(OC)[C@@H](O)[C@H](C)O2)[C@H](C)[C@@H](O[C@@H]2O[C@H](C)C[C@H](N(C)C)[C@H]2O)[C@](C)(O)C[C@@H](C)C(=O)[C@H](C)[C@@H](O)[C@]1(C)O.O=C(O)[C@H](O)[C@@H](O)[C@H](O[C@@H]1O[C@H](CO)[C@H](O)[C@H](O)[C@H]1O)[C@H](O)CO,CHEMBL2363135,Bacterial 70S ribosome,INHIBITOR,Bacterial 70S ribosome inhibitor,4
CHEMBL1440,TETRACYCLINE,CN(C)[C@@H]1C(O)=C(C(N)=O)C(=O)[C@@]2(O)C(O)=C3C(=O)c4c(O)cccc4[C@@](C)(O)[C@H]3C[C@@H]12,CHEMBL2363135,Bacterial 70S ribosome,INHIBITOR,Bacterial 70S ribosome inhibitor,4
CHEMBL3989829,NETILMICIN SULFATE,CCN[C@@H]1C[C@H](N)[C@@H](O[C@H]2OC(CN)=CC[C@H]2N)[C@H](O)[C@H]1O[C@H]1OC[C@](C)(O)[C@H](NC)[C@H]1O.CCN[C@@H]1C[C@H](N)[C@@H](O[C@H]2OC(CN)=CC[C@H]2N)[C@H](O)[C@H]1O[C@H]1OC[C@](C)(O)[C@H](NC)[C@H]1O.O=S(=O)(O)O.O=S(=O)(O)O.O=S(=O)(O)O.O=S(=O)(O)O.O=S(=O)(O)O,CHEMBL2363135,Bacterial 70S ribosome,INHIBITOR,Bacterial 70S ribosome inhibitor,4
CHEMBL261772,MECLOCYCLINE SULFOSALICYLATE,C=C1c2c(Cl)ccc(O)c2C(=O)C2=C(O)[C@]3(O)C(=O)C(C(N)=O)=C(O)[C@@H](N(C)C)[C@@H]3[C@@H](O)[C@H]12.O=C(O)c1cc(S(=O)(=O)O)ccc1O,CHEMBL2363135,Bacterial 70S ribosome,INHIBITOR,Bacterial 70S ribosome inhibitor,4
CHEMBL1200649,QUINUPRISTIN,CC[C@H]1NC(=O)[C@@H](NC(=O)c2ncccc2O)[C@@H](C)OC(=O)[C@H](c2ccccc2)NC(=O)[C@@H]2CC(=O)[C@H](CS[C@@H]3CN4CCC3CC4)CN2C(=O)[C@H](Cc2ccc(N(C)C)cc2)N(C)C(=O)[C@@H]2CCCN2C1=O,CHEMBL2363135,Bacterial 70S ribosome,INHIBITOR,Bacterial 70S ribosome inhibitor,4
CHEMBL1607480,OXYTETRACYCLINE HYDROCHLORIDE,CN(C)[C@@H]1C(O)=C(C(N)=O)C(=O)[C@@]2(O)C(O)=C3C(=O)c4c(O)cccc4[C@@](C)(O)[C@H]3[C@H](O)[C@@H]12.Cl,CHEMBL2363135,Bacterial 70S ribosome,INHIBITOR,Bacterial 70S ribosome inhibitor,4
CHEMBL2206196,PAROMOMYCIN SULFATE,NC[C@@H]1O[C@H](O[C@H]2[C@@H](O)[C@H](O[C@@H]3[C@@H](O)[C@H](N)C[C@H](N)[C@H]3O[C@H]3O[C@H](CO)[C@@H](O)[C@H](O)[C@H]3N)O[C@@H]2CO)[C@H](N)[C@@H](O)[C@@H]1O.O=S(=O)(O)O,CHEMBL2363135,Bacterial 70S ribosome,INHIBITOR,Bacterial 70S ribosome inhibitor,4
CHEMBL1200881,MINOCYCLINE HYDROCHLORIDE,CN(C)c1ccc(O)c2c1C[C@H]1C[C@H]3[C@H](N(C)C)C(O)=C(C(N)=O)C(=O)[C@@]3(O)C(O)=C1C2=O.Cl,CHEMBL2363135,Bacterial 70S ribosome,INHIBITOR,Bacterial 70S ribosome inhibitor,4
CHEMBL532,ERYTHROMYCIN,CC[C@H]1OC(=O)[C@H](C)[C@@H](O[C@H]2C[C@@](C)(OC)[C@@H](O)[C@H](C)O2)[C@H](C)[C@@H](O[C@@H]2O[C@H](C)C[C@H](N(C)C)[C@H]2O)[C@](C)(O)C[C@@H](C)C(=O)[C@H](C)[C@@H](O)[C@]1(C)O,CHEMBL2363135,Bacterial 70S ribosome,INHIBITOR,Bacterial 70S ribosome inhibitor,4
CHEMBL1200688,ERYTHROMYCIN ETHYLSUCCINATE,CCOC(=O)CCC(=O)O[C@H]1[C@H](O[C@@H]2[C@@H](C)[C@H](O[C@H]3C[C@@](C)(OC)[C@@H](O)[C@H](C)O3)[C@@H](C)C(=O)O[C@H](CC)[C@@](C)(O)[C@H](O)[C@@H](C)C(=O)[C@H](C)C[C@@]2(C)O)O[C@H](C)C[C@@H]1N(C)C,CHEMBL2363135,Bacterial 70S ribosome,INHIBITOR,Bacterial 70S ribosome inhibitor,4
CHEMBL1741,CLARITHROMYCIN,CC[C@H]1OC(=O)[C@H](C)[C@@H](O[C@H]2C[C@@](C)(OC)[C@@H](O)[C@H](C)O2)[C@H](C)[C@@H](O[C@@H]2O[C@H](C)C[C@H](N(C)C)[C@H]2O)[C@](C)(OC)C[C@@H](C)C(=O)[C@H](C)[C@@H](O)[C@]1(C)O,CHEMBL2363135,Bacterial 70S ribosome,INHIBITOR,Bacterial 70S ribosome inhibitor,4
CHEMBL529,AZITHROMYCIN,CC[C@H]1OC(=O)[C@H](C)[C@@H](O[C@H]2C[C@@](C)(OC)[C@@H](O)[C@H](C)O2)[C@H](C)[C@@H](O[C@@H]2O[C@H](C)C[C@H](N(C)C)[C@H]2O)[C@](C)(O)C[C@@H](C)CN(C)[C@H](C)[C@@H](O)[C@]1(C)O,CHEMBL2363135,Bacterial 70S ribosome,INHIBITOR,Bacterial 70S ribosome inhibitor,4
CHEMBL267345,AMPHOTERICIN B,C[C@@H]1[C@H](O)[C@@H](C)/C=C/C=C/C=C/C=C/C=C/C=C/C=C/[C@H](O[C@@H]2O[C@H](C)[C@@H](O)[C@H](N)[C@@H]2O)C[C@@H]2O[C@](O)(C[C@@H](O)C[C@@H](O)[C@H](O)CC[C@@H](O)C[C@@H](O)CC(=O)O[C@H]1C)C[C@H](O)[C@H]2C(=O)O,CHEMBL2364028,Ergosterol,SEQUESTERING AGENT,Ergosterol sequestering agent,4
CHEMBL1200656,NATAMYCIN,C[C@@H]1C/C=C/C=C/C=C/C=C/[C@H](O[C@@H]2O[C@H](C)[C@@H](O)[C@H](N)[C@@H]2O)C[C@@H]2O[C@](O)(C[C@@H](O)C[C@H]3O[C@@H]3/C=C/C(=O)O1)C[C@H](O)[C@H]2C(=O)O,CHEMBL2364028,Ergosterol,SEQUESTERING AGENT,Ergosterol sequestering agent,4
CHEMBL1201073,SUCCIMER,O=C(O)[C@@H](S)[C@@H](S)C(=O)O,CHEMBL2364029,Lead,CHELATING AGENT,Lead chelating agent,4
CHEMBL3989529,ETHANOLAMINE OLEATE,CCCCCCCC/C=C\CCCCCCCC(=O)O.NCCO,CHEMBL2364030,Calcium,CHELATING AGENT,Calcium chelating agent,4
CHEMBL387675,DAPTOMYCIN,CCCCCCCCCC(=O)N[C@@H](Cc1c[nH]c2ccccc12)C(=O)N[C@@H](CC(N)=O)C(=O)N[C@@H](CC(=O)O)C(=O)N[C@@H]1C(=O)NCC(=O)N[C@@H](CCCN)C(=O)N[C@@H](CC(=O)O)C(=O)N[C@H](C)C(=O)N[C@@H](CC(=O)O)C(=O)NCC(=O)N[C@H](CO)C(=O)N[C@@H]([C@H](C)CC(=O)O)C(=O)N[C@@H](CC(=O)c2ccccc2N)C(=O)O[C@@H]1C,CHEMBL2364031,Cell membrane,INHIBITOR,Cell membrane inhibitor,4
CHEMBL4297088,CHLORHEXIDINE GLUCONATE,N=C(NCCCCCCNC(=N)NC(=N)Nc1ccc(Cl)cc1)NC(=N)Nc1ccc(Cl)cc1.O=C(O)[C@H](O)[C@@H](O)[C@H](O)[C@H](O)CO.O=C(O)[C@H](O)[C@@H](O)[C@H](O)[C@H](O)CO,CHEMBL2364031,Cell membrane,INHIBITOR,Cell membrane inhibitor,4
CHEMBL3301680,TELAVANCIN HYDROCHLORIDE,CCCCCCCCCCNCCN[C@@]1(C)C[C@H](O[C@H]2[C@H](Oc3c4cc5cc3Oc3ccc(cc3Cl)[C@@H](O)[C@@H](NC(=O)[C@@H](CC(C)C)NC)C(=O)N[C@@H](CC(N)=O)C(=O)N[C@H]5C(=O)N[C@H]3C(=O)N[C@H](C(=O)N[C@H](C(=O)O)c5cc(O)c(CNCP(=O)(O)O)c(O)c5-c5cc3ccc5O)[C@H](O)c3ccc(c(Cl)c3)O4)O[C@H](CO)[C@@H](O)[C@@H]2O)O[C@@H](C)[C@H]1O.Cl,CHEMBL2364032,Cell outer membrane,INHIBITOR,Cell outer membrane inhibitor,4
CHEMBL1200558,BACITRACIN,CC[C@H](C)[C@H](N)C1=N[C@H](C(=O)N[C@@H](CC(C)C)C(=O)N[C@H](CCC(=O)O)C(=O)N[C@H](C(=O)N[C@H]2CCCCNC(=O)[C@H](CC(N)=O)NC(=O)[C@@H](CC(=O)O)NC(=O)[C@H](Cc3cnc[nH]3)NC(=O)[C@@H](Cc3ccccc3)NC(=O)[C@H]([C@@H](C)CC)NC(=O)[C@@H](CCCN)NC2=O)[C@@H](C)CC)CS1,CHEMBL2364036,C55-isoprenyl pyrophosphate,INHIBITOR,C55-isoprenyl pyrophosphate inhibitor,4
CHEMBL2096639,BACITRACIN ZINC,CC[C@H](C)[C@H](N)C1=N[C@H](C(=O)N[C@@H](CC(C)C)C(=O)N[C@H](CCC(=O)[O-])C(=O)N[C@H](C(=O)N[C@H]2CCCCNC(=O)[C@H](CC(N)=O)NC(=O)[C@@H](CC(=O)[O-])NC(=O)[C@H](Cc3cnc[nH]3)NC(=O)[C@@H](Cc3ccccc3)NC(=O)[C@H]([C@@H](C)CC)NC(=O)[C@@H](CCCN)NC2=O)[C@@H](C)CC)CS1.[Zn+2],CHEMBL2364036,C55-isoprenyl pyrophosphate,INHIBITOR,C55-isoprenyl pyrophosphate inhibitor,4
CHEMBL1200577,CYSTEAMINE BITARTRATE,NCCS.O=C(O)[C@H](O)[C@@H](O)C(=O)O,CHEMBL2364039,Cystine,REDUCING AGENT,Cystine reducing agent,4
CHEMBL1256137,CYSTEAMINE HYDROCHLORIDE,Cl.NCCS,CHEMBL2364039,Cystine,REDUCING AGENT,Cystine reducing agent,4
CHEMBL137,METRONIDAZOLE,Cc1ncc([N+](=O)[O-])n1CCO,CHEMBL2364041,DNA,INHIBITOR,DNA inhibitor,4
CHEMBL64894,GENTIAN VIOLET,CN(C)c1ccc(C(=C2C=CC(=[N+](C)C)C=C2)c2ccc(N(C)C)cc2)cc1.[Cl-],CHEMBL2364041,DNA,INHIBITOR,DNA inhibitor,4
CHEMBL1200869,METRONIDAZOLE HYDROCHLORIDE,Cc1ncc([N+](=O)[O-])n1CCO.Cl,CHEMBL2364041,DNA,INHIBITOR,DNA inhibitor,4
CHEMBL1201104,METHENAMINE HIPPURATE,C1N2CN3CN1CN(C2)C3.O=C(O)CNC(=O)c1ccccc1,CHEMBL2364041,DNA,INHIBITOR,DNA inhibitor,4
CHEMBL869,NITROFURAZONE,NC(=O)N/N=C/c1ccc([N+](=O)[O-])o1,CHEMBL2364041,DNA,INHIBITOR,DNA inhibitor,4
CHEMBL572,NITROFURANTOIN,O=C1CN(/N=C/c2ccc([N+](=O)[O-])o2)C(=O)N1,CHEMBL2364041,DNA,INHIBITOR,DNA inhibitor,4
CHEMBL1658,RETAPAMULIN,C=C[C@]1(C)C[C@@H](OC(=O)CS[C@@H]2C[C@H]3CC[C@@H](C2)N3C)[C@]2(C)[C@H](C)CC[C@]3(CCC(=O)[C@H]32)[C@@H](C)[C@@H]1O,CHEMBL2364096,70S ribosome,INHIBITOR,70S ribosome inhibitor,4
CHEMBL1658,RETAPAMULIN,C=C[C@]1(C)C[C@@H](OC(=O)CS[C@@H]2C[C@H]3CC[C@@H](C2)N3C)[C@]2(C)[C@H](C)CC[C@]3(CCC(=O)[C@H]32)[C@@H](C)[C@@H]1O,CHEMBL2364103,70S ribosome,INHIBITOR,70S ribosome inhibitor,4
CHEMBL2105700,BEDAQUILINE FUMARATE,COc1nc2ccc(Br)cc2cc1[C@@H](c1ccccc1)[C@@](O)(CCN(C)C)c1cccc2ccccc12.O=C(O)/C=C/C(=O)O,CHEMBL2364166,ATP synthase,INHIBITOR,ATP synthase inhibitor,4
CHEMBL1201734,BENDAMUSTINE HYDROCHLORIDE,Cl.Cn1c(CCCC(=O)O)nc2cc(N(CCCl)CCCl)ccc21,CHEMBL2311221,DNA,INHIBITOR,DNA inhibitor,4
CHEMBL1554,DACTINOMYCIN,Cc1c2oc3c(C)ccc(C(=O)N[C@@H]4C(=O)N[C@H](C(C)C)C(=O)N5CCC[C@H]5C(=O)N(C)CC(=O)N(C)[C@@H](C(C)C)C(=O)O[C@@H]4C)c3nc-2c(C(=O)N[C@@H]2C(=O)N[C@H](C(C)C)C(=O)N3CCC[C@H]3C(=O)N(C)CC(=O)N(C)[C@@H](C(C)C)C(=O)O[C@@H]2C)c(N)c1=O,CHEMBL2311221,DNA,INHIBITOR,DNA inhibitor,4
CHEMBL1200796,CYCLOPHOSPHAMIDE,O.O=P1(N(CCCl)CCCl)NCCCO1,CHEMBL2311221,DNA,INHIBITOR,DNA inhibitor,4
CHEMBL1201001,MECHLORETHAMINE HYDROCHLORIDE,CN(CCCl)CCCl.Cl,CHEMBL2311221,DNA,INHIBITOR,DNA inhibitor,4
CHEMBL1977579,STREPTOZOCIN,CN(N=O)C(=O)N[C@@H](C=O)[C@@H](O)[C@H](O)[C@H](O)CO,CHEMBL2311221,DNA,INHIBITOR,DNA inhibitor,4
CHEMBL1201112,NELARABINE,COc1nc(N)nc2c1ncn2[C@@H]1O[C@H](CO)[C@@H](O)[C@@H]1O,CHEMBL2311221,DNA,INHIBITOR,DNA inhibitor,4
CHEMBL1200981,EPIRUBICIN HYDROCHLORIDE,COc1cccc2c1C(=O)c1c(O)c3c(c(O)c1C2=O)C[C@@](O)(C(=O)CO)C[C@@H]3O[C@H]1C[C@H](N)[C@@H](O)[C@H](C)O1.Cl,CHEMBL2311221,DNA,INHIBITOR,DNA inhibitor,4
CHEMBL820,BUSULFAN,CS(=O)(=O)OCCCCOS(C)(=O)=O,CHEMBL2311221,DNA,INHIBITOR,DNA inhibitor,4
CHEMBL514,LOMUSTINE,O=NN(CCCl)C(=O)NC1CCCCC1,CHEMBL2311221,DNA,INHIBITOR,DNA inhibitor,4
CHEMBL1237054,PLICAMYCIN,CO[C@H](C(=O)[C@@H](O)[C@@H](C)O)[C@@H]1Cc2cc3cc(O[C@H]4C[C@@H](O[C@@H]5C[C@@H](O)[C@H](O)[C@@H](C)O5)[C@H](O)[C@@H](C)O4)c(C)c(O)c3c(O)c2C(=O)[C@H]1O[C@H]1C[C@@H](O[C@@H]2C[C@@H](O)[C@@H](O[C@@H]3C[C@](C)(O)[C@H](O)[C@@H](C)O3)[C@@H](C)O2)[C@H](O)[C@@H](C)O1,CHEMBL2311221,DNA,INHIBITOR,DNA inhibitor,4
CHEMBL1488,URACIL MUSTARD,Oc1ncc(N(CCCl)CCCl)c(O)n1,CHEMBL2311221,DNA,INHIBITOR,DNA inhibitor,4
CHEMBL1455,ALTRETAMINE,CN(C)c1nc(N(C)C)nc(N(C)C)n1,CHEMBL2311221,DNA,INHIBITOR,DNA inhibitor,4
CHEMBL852,MELPHALAN,N[C@@H](Cc1ccc(N(CCCl)CCCl)cc1)C(=O)O,CHEMBL2311221,DNA,INHIBITOR,DNA inhibitor,4
CHEMBL515,CHLORAMBUCIL,O=C(O)CCCc1ccc(N(CCCl)CCCl)cc1,CHEMBL2311221,DNA,INHIBITOR,DNA inhibitor,4
CHEMBL671,THIOTEPA,S=P(N1CC1)(N1CC1)N1CC1,CHEMBL2311221,DNA,INHIBITOR,DNA inhibitor,4
CHEMBL416,METHOXSALEN,COc1c2occc2cc2ccc(=O)oc12,CHEMBL2311221,DNA,INHIBITOR,DNA inhibitor,4
CHEMBL1585,PIPOBROMAN,O=C(CCBr)N1CCN(C(=O)CCBr)CC1,CHEMBL2311221,DNA,INHIBITOR,DNA inhibitor,4
CHEMBL105,MITOMYCIN,CO[C@@]12[C@H](COC(N)=O)C3=C(C(=O)C(C)=C(N)C3=O)N1C[C@@H]1N[C@@H]12,CHEMBL2311221,DNA,INHIBITOR,DNA inhibitor,4
CHEMBL810,TEMOZOLOMIDE,Cn1nnc2c(C(N)=O)ncn2c1=O,CHEMBL2311221,DNA,INHIBITOR,DNA inhibitor,4
CHEMBL1200863,MELPHALAN HYDROCHLORIDE,Cl.N[C@@H](Cc1ccc(N(CCCl)CCCl)cc1)C(=O)O,CHEMBL2311221,DNA,INHIBITOR,DNA inhibitor,4
CHEMBL1619,CLADRIBINE,Nc1nc(Cl)nc2c1ncn2[C@H]1C[C@H](O)[C@@H](CO)O1,CHEMBL2311221,DNA,INHIBITOR,DNA inhibitor,4
CHEMBL476,DACARBAZINE,CN(C)/N=N/c1[nH]cnc1C(N)=O,CHEMBL2311221,DNA,INHIBITOR,DNA inhibitor,4
CHEMBL1024,IFOSFAMIDE,O=P1(NCCCl)OCCCN1CCCl,CHEMBL2311221,DNA,INHIBITOR,DNA inhibitor,4
CHEMBL1200410,PROCARBAZINE HYDROCHLORIDE,CNNCc1ccc(C(=O)NC(C)C)cc1.Cl,CHEMBL2311221,DNA,INHIBITOR,DNA inhibitor,4
CHEMBL1475,TRIOXSALEN,Cc1cc2cc3c(C)cc(=O)oc3c(C)c2o1,CHEMBL2311221,DNA,INHIBITOR,DNA inhibitor,4
CHEMBL1489,AZACITIDINE,Nc1ncn([C@@H]2O[C@H](CO)[C@@H](O)[C@H]2O)c(=O)n1,CHEMBL2311221,DNA,INHIBITOR,DNA inhibitor,4
CHEMBL1542,AZATHIOPRINE,Cn1cnc([N+](=O)[O-])c1Sc1ncnc2[nH]cnc12,CHEMBL2311221,DNA,INHIBITOR,DNA inhibitor,4
CHEMBL1200475,DAUNORUBICIN CITRATE,COc1cccc2c1C(=O)c1c(O)c3c(c(O)c1C2=O)C[C@@](O)(C(C)=O)C[C@@H]3O[C@H]1C[C@H](N)[C@H](O)[C@H](C)O1.O=C(O)CC(O)(CC(=O)O)C(=O)O,CHEMBL2311221,DNA,INHIBITOR,DNA inhibitor,4
CHEMBL1563,DAUNORUBICIN HYDROCHLORIDE,COc1cccc2c1C(=O)c1c(O)c3c(c(O)c1C2=O)C[C@@](O)(C(C)=O)C[C@@H]3O[C@H]1C[C@H](N)[C@H](O)[C@H](C)O1.Cl,CHEMBL2311221,DNA,INHIBITOR,DNA inhibitor,4
CHEMBL359744,DOXORUBICIN HYDROCHLORIDE,COc1cccc2c1C(=O)c1c(O)c3c(c(O)c1C2=O)C[C@@](O)(C(=O)CO)C[C@@H]3O[C@H]1C[C@H](N)[C@H](O)[C@H](C)O1.Cl,CHEMBL2311221,DNA,INHIBITOR,DNA inhibitor,4
CHEMBL1750,CLOFARABINE,Nc1nc(Cl)nc2c1ncn2[C@@H]1O[C@H](CO)[C@@H](O)[C@@H]1F,CHEMBL2311221,DNA,INHIBITOR,DNA inhibitor,4
CHEMBL1201129,DECITABINE,Nc1ncn([C@H]2C[C@H](O)[C@@H](CO)O2)c(=O)n1,CHEMBL2311221,DNA,INHIBITOR,DNA inhibitor,4
CHEMBL1773,CAPECITABINE,CCCCCOC(=O)Nc1nc(=O)n([C@@H]2O[C@H](C)[C@@H](O)[C@H]2O)cc1F,CHEMBL2311221,DNA,INHIBITOR,DNA inhibitor,4
CHEMBL513,CARMUSTINE,O=NN(CCCl)C(=O)NCCCl,CHEMBL2311221,DNA,INHIBITOR,DNA inhibitor,4
CHEMBL803,CYTARABINE,Nc1ccn([C@@H]2O[C@H](CO)[C@@H](O)[C@@H]2O)c(=O)n1,CHEMBL2311221,DNA,INHIBITOR,DNA inhibitor,4
CHEMBL1200751,MERCAPTOPURINE,O.S=c1[nH]cnc2nc[nH]c12,CHEMBL2311221,DNA,INHIBITOR,DNA inhibitor,4
CHEMBL1417019,MITOXANTRONE HYDROCHLORIDE,Cl.Cl.O=C1c2c(O)ccc(O)c2C(=O)c2c(NCCNCCO)ccc(NCCNCCO)c21,CHEMBL2311221,DNA,INHIBITOR,DNA inhibitor,4
CHEMBL727,THIOGUANINE,Nc1nc2[nH]cnc2c(=S)[nH]1,CHEMBL2311221,DNA,INHIBITOR,DNA inhibitor,4
CHEMBL185,FLUOROURACIL,O=c1[nH]cc(F)c(=O)[nH]1,CHEMBL2311221,DNA,INHIBITOR,DNA inhibitor,4
CHEMBL1200976,IDARUBICIN HYDROCHLORIDE,CC(=O)[C@]1(O)Cc2c(O)c3c(c(O)c2[C@@H](O[C@H]2C[C@H](N)[C@H](O)[C@H](C)O2)C1)C(=O)c1ccccc1C3=O.Cl,CHEMBL2311221,DNA,INHIBITOR,DNA inhibitor,4
CHEMBL1096885,VALRUBICIN,CCCCC(=O)OCC(=O)[C@]1(O)Cc2c(O)c3c(c(O)c2[C@@H](O[C@H]2C[C@H](NC(=O)C(F)(F)F)[C@H](O)[C@H](C)O2)C1)C(=O)c1c(OC)cccc1C3=O,CHEMBL2311221,DNA,INHIBITOR,DNA inhibitor,4
CHEMBL1773,CAPECITABINE,CCCCCOC(=O)Nc1nc(=O)n([C@@H]2O[C@H](C)[C@@H](O)[C@H]2O)cc1F,CHEMBL2311222,RNA,INHIBITOR,RNA inhibitor,4
CHEMBL513,CARMUSTINE,O=NN(CCCl)C(=O)NCCCl,CHEMBL2311222,RNA,INHIBITOR,RNA inhibitor,4
CHEMBL803,CYTARABINE,Nc1ccn([C@@H]2O[C@H](CO)[C@@H](O)[C@@H]2O)c(=O)n1,CHEMBL2311222,RNA,INHIBITOR,RNA inhibitor,4
CHEMBL1489,AZACITIDINE,Nc1ncn([C@@H]2O[C@H](CO)[C@@H](O)[C@H]2O)c(=O)n1,CHEMBL2311222,RNA,INHIBITOR,RNA inhibitor,4
CHEMBL185,FLUOROURACIL,O=c1[nH]cc(F)c(=O)[nH]1,CHEMBL2311222,RNA,INHIBITOR,RNA inhibitor,4
CHEMBL1201761,BESIFLOXACIN HYDROCHLORIDE,Cl.N[C@@H]1CCCCN(c2c(F)cc3c(=O)c(C(=O)O)cn(C4CC4)c3c2Cl)C1,CHEMBL2311224,Bacterial DNA gyrase,INHIBITOR,Bacterial DNA gyrase inhibitor,4
CHEMBL1200498,ALATROFLOXACIN MESYLATE,CS(=O)(=O)O.C[C@H](N)C(=O)N[C@@H](C)C(=O)N[C@H]1[C@@H]2CN(c3nc4c(cc3F)c(=O)c(C(=O)O)cn4-c3ccc(F)cc3F)C[C@@H]21,CHEMBL2311224,Bacterial DNA gyrase,INHIBITOR,Bacterial DNA gyrase inhibitor,4
CHEMBL4,OFLOXACIN,CC1COc2c(N3CCN(C)CC3)c(F)cc3c(=O)c(C(=O)O)cn1c23,CHEMBL2311224,Bacterial DNA gyrase,INHIBITOR,Bacterial DNA gyrase inhibitor,4
CHEMBL1208,CINOXACIN,CCn1nc(C(=O)O)c(=O)c2cc3c(cc21)OCO3,CHEMBL2311224,Bacterial DNA gyrase,INHIBITOR,Bacterial DNA gyrase inhibitor,4
CHEMBL8,CIPROFLOXACIN,O=C(O)c1cn(C2CC2)c2cc(N3CCNCC3)c(F)cc2c1=O,CHEMBL2311224,Bacterial DNA gyrase,INHIBITOR,Bacterial DNA gyrase inhibitor,4
CHEMBL1202,CIPROFLOXACIN HYDROCHLORIDE,Cl.O=C(O)c1cn(C2CC2)c2cc(N3CCNCC3)c(F)cc2c1=O,CHEMBL2311224,Bacterial DNA gyrase,INHIBITOR,Bacterial DNA gyrase inhibitor,4
CHEMBL9,NORFLOXACIN,CCn1cc(C(=O)O)c(=O)c2cc(F)c(N3CCNCC3)cc21,CHEMBL2311224,Bacterial DNA gyrase,INHIBITOR,Bacterial DNA gyrase inhibitor,4
CHEMBL5,NALIDIXIC ACID,CCn1cc(C(=O)O)c(=O)c2ccc(C)nc21,CHEMBL2311224,Bacterial DNA gyrase,INHIBITOR,Bacterial DNA gyrase inhibitor,4
CHEMBL1200735,MOXIFLOXACIN HYDROCHLORIDE,COc1c(N2C[C@@H]3CCCN[C@@H]3C2)c(F)cc2c(=O)c(C(=O)O)cn(C3CC3)c12.Cl,CHEMBL2311224,Bacterial DNA gyrase,INHIBITOR,Bacterial DNA gyrase inhibitor,4
CHEMBL850,SPARFLOXACIN,C[C@@H]1CN(c2c(F)c(N)c3c(=O)c(C(=O)O)cn(C4CC4)c3c2F)C[C@H](C)N1,CHEMBL2311224,Bacterial DNA gyrase,INHIBITOR,Bacterial DNA gyrase inhibitor,4
CHEMBL1728,LOMEFLOXACIN HYDROCHLORIDE,CCn1cc(C(=O)O)c(=O)c2cc(F)c(N3CCNC(C)C3)c(F)c21.Cl,CHEMBL2311224,Bacterial DNA gyrase,INHIBITOR,Bacterial DNA gyrase inhibitor,4
CHEMBL5315124,LEVOFLOXACIN,C[C@H]1COc2c(N3CCN(C)CC3)c(F)cc3c(=O)c(C(=O)O)cn1c23.C[C@H]1COc2c(N3CCN(C)CC3)c(F)cc3c(=O)c(C(=O)O)cn1c23.O,CHEMBL2311225,DNA gyrase,INHIBITOR,DNA gyrase inhibitor,4
CHEMBL31,GATIFLOXACIN,COc1c(N2CCNC(C)C2)c(F)cc2c(=O)c(C(=O)O)cn(C3CC3)c12,CHEMBL2311225,DNA gyrase,INHIBITOR,DNA gyrase inhibitor,4
CHEMBL826,ENOXACIN,CCn1cc(C(=O)O)c(=O)c2cc(F)c(N3CCNCC3)nc21,CHEMBL2311244,DNA gyrase,INHIBITOR,DNA gyrase inhibitor,4
CHEMBL544665,FINGOLIMOD HYDROCHLORIDE,CCCCCCCCc1ccc(CCC(N)(CO)CO)cc1.Cl,CHEMBL2363041,Sphingosine 1-phosphate receptor,AGONIST,Sphingosine 1-phosphate receptor agonist,4
CHEMBL1750,CLOFARABINE,Nc1nc(Cl)nc2c1ncn2[C@@H]1O[C@H](CO)[C@@H](O)[C@@H]1F,CHEMBL2363042,DNA polymerase (alpha/delta/epsilon),INHIBITOR,DNA polymerase (alpha/delta/epsilon) inhibitor,4
CHEMBL803,CYTARABINE,Nc1ccn([C@@H]2O[C@H](CO)[C@@H](O)[C@@H]2O)c(=O)n1,CHEMBL2363042,DNA polymerase (alpha/delta/epsilon),INHIBITOR,DNA polymerase (alpha/delta/epsilon) inhibitor,4
CHEMBL1096882,FLUDARABINE PHOSPHATE,Nc1nc(F)nc2c1ncn2[C@@H]1O[C@H](COP(=O)(O)O)[C@@H](O)[C@@H]1O,CHEMBL2363042,DNA polymerase (alpha/delta/epsilon),INHIBITOR,DNA polymerase (alpha/delta/epsilon) inhibitor,4
CHEMBL1637,GEMCITABINE HYDROCHLORIDE,Cl.Nc1ccn([C@@H]2O[C@H](CO)[C@@H](O)C2(F)F)c(=O)n1,CHEMBL2363042,DNA polymerase (alpha/delta/epsilon),INHIBITOR,DNA polymerase (alpha/delta/epsilon) inhibitor,4
CHEMBL1059,PREGABALIN,CC(C)C[C@H](CN)CC(=O)O,CHEMBL2363032,Voltage-gated calcium channel,MODULATOR,Voltage-gated calcium channel modulator,4
CHEMBL940,GABAPENTIN,NCC1(CC(=O)O)CCCCC1,CHEMBL2363032,Voltage-gated calcium channel,MODULATOR,Voltage-gated calcium channel modulator,4
CHEMBL1628502,GABAPENTIN ENACARBIL,CC(OC(=O)NCC1(CC(=O)O)CCCCC1)OC(=O)C(C)C,CHEMBL2363032,Voltage-gated calcium channel,MODULATOR,Voltage-gated calcium channel modulator,4
CHEMBL5314362,ENTECAVIR,C=C1[C@H](CO)[C@@H](O)C[C@@H]1n1cnc2c(=O)[nH]c(N)nc21.O,CHEMBL2362994,DNA polymerase/reverse transcriptase,INHIBITOR,DNA polymerase/reverse transcriptase inhibitor,4
CHEMBL922,ADEFOVIR DIPIVOXIL,CC(C)(C)C(=O)OCOP(=O)(COCCn1cnc2c(N)ncnc21)OCOC(=O)C(C)(C)C,CHEMBL2362994,DNA polymerase/reverse transcriptase,INHIBITOR,DNA polymerase/reverse transcriptase inhibitor,4
CHEMBL374731,TELBIVUDINE,Cc1cn([C@@H]2C[C@@H](O)[C@H](CO)O2)c(=O)[nH]c1=O,CHEMBL2362994,DNA polymerase/reverse transcriptase,INHIBITOR,DNA polymerase/reverse transcriptase inhibitor,4
CHEMBL141,LAMIVUDINE,Nc1ccn([C@@H]2CS[C@H](CO)O2)c(=O)n1,CHEMBL2362994,DNA polymerase/reverse transcriptase,INHIBITOR,DNA polymerase/reverse transcriptase inhibitor,4
CHEMBL1292,CLOFAZIMINE,CC(C)/N=c1\cc2n(-c3ccc(Cl)cc3)c3ccccc3nc-2cc1Nc1ccc(Cl)cc1,CHEMBL2366041,DNA,INHIBITOR,DNA inhibitor,4
CHEMBL788,IDOXURIDINE,O=c1[nH]c(=O)n([C@H]2C[C@H](O)[C@@H](CO)O2)cc1I,CHEMBL2366042,DNA,INHIBITOR,DNA inhibitor,4
CHEMBL1129,TRIFLURIDINE,O=c1[nH]c(=O)n([C@H]2C[C@H](O)[C@@H](CO)O2)cc1C(F)(F)F,CHEMBL2366042,DNA,INHIBITOR,DNA inhibitor,4
CHEMBL1448,NICLOSAMIDE,O=C(Nc1ccc([N+](=O)[O-])cc1Cl)c1cc(Cl)ccc1O,CHEMBL2366043,DNA,INHIBITOR,DNA inhibitor,4
CHEMBL847,OXAMNIQUINE,CC(C)NCC1CCc2cc(CO)c([N+](=O)[O-])cc2N1,CHEMBL2366043,DNA,INHIBITOR,DNA inhibitor,4
CHEMBL1448,NICLOSAMIDE,O=C(Nc1ccc([N+](=O)[O-])cc1Cl)c1cc(Cl)ccc1O,CHEMBL2366044,DNA,INHIBITOR,DNA inhibitor,4
CHEMBL1220,TINIDAZOLE,CCS(=O)(=O)CCn1c([N+](=O)[O-])cnc1C,CHEMBL2366045,DNA,DISRUPTING AGENT,DNA disrupting agent,4
CHEMBL361506,PENTAMIDINE ISETHIONATE,N=C(N)c1ccc(OCCCCCOc2ccc(C(=N)N)cc2)cc1.O=S(=O)(O)CCO.O=S(=O)(O)CCO,CHEMBL2366046,DNA,INHIBITOR,DNA inhibitor,4
CHEMBL361506,PENTAMIDINE ISETHIONATE,N=C(N)c1ccc(OCCCCCOc2ccc(C(=N)N)cc2)cc1.O=S(=O)(O)CCO.O=S(=O)(O)CCO,CHEMBL2366047,Kinetoplast DNA,INHIBITOR,Kinetoplast DNA inhibitor,4
CHEMBL3183453,NOVOBIOCIN SODIUM,CO[C@@H]1[C@@H](OC(N)=O)[C@@H](O)[C@H](Oc2ccc3c([O-])c(NC(=O)c4ccc(O)c(CC=C(C)C)c4)c(=O)oc3c2C)OC1(C)C.[Na+],CHEMBL2331040,DNA gyrase,INHIBITOR,DNA gyrase inhibitor,4
CHEMBL1200733,DESFLURANE,FC(F)OC(F)C(F)(F)F,CHEMBL2331041,Potassium channel subfamily K member 10,OPENER,Potassium channel subfamily K member 10 opener,4
CHEMBL1200694,SEVOFLURANE,FCOC(C(F)(F)F)C(F)(F)F,CHEMBL2331041,Potassium channel subfamily K member 10,OPENER,Potassium channel subfamily K member 10 opener,4
CHEMBL1256,ISOFLURANE,FC(F)OC(Cl)C(F)(F)F,CHEMBL2331041,Potassium channel subfamily K member 10,OPENER,Potassium channel subfamily K member 10 opener,4
CHEMBL1200733,DESFLURANE,FC(F)OC(F)C(F)(F)F,CHEMBL2331042,Potassium channel subfamily K member 18,OPENER,Potassium channel subfamily K member 18 opener,4
CHEMBL1200694,SEVOFLURANE,FCOC(C(F)(F)F)C(F)(F)F,CHEMBL2331042,Potassium channel subfamily K member 18,OPENER,Potassium channel subfamily K member 18 opener,4
CHEMBL1256,ISOFLURANE,FC(F)OC(Cl)C(F)(F)F,CHEMBL2331042,Potassium channel subfamily K member 18,OPENER,Potassium channel subfamily K member 18 opener,4
CHEMBL1889140,ROPIVACAINE HYDROCHLORIDE,CCCN1CCCC[C@H]1C(=O)Nc1c(C)cccc1C.Cl,CHEMBL2331043,Sodium channel alpha subunit,BLOCKER,Sodium channel alpha subunit blocker,4
CHEMBL918,PHENACEMIDE,NC(=O)NC(=O)Cc1ccccc1,CHEMBL2331043,Sodium channel alpha subunit,BLOCKER,Sodium channel alpha subunit blocker,4
CHEMBL1200654,BENOXINATE HYDROCHLORIDE,CCCCOc1cc(C(=O)OCCN(CC)CC)ccc1N.Cl,CHEMBL2331043,Sodium channel alpha subunit,BLOCKER,Sodium channel alpha subunit blocker,4
CHEMBL944,CHLOROPROCAINE HYDROCHLORIDE,CCN(CC)CCOC(=O)c1ccc(N)cc1Cl.Cl,CHEMBL2331043,Sodium channel alpha subunit,BLOCKER,Sodium channel alpha subunit blocker,4
CHEMBL1200606,MEXILETINE HYDROCHLORIDE,Cc1cccc(C)c1OCC(C)N.Cl,CHEMBL2331043,Sodium channel alpha subunit,BLOCKER,Sodium channel alpha subunit blocker,4
CHEMBL744,RILUZOLE,Nc1nc2ccc(OC(F)(F)F)cc2s1,CHEMBL2331043,Sodium channel alpha subunit,BLOCKER,Sodium channel alpha subunit blocker,4
CHEMBL1201022,PHENAZOPYRIDINE HYDROCHLORIDE,Cl.Nc1ccc(/N=N/c2ccccc2)c(N)n1,CHEMBL2331043,Sodium channel alpha subunit,BLOCKER,Sodium channel alpha subunit blocker,4
CHEMBL1200437,QUINIDINE GLUCONATE,C=C[C@H]1CN2CC[C@H]1C[C@@H]2[C@@H](O)c1ccnc2ccc(OC)cc12.O=C(O)[C@H](O)[C@@H](O)[C@H](O)[C@H](O)CO,CHEMBL2331043,Sodium channel alpha subunit,BLOCKER,Sodium channel alpha subunit blocker,4
CHEMBL856,PRIMIDONE,CCC1(c2ccccc2)C(=O)NCNC1=O,CHEMBL2331043,Sodium channel alpha subunit,BLOCKER,Sodium channel alpha subunit blocker,4
CHEMBL1095,ETHOTOIN,CCN1C(=O)NC(c2ccccc2)C1=O,CHEMBL2331043,Sodium channel alpha subunit,BLOCKER,Sodium channel alpha subunit blocker,4
CHEMBL1201020,DISOPYRAMIDE PHOSPHATE,CC(C)N(CCC(C(N)=O)(c1ccccc1)c1ccccn1)C(C)C.O=P(O)(O)O,CHEMBL2331043,Sodium channel alpha subunit,BLOCKER,Sodium channel alpha subunit blocker,4
CHEMBL1201729,DRONEDARONE HYDROCHLORIDE,CCCCc1oc2ccc(NS(C)(=O)=O)cc2c1C(=O)c1ccc(OCCCN(CCCC)CCCC)cc1.Cl,CHEMBL2331043,Sodium channel alpha subunit,BLOCKER,Sodium channel alpha subunit blocker,4
CHEMBL3707183,QUINIDINE SULFATE,C=C[C@H]1CN2CC[C@H]1C[C@@H]2[C@@H](O)c1ccnc2ccc(OC)cc12.C=C[C@H]1CN2CC[C@H]1C[C@@H]2[C@@H](O)c1ccnc2ccc(OC)cc12.O.O.O=S(=O)(O)O,CHEMBL2331043,Sodium channel alpha subunit,BLOCKER,Sodium channel alpha subunit blocker,4
CHEMBL1194,PRILOCAINE,CCCNC(C)C(=O)Nc1ccccc1C,CHEMBL2331043,Sodium channel alpha subunit,BLOCKER,Sodium channel alpha subunit blocker,4
CHEMBL1611,PHENYTOIN SODIUM,O=C1N=C([O-])NC1(c1ccccc1)c1ccccc1.[Na+],CHEMBL2331043,Sodium channel alpha subunit,BLOCKER,Sodium channel alpha subunit blocker,4
CHEMBL220492,TOPIRAMATE,CC1(C)O[C@@H]2[C@@H](CO[C@@]3(COS(N)(=O)=O)OC(C)(C)O[C@@H]23)O1,CHEMBL2331043,Sodium channel alpha subunit,BLOCKER,Sodium channel alpha subunit blocker,4
CHEMBL1200841,PROCAINE HYDROCHLORIDE,CCN(CC)CCOC(=O)c1ccc(N)cc1.Cl,CHEMBL2331043,Sodium channel alpha subunit,BLOCKER,Sodium channel alpha subunit blocker,4
CHEMBL861,MEPHENYTOIN,CCC1(c2ccccc2)NC(=O)N(C)C1=O,CHEMBL2331043,Sodium channel alpha subunit,BLOCKER,Sodium channel alpha subunit blocker,4
CHEMBL108,CARBAMAZEPINE,NC(=O)N1c2ccccc2C=Cc2ccccc21,CHEMBL2331043,Sodium channel alpha subunit,BLOCKER,Sodium channel alpha subunit blocker,4
CHEMBL698,TETRACAINE,CCCCNc1ccc(C(=O)OCCN(C)C)cc1,CHEMBL2331043,Sodium channel alpha subunit,BLOCKER,Sodium channel alpha subunit blocker,4
CHEMBL58323,LACOSAMIDE,COC[C@@H](NC(C)=O)C(=O)NCc1ccccc1,CHEMBL2331043,Sodium channel alpha subunit,BLOCKER,Sodium channel alpha subunit blocker,4
CHEMBL1200440,MEPIVACAINE HYDROCHLORIDE,Cc1cccc(C)c1NC(=O)C1CCCCN1C.Cl,CHEMBL2331043,Sodium channel alpha subunit,BLOCKER,Sodium channel alpha subunit blocker,4
CHEMBL1201023,ORPHENADRINE HYDROCHLORIDE,Cc1ccccc1C(OCCN(C)C)c1ccccc1.Cl,CHEMBL2331043,Sodium channel alpha subunit,BLOCKER,Sodium channel alpha subunit blocker,4
CHEMBL1200395,ORPHENADRINE CITRATE,Cc1ccccc1C(OCCN(C)C)c1ccccc1.O=C(O)CC(O)(CC(=O)O)C(=O)O,CHEMBL2331043,Sodium channel alpha subunit,BLOCKER,Sodium channel alpha subunit blocker,4
CHEMBL605,PROCAINAMIDE HYDROCHLORIDE,CCN(CC)CCNC(=O)c1ccc(N)cc1.Cl,CHEMBL2331043,Sodium channel alpha subunit,BLOCKER,Sodium channel alpha subunit blocker,4
CHEMBL1201063,PROPAFENONE HYDROCHLORIDE,CCCNCC(O)COc1ccccc1C(=O)CCc1ccccc1.Cl,CHEMBL2331043,Sodium channel alpha subunit,BLOCKER,Sodium channel alpha subunit blocker,4
CHEMBL1201754,RUFINAMIDE,NC(=O)c1cn(Cc2c(F)cccc2F)nn1,CHEMBL2331043,Sodium channel alpha subunit,BLOCKER,Sodium channel alpha subunit blocker,4
CHEMBL1068,OXCARBAZEPINE,NC(=O)N1c2ccccc2CC(=O)c2ccccc21,CHEMBL2331043,Sodium channel alpha subunit,BLOCKER,Sodium channel alpha subunit blocker,4
CHEMBL16,PHENYTOIN,O=C1NC(=O)C(c2ccccc2)(c2ccccc2)N1,CHEMBL2331043,Sodium channel alpha subunit,BLOCKER,Sodium channel alpha subunit blocker,4
CHEMBL741,LAMOTRIGINE,Nc1nnc(-c2cccc(Cl)c2Cl)c(N)n1,CHEMBL2331043,Sodium channel alpha subunit,BLOCKER,Sodium channel alpha subunit blocker,4
CHEMBL79,LIDOCAINE,CCN(CC)CC(=O)Nc1c(C)cccc1C,CHEMBL2331043,Sodium channel alpha subunit,BLOCKER,Sodium channel alpha subunit blocker,4
CHEMBL1200409,LIDOCAINE HYDROCHLORIDE,CCN(CC)CC(=O)Nc1c(C)cccc1C.Cl.O,CHEMBL2331043,Sodium channel alpha subunit,BLOCKER,Sodium channel alpha subunit blocker,4
CHEMBL750,ZONISAMIDE,NS(=O)(=O)Cc1noc2ccccc12,CHEMBL2331043,Sodium channel alpha subunit,BLOCKER,Sodium channel alpha subunit blocker,4
CHEMBL1200323,LABETALOL HYDROCHLORIDE,CC(CCc1ccccc1)NCC(O)c1ccc(O)c(C(N)=O)c1.Cl,CHEMBL2331074,Adrenergic receptor,ANTAGONIST,Adrenergic receptor antagonist,4
CHEMBL1256958,EPINEPHRINE BITARTRATE,CNC[C@H](O)c1ccc(O)c(O)c1.O=C(O)C(O)C(O)C(=O)O,CHEMBL2331074,Adrenergic receptor,AGONIST,Adrenergic receptor agonist,4
CHEMBL679,EPINEPHRINE,CNC[C@H](O)c1ccc(O)c(O)c1,CHEMBL2331074,Adrenergic receptor,AGONIST,Adrenergic receptor agonist,4
CHEMBL1434513,NOREPINEPHRINE BITARTRATE,NC[C@H](O)c1ccc(O)c(O)c1.O.O=C(O)C(O)C(O)C(=O)O,CHEMBL2331074,Adrenergic receptor,AGONIST,Adrenergic receptor agonist,4
CHEMBL831,LOXAPINE,CN1CCN(C2=Nc3ccccc3Oc3ccc(Cl)cc32)CC1,CHEMBL2331075,D2-like dopamine receptor,ANTAGONIST,D2-like dopamine receptor antagonist,4
CHEMBL1200503,BROMOCRIPTINE MESYLATE,CC(C)C[C@H]1C(=O)N2CCC[C@H]2[C@]2(O)O[C@](NC(=O)[C@@H]3C=C4c5cccc6[nH]c(Br)c(c56)C[C@H]4N(C)C3)(C(C)C)C(=O)N12.CS(=O)(=O)O,CHEMBL2331075,D2-like dopamine receptor,AGONIST,D2-like dopamine receptor agonist,4
CHEMBL71,CHLORPROMAZINE,CN(C)CCCN1c2ccccc2Sc2ccc(Cl)cc21,CHEMBL2331075,D2-like dopamine receptor,ANTAGONIST,D2-like dopamine receptor antagonist,4
CHEMBL42,CLOZAPINE,CN1CCN(C2=Nc3cc(Cl)ccc3Nc3ccccc32)CC1,CHEMBL217,D(2) dopamine receptor,ANTAGONIST,Dopamine D2 receptor antagonist,4
CHEMBL3989694,OLANZAPINE PAMOATE,Cc1cc2c(s1)Nc1ccccc1N=C2N1CCN(C)CC1.O.O=C(O)c1cc2ccccc2c(Cc2c(O)c(C(=O)O)cc3ccccc23)c1O,CHEMBL2331075,D2-like dopamine receptor,ANTAGONIST,D2-like dopamine receptor antagonist,4
CHEMBL3182733,PRAMIPEXOLE DIHYDROCHLORIDE,CCCN[C@H]1CCc2nc(N)sc2C1.Cl.Cl.O,CHEMBL2331075,D2-like dopamine receptor,AGONIST,D2-like dopamine receptor agonist,4
CHEMBL1108,DROPERIDOL,O=C(CCCN1CC=C(n2c(=O)[nH]c3ccccc32)CC1)c1ccc(F)cc1,CHEMBL2331075,D2-like dopamine receptor,ANTAGONIST,D2-like dopamine receptor antagonist,4
CHEMBL85,RISPERIDONE,Cc1nc2n(c(=O)c1CCN1CCC(c3noc4cc(F)ccc34)CC1)CCCC2,CHEMBL217,D(2) dopamine receptor,ANTAGONIST,Dopamine D2 receptor antagonist,4
CHEMBL1201155,LOXAPINE SUCCINATE,CN1CCN(C2=Nc3ccccc3Oc3ccc(Cl)cc32)CC1.O=C(O)CCC(=O)O,CHEMBL2331075,D2-like dopamine receptor,ANTAGONIST,D2-like dopamine receptor antagonist,4
CHEMBL1200411,ROPINIROLE HYDROCHLORIDE,CCCN(CCC)CCc1cccc2c1CC(=O)N2.Cl,CHEMBL2331075,D2-like dopamine receptor,AGONIST,D2-like dopamine receptor agonist,4
CHEMBL1764,LEVOMEPROMAZINE,COc1ccc2c(c1)N(C[C@H](C)CN(C)C)c1ccccc1S2,CHEMBL2331075,D2-like dopamine receptor,ANTAGONIST,D2-like dopamine receptor antagonist,4
CHEMBL1200986,HALOPERIDOL DECANOATE,CCCCCCCCCC(=O)OC1(c2ccc(Cl)cc2)CCN(CCCC(=O)c2ccc(F)cc2)CC1,CHEMBL2331075,D2-like dopamine receptor,INVERSE AGONIST,D2-like dopamine receptor inverse agonist,4
CHEMBL479,THIORIDAZINE,CSc1ccc2c(c1)N(CCC1CCCCN1C)c1ccccc1S2,CHEMBL2331075,D2-like dopamine receptor,ANTAGONIST,D2-like dopamine receptor antagonist,4
CHEMBL3187985,APOMORPHINE HYDROCHLORIDE,CN1CCc2cccc3c2[C@H]1Cc1ccc(O)c(O)c1-3.CN1CCc2cccc3c2[C@H]1Cc1ccc(O)c(O)c1-3.Cl.Cl.O,CHEMBL2331075,D2-like dopamine receptor,AGONIST,D2-like dopamine receptor agonist,4
CHEMBL1615372,LURASIDONE HYDROCHLORIDE,Cl.O=C1[C@@H]2[C@H]3CC[C@H](C3)[C@@H]2C(=O)N1C[C@@H]1CCCC[C@H]1CN1CCN(c2nsc3ccccc23)CC1,CHEMBL217,D(2) dopamine receptor,ANTAGONIST,Dopamine D2 receptor antagonist,4
CHEMBL715,OLANZAPINE,Cc1cc2c(s1)Nc1ccccc1N=C2N1CCN(C)CC1,CHEMBL2331075,D2-like dopamine receptor,ANTAGONIST,D2-like dopamine receptor antagonist,4
CHEMBL3188993,QUETIAPINE FUMARATE,O=C(O)/C=C/C(=O)O.OCCOCCN1CCN(C2=Nc3ccccc3Sc3ccccc32)CC1.OCCOCCN1CCN(C2=Nc3ccccc3Sc3ccccc32)CC1,CHEMBL217,D(2) dopamine receptor,ANTAGONIST,Dopamine D2 receptor antagonist,4
CHEMBL1303,ROTIGOTINE,CCCN(CCc1cccs1)[C@H]1CCc2c(O)cccc2C1,CHEMBL2331075,D2-like dopamine receptor,AGONIST,D2-like dopamine receptor agonist,4
CHEMBL54,HALOPERIDOL,O=C(CCCN1CCC(O)(c2ccc(Cl)cc2)CC1)c1ccc(F)cc1,CHEMBL2331075,D2-like dopamine receptor,INVERSE AGONIST,D2-like dopamine receptor inverse agonist,4
CHEMBL4297147,HALOPERIDOL LACTATE,CC(O)C(=O)O.O=C(CCCN1CCC(O)(c2ccc(Cl)cc2)CC1)c1ccc(F)cc1,CHEMBL2331075,D2-like dopamine receptor,INVERSE AGONIST,D2-like dopamine receptor inverse agonist,4
CHEMBL1257040,TRIFLUOPERAZINE HYDROCHLORIDE,CN1CCN(CCCN2c3ccccc3Sc3ccc(C(F)(F)F)cc32)CC1.Cl.Cl,CHEMBL2331075,D2-like dopamine receptor,ANTAGONIST,D2-like dopamine receptor antagonist,4
CHEMBL1375743,ZIPRASIDONE HYDROCHLORIDE,Cl.O.O=C1Cc2cc(CCN3CCN(c4nsc5ccccc45)CC3)c(Cl)cc2N1,CHEMBL217,D(2) dopamine receptor,ANTAGONIST,Dopamine D2 receptor antagonist,4
CHEMBL3989833,ZIPRASIDONE MESYLATE,CS(=O)(=O)O.O.O.O.O=C1Cc2cc(CCN3CCN(c4nsc5ccccc45)CC3)c(Cl)cc2N1,CHEMBL217,D(2) dopamine receptor,ANTAGONIST,Dopamine D2 receptor antagonist,4
CHEMBL15891,LINDANE,Cl[C@H]1[C@H](Cl)[C@@H](Cl)[C@@H](Cl)[C@H](Cl)[C@H]1Cl,CHEMBL2364024,GABA-A receptor,NEGATIVE ALLOSTERIC MODULATOR,GABA-A receptor negative allosteric modulator,4
CHEMBL15891,LINDANE,Cl[C@H]1[C@H](Cl)[C@@H](Cl)[C@@H](Cl)[C@H](Cl)[C@H]1Cl,CHEMBL2364025,GABA-A receptor,NEGATIVE ALLOSTERIC MODULATOR,GABA-A receptor negative allosteric modulator,4
CHEMBL1401,NITAZOXANIDE,CC(=O)Oc1ccccc1C(=O)Nc1ncc([N+](=O)[O-])s1,CHEMBL2364026,Pyruvate dehydrogenase [NADP(+)],INHIBITOR,Pyruvate:ferredoxin oxidoreductase inhibitor,4
CHEMBL1401,NITAZOXANIDE,CC(=O)Oc1ccccc1C(=O)Nc1ncc([N+](=O)[O-])s1,CHEMBL2364027,Pyruvate:ferredoxin oxidoreductase,INHIBITOR,Pyruvate:ferredoxin oxidoreductase inhibitor,4
CHEMBL3833353,PRAMLINTIDE ACETATE,CC(=O)O.CC[C@H](C)[C@H](NC(=O)[C@@H]1CCCN1C(=O)CNC(=O)[C@H](Cc1ccccc1)NC(=O)[C@H](CC(N)=O)NC(=O)[C@H](CC(N)=O)NC(=O)[C@H](CO)NC(=O)[C@H](CO)NC(=O)[C@H](Cc1c[nH]cn1)NC(=O)[C@@H](NC(=O)[C@H](CC(C)C)NC(=O)[C@H](Cc1ccccc1)NC(=O)[C@H](CC(N)=O)NC(=O)[C@H](C)NC(=O)[C@H](CC(C)C)NC(=O)[C@H](CCCNC(=N)N)NC(=O)[C@H](CCC(N)=O)NC(=O)[C@@H](NC(=O)[C@H](C)NC(=O)[C@@H]1CSSC[C@H](NC(=O)[C@@H](N)CCCCN)C(=O)N[C@@H](CC(N)=O)C(=O)N[C@@H]([C@@H](C)O)C(=O)N[C@@H](C)C(=O)N[C@@H]([C@@H](C)O)C(=O)N1)[C@@H](C)O)C(C)C)C(=O)N[C@@H](CC(C)C)C(=O)N1CCC[C@H]1C(=O)N1CCC[C@H]1C(=O)N[C@H](C(=O)N[C@@H](CC(N)=O)C(=O)N[C@H](C(=O)NCC(=O)N[C@@H](CO)C(=O)N[C@@H](CC(N)=O)C(=O)N[C@H](C(=O)N[C@@H](Cc1ccc(O)cc1)C(N)=O)[C@@H](C)O)C(C)C)[C@@H](C)O,CHEMBL2364173,Amylin receptor AMY2; CALCR/RAMP2,AGONIST,Amylin receptor AMY2; CALCR/RAMP2 agonist,4
CHEMBL31,GATIFLOXACIN,COc1c(N2CCNC(C)C2)c(F)cc2c(=O)c(C(=O)O)cn(C3CC3)c12,CHEMBL2363033,Topoisomerase IV,INHIBITOR,Topoisomerase IV inhibitor,4
CHEMBL5315124,LEVOFLOXACIN,C[C@H]1COc2c(N3CCN(C)CC3)c(F)cc3c(=O)c(C(=O)O)cn1c23.C[C@H]1COc2c(N3CCN(C)CC3)c(F)cc3c(=O)c(C(=O)O)cn1c23.O,CHEMBL2363033,Topoisomerase IV,INHIBITOR,Topoisomerase IV inhibitor,4
CHEMBL1200733,DESFLURANE,FC(F)OC(F)C(F)(F)F,CHEMBL2321613,Potassium channel subfamily K member 3,OPENER,Potassium channel subfamily K member 3 opener,4
CHEMBL3989519,DOXAPRAM HYDROCHLORIDE,CCN1CC(CCN2CCOCC2)C(c2ccccc2)(c2ccccc2)C1=O.Cl.O,CHEMBL2321613,Potassium channel subfamily K member 3,BLOCKER,Potassium channel subfamily K member 3 blocker,4
CHEMBL1200694,SEVOFLURANE,FCOC(C(F)(F)F)C(F)(F)F,CHEMBL2321613,Potassium channel subfamily K member 3,OPENER,Potassium channel subfamily K member 3 opener,4
CHEMBL1256,ISOFLURANE,FC(F)OC(Cl)C(F)(F)F,CHEMBL2321613,Potassium channel subfamily K member 3,OPENER,Potassium channel subfamily K member 3 opener,4
CHEMBL1200733,DESFLURANE,FC(F)OC(F)C(F)(F)F,CHEMBL2321614,Potassium channel subfamily K member 9,OPENER,Potassium channel subfamily K member 9 opener,4
CHEMBL3989519,DOXAPRAM HYDROCHLORIDE,CCN1CC(CCN2CCOCC2)C(c2ccccc2)(c2ccccc2)C1=O.Cl.O,CHEMBL2321614,Potassium channel subfamily K member 9,BLOCKER,Potassium channel subfamily K member 9 blocker,4
CHEMBL1200694,SEVOFLURANE,FCOC(C(F)(F)F)C(F)(F)F,CHEMBL2321614,Potassium channel subfamily K member 9,OPENER,Potassium channel subfamily K member 9 opener,4
CHEMBL1256,ISOFLURANE,FC(F)OC(Cl)C(F)(F)F,CHEMBL2321614,Potassium channel subfamily K member 9,OPENER,Potassium channel subfamily K member 9 opener,4
CHEMBL1200733,DESFLURANE,FC(F)OC(F)C(F)(F)F,CHEMBL2321615,Potassium channel subfamily K member 2,OPENER,Potassium channel subfamily K member 2 opener,4
CHEMBL1200694,SEVOFLURANE,FCOC(C(F)(F)F)C(F)(F)F,CHEMBL2321615,Potassium channel subfamily K member 2,OPENER,Potassium channel subfamily K member 2 opener,4
CHEMBL1256,ISOFLURANE,FC(F)OC(Cl)C(F)(F)F,CHEMBL2321615,Potassium channel subfamily K member 2,OPENER,Potassium channel subfamily K member 2 opener,4
CHEMBL1255800,FIDAXOMICIN,CCc1c(Cl)c(O)c(Cl)c(O)c1C(=O)O[C@H]1[C@H](O)[C@H](OC)[C@H](OC/C2=C\C=C\C[C@H](O)/C(C)=C/[C@H](CC)[C@@H](O[C@@H]3OC(C)(C)[C@@H](OC(=O)C(C)C)[C@H](O)[C@@H]3O)/C(C)=C/C(C)=C/C[C@@H]([C@@H](C)O)OC2=O)O[C@@H]1C,CHEMBL2363852,DNA-directed RNA polymerase,INHIBITOR,DNA-directed RNA polymerase inhibitor,4
CHEMBL3989551,LINCOMYCIN HYDROCHLORIDE,CCC[C@@H]1C[C@@H](C(=O)N[C@@H]([C@H]2O[C@H](SC)[C@H](O)[C@@H](O)[C@H]2O)[C@@H](C)O)N(C)C1.Cl.O,CHEMBL2363853,70S ribosome,INHIBITOR,70S ribosome inhibitor,4
CHEMBL126,LINEZOLID,CC(=O)NC[C@H]1CN(c2ccc(N3CCOCC3)c(F)c2)C(=O)O1,CHEMBL2363135,Bacterial 70S ribosome,INHIBITOR,Bacterial 70S ribosome inhibitor,4
CHEMBL564085,TROLEANDOMYCIN,CO[C@H]1C[C@H](O[C@H]2[C@H](C)[C@@H](O[C@@H]3O[C@H](C)C[C@H](N(C)C)[C@H]3OC(C)=O)[C@@H](C)C[C@@]3(CO3)C(=O)[C@H](C)[C@@H](OC(C)=O)[C@@H](C)[C@@H](C)OC(=O)[C@@H]2C)O[C@@H](C)[C@@H]1OC(C)=O,CHEMBL2363853,70S ribosome,INHIBITOR,70S ribosome inhibitor,4
CHEMBL2218913,CAPREOMYCIN SULFATE,C[C@@H]1NC(=O)[C@@H](N)CNC(=O)[C@H](C2CCNC(=N)N2)NC(=O)/C(=C/NC(N)=O)NC(=O)[C@H](CNC(=O)CC(N)CCCN)NC1=O.N=C1NCCC([C@@H]2NC(=O)/C(=C/NC(N)=O)NC(=O)[C@H](CNC(=O)CC(N)CCCN)NC(=O)[C@H](CO)NC(=O)[C@@H](N)CNC2=O)N1.O=S(=O)(O)O.O=S(=O)(O)O,CHEMBL2363965,70S ribosome,INHIBITOR,70S ribosome inhibitor,4
CHEMBL614,PYRAZINAMIDE,NC(=O)c1cnccn1,CHEMBL2363965,70S ribosome,INHIBITOR,70S ribosome inhibitor,4
CHEMBL3989564,TOBRAMYCIN SULFATE,NC[C@H]1O[C@H](O[C@H]2[C@H](O)[C@@H](O[C@H]3O[C@H](CO)[C@@H](O)[C@H](N)[C@H]3O)[C@H](N)C[C@@H]2N)[C@H](N)C[C@@H]1O.NC[C@H]1O[C@H](O[C@H]2[C@H](O)[C@@H](O[C@H]3O[C@H](CO)[C@@H](O)[C@H](N)[C@H]3O)[C@H](N)C[C@@H]2N)[C@H](N)C[C@@H]1O.O=S(=O)(O)O.O=S(=O)(O)O.O=S(=O)(O)O.O=S(=O)(O)O.O=S(=O)(O)O,CHEMBL2364022,70S ribosome,INHIBITOR,70S ribosome inhibitor,4
CHEMBL1747,TOBRAMYCIN,NC[C@H]1O[C@H](O[C@H]2[C@H](O)[C@@H](O[C@H]3O[C@H](CO)[C@@H](O)[C@H](N)[C@H]3O)[C@H](N)C[C@@H]2N)[C@H](N)C[C@@H]1O,CHEMBL2364022,70S ribosome,INHIBITOR,70S ribosome inhibitor,4
CHEMBL502097,MIPOMERSEN SODIUM,COCCO[C@@H]1[C@H](SP(=O)([O-])OC[C@H]2O[C@@H](n3cc(C)c(=O)[nH]c3=O)[C@H](OCCOC)[C@@H]2SP(=O)([O-])OC[C@H]2O[C@@H](n3cc(C)c(N)nc3=O)[C@H](OCCOC)[C@@H]2SP(=O)([O-])OC[C@H]2O[C@@H](n3cnc4c(N)ncnc43)C[C@@H]2SP(=O)([O-])OC[C@H]2O[C@@H](n3cnc4c(=O)[nH]c(N)nc43)C[C@@H]2SP(=O)([O-])OC[C@H]2O[C@@H](n3cc(C)c(=O)[nH]c3=O)C[C@@H]2SP(=O)([O-])OC[C@H]2O[C@@H](n3cc(C)c(N)nc3=O)C[C@@H]2SP(=O)([O-])OC[C@H]2O[C@@H](n3cc(C)c(=O)[nH]c3=O)C[C@@H]2SP(=O)([O-])OC[C@H]2O[C@@H](n3cnc4c(=O)[nH]c(N)nc43)C[C@@H]2SP(=O)([O-])OC[C@H]2O[C@@H](n3cc(C)c(N)nc3=O)C[C@@H]2SP(=O)([O-])OC[C@H]2O[C@@H](n3cc(C)c(=O)[nH]c3=O)C[C@@H]2SP(=O)([O-])OC[C@H]2O[C@@H](n3cc(C)c(=O)[nH]c3=O)C[C@@H]2SP(=O)([O-])OC[C@H]2O[C@@H](n3cc(C)c(N)nc3=O)C[C@@H]2SP(=O)([O-])OC[C@H]2O[C@@H](n3cnc4c(=O)[nH]c(N)nc43)[C@H](OCCOC)[C@@H]2SP(=O)([O-])OC[C@@H]2O[C@H](n3cc(C)c(N)nc3=O)[C@@H](OCCOC)[C@H]2SP(=O)([O-])OC[C@@H]2O[C@H](n3cnc4c(N)ncnc43)[C@@H](OCCOC)[C@H]2SP(=O)([O-])OC[C@@H]2O[C@H](n3cc(C)c(N)nc3=O)[C@@H](OCCOC)[C@H]2SP(=O)([O-])OC[C@@H]2O[C@H](n3cc(C)c(N)nc3=O)[C@@H](OCCOC)[C@H]2O)[C@@H](COP(=O)([O-])S[C@H]2[C@@H](OCCOC)[C@H](n3cc(C)c(N)nc3=O)O[C@@H]2COP(=O)([O-])S[C@H]2[C@@H](OCCOC)[C@H](n3cnc4c(=O)[nH]c(N)nc43)O[C@@H]2CO)O[C@H]1n1cc(C)c(N)nc1=O.[Na+].[Na+].[Na+].[Na+].[Na+].[Na+].[Na+].[Na+].[Na+].[Na+].[Na+].[Na+].[Na+].[Na+].[Na+].[Na+].[Na+].[Na+].[Na+],CHEMBL2364185,Apo-B 100 mRNA,ANTISENSE INHIBITOR,Apo-B 100 mRNA antisense inhibitor,4
CHEMBL797,PHENSUXIMIDE,CN1C(=O)CC(c2ccccc2)C1=O,CHEMBL2362995,Voltage-gated T-type calcium channel,BLOCKER,Voltage-gated T-type calcium channel blocker,4
CHEMBL1100,PARAMETHADIONE,CCC1(C)OC(=O)N(C)C1=O,CHEMBL2362995,Voltage-gated T-type calcium channel,BLOCKER,Voltage-gated T-type calcium channel blocker,4
CHEMBL697,METHSUXIMIDE,CN1C(=O)CC(C)(c2ccccc2)C1=O,CHEMBL2362995,Voltage-gated T-type calcium channel,BLOCKER,Voltage-gated T-type calcium channel blocker,4
CHEMBL696,ETHOSUXIMIDE,CCC1(C)CC(=O)NC1=O,CHEMBL2362995,Voltage-gated T-type calcium channel,BLOCKER,Voltage-gated T-type calcium channel blocker,4
CHEMBL695,TRIMETHADIONE,CN1C(=O)OC(C)(C)C1=O,CHEMBL2362995,Voltage-gated T-type calcium channel,BLOCKER,Voltage-gated T-type calcium channel blocker,4
CHEMBL284348,DALFAMPRIDINE,Nc1ccncc1,CHEMBL2362996,Voltage-gated potassium channel,BLOCKER,Voltage-gated potassium channel blocker,4
CHEMBL1200728,GUANIDINE HYDROCHLORIDE,Cl.N=C(N)N,CHEMBL2362996,Voltage-gated potassium channel,BLOCKER,Voltage-gated potassium channel blocker,4
CHEMBL1200582,AMINOLEVULINIC ACID HYDROCHLORIDE,Cl.NCC(=O)CCC(=O)O,CHEMBL2311221,DNA,INHIBITOR,DNA inhibitor,4
CHEMBL1746,SODIUM PHENYLBUTYRATE,O=C([O-])CCCc1ccccc1.[Na+],CHEMBL2366039,Glutamine,SEQUESTERING AGENT,Glutamine sequestering agent,4
CHEMBL3989507,EDETATE DISODIUM,O.O.O=C([O-])CN(CCN(CC(=O)[O-])CC(=O)O)CC(=O)O.[Na+].[Na+],CHEMBL2364030,Calcium,CHELATING AGENT,Calcium chelating agent,4
CHEMBL1200358,SODIUM PHENYLACETATE,O=C([O-])Cc1ccccc1.[Na+],CHEMBL2366039,Glutamine,SEQUESTERING AGENT,Glutamine sequestering agent,4
CHEMBL1413,CICLOPIROX,Cc1cc(C2CCCCC2)n(O)c(=O)c1,CHEMBL2363058,Iron,CHELATING AGENT,Iron chelating agent,4
CHEMBL1201093,METHYL AMINOLEVULINATE HYDROCHLORIDE,COC(=O)CCC(=O)CN.Cl,CHEMBL2311221,DNA,INHIBITOR,DNA inhibitor,4
CHEMBL1413,CICLOPIROX,Cc1cc(C2CCCCC2)n(O)c(=O)c1,CHEMBL2366381,Aluminium,CHELATING AGENT,Aluminium chelating agent,4
CHEMBL1200721,ESTRAMUSTINE PHOSPHATE SODIUM,C[C@]12CC[C@@H]3c4ccc(OC(=O)N(CCCl)CCCl)cc4CC[C@H]3[C@@H]1CC[C@@H]2OP(=O)([O-])[O-].[Na+].[Na+],CHEMBL2311221,DNA,INHIBITOR,DNA inhibitor,4
CHEMBL112,ACETAMINOPHEN,CC(=O)Nc1ccc(O)cc1,CHEMBL2243,Fatty-acid amide hydrolase 1,INHIBITOR,Anandamide amidohydrolase inhibitor,4
CHEMBL112,ACETAMINOPHEN,CC(=O)Nc1ccc(O)cc1,CHEMBL4794,Transient receptor potential cation channel subfamily V member 1,OPENER,Vanilloid receptor opener,4
CHEMBL2105712,AFATINIB DIMALEATE,CN(C)C/C=C/C(=O)Nc1cc2c(Nc3ccc(F)c(Cl)c3)ncnc2cc1O[C@H]1CCOC1.O=C(O)/C=C\C(=O)O.O=C(O)/C=C\C(=O)O,CHEMBL203,Epidermal growth factor receptor,INHIBITOR,Epidermal growth factor receptor erbB1 inhibitor,4
CHEMBL1213165,DOLUTEGRAVIR SODIUM,C[C@@H]1CCO[C@H]2Cn3cc(C(=O)NCc4ccc(F)cc4F)c(=O)c([O-])c3C(=O)N12.[Na+],CHEMBL3471,Human immunodeficiency virus type 1 integrase,INHIBITOR,Human immunodeficiency virus type 1 integrase inhibitor,4
CHEMBL2107387,VORTIOXETINE HYDROBROMIDE,Br.Cc1ccc(Sc2ccccc2N2CCNCC2)c(C)c1,CHEMBL214,5-hydroxytryptamine receptor 1A,AGONIST,Serotonin 1a (5-HT1a) receptor agonist,4
CHEMBL2107387,VORTIOXETINE HYDROBROMIDE,Br.Cc1ccc(Sc2ccccc2N2CCNCC2)c(C)c1,CHEMBL228,Sodium-dependent serotonin transporter,INHIBITOR,Serotonin transporter inhibitor,4
CHEMBL2107387,VORTIOXETINE HYDROBROMIDE,Br.Cc1ccc(Sc2ccccc2N2CCNCC2)c(C)c1,CHEMBL1899,5-hydroxytryptamine receptor 3A,ANTAGONIST,Serotonin 3a (5-HT3a) receptor antagonist,4
CHEMBL2107834,RIOCIGUAT,COC(=O)N(C)c1c(N)nc(-c2nn(Cc3ccccc3F)c3ncccc23)nc1N,CHEMBL2111348,Soluble guanylate cyclase,POSITIVE ALLOSTERIC MODULATOR,Soluble guanylate cyclase positive allosteric modulator,4
CHEMBL2103873,MACITENTAN,CCCNS(=O)(=O)Nc1ncnc(OCCOc2ncc(Br)cn2)c1-c1ccc(Br)cc1,CHEMBL2096678,"Endothelin receptor, ET-A/ET-B",ANTAGONIST,"Endothelin receptor, ET-A/ET-B antagonist",4
CHEMBL1873475,IBRUTINIB,C=CC(=O)N1CCC[C@@H](n2nc(-c3ccc(Oc4ccccc4)cc3)c3c(N)ncnc32)C1,CHEMBL5251,Tyrosine-protein kinase BTK,INHIBITOR,Tyrosine-protein kinase BTK inhibitor,4
CHEMBL3137358,SIMEPREVIR SODIUM,COc1ccc2c(O[C@@H]3C[C@H]4C(=O)N[C@]5(C(=O)[N-]S(=O)(=O)C6CC6)C[C@H]5/C=C\CCCCN(C)C(=O)[C@@H]4C3)cc(-c3nc(C(C)C)cs3)nc2c1C.[Na+],CHEMBL2095231,"Hepatitis C virus serine protease, NS3/NS4A",INHIBITOR,"Hepatitis C virus serine protease, NS3/NS4A inhibitor",4
CHEMBL87992,ESLICARBAZEPINE ACETATE,CC(=O)O[C@H]1Cc2ccccc2N(C(N)=O)c2ccccc21,CHEMBL2331043,Sodium channel alpha subunit,BLOCKER,Sodium channel alpha subunit blocker,4
CHEMBL2105689,LULICONAZOLE,N#C/C(=C1/SC[C@@H](c2ccc(Cl)cc2Cl)S1)n1ccnc1,CHEMBL1780,Lanosterol 14-alpha demethylase,INHIBITOR,Cytochrome P450 51 inhibitor,4
CHEMBL523299,UMECLIDINIUM BROMIDE,OC(c1ccccc1)(c1ccccc1)C12CC[N+](CCOCc3ccccc3)(CC1)CC2.[Br-],CHEMBL245,Muscarinic acetylcholine receptor M3,ANTAGONIST,Muscarinic acetylcholine receptor M3 antagonist,4
CHEMBL1259059,SOFOSBUVIR,CC(C)OC(=O)[C@H](C)N[P@](=O)(OC[C@H]1O[C@@H](n2ccc(=O)[nH]c2=O)[C@](C)(F)[C@@H]1O)Oc1ccccc1,CHEMBL4296320,RNA-directed RNA polymerase,INHIBITOR,RNA-directed RNA polymerase inhibitor,4
CHEMBL2106615,BAZEDOXIFENE ACETATE,CC(=O)O.Cc1c(-c2ccc(O)cc2)n(Cc2ccc(OCCN3CCCCCC3)cc2)c2ccc(O)cc12,CHEMBL2093866,Estrogen receptor,MODULATOR,Estrogen receptor modulator,4
CHEMBL3989861,DESVENLAFAXINE FUMARATE,CN(C)CC(c1ccc(O)cc1)C1(O)CCCCC1.O.O=C(O)/C=C/C(=O)O,CHEMBL228,Sodium-dependent serotonin transporter,INHIBITOR,Serotonin transporter inhibitor,4
CHEMBL3989861,DESVENLAFAXINE FUMARATE,CN(C)CC(c1ccc(O)cc1)C1(O)CCCCC1.O.O=C(O)/C=C/C(=O)O,CHEMBL222,Sodium-dependent noradrenaline transporter,INHIBITOR,Norepinephrine transporter inhibitor,4
CHEMBL2146140,ESOMEPRAZOLE STRONTIUM,COc1ccc2[n-]c([S@@+]([O-])Cc3ncc(C)c(OC)c3C)nc2c1.COc1ccc2[n-]c([S@@+]([O-])Cc3ncc(C)c(OC)c3C)nc2c1.O.O.O.O.[Sr+2],CHEMBL2095173,Potassium-transporting ATPase,INHIBITOR,Potassium-transporting ATPase inhibitor,4
CHEMBL2105732,LEVOMILNACIPRAN HYDROCHLORIDE,CCN(CC)C(=O)[C@@]1(c2ccccc2)C[C@H]1CN.Cl,CHEMBL228,Sodium-dependent serotonin transporter,INHIBITOR,Serotonin transporter inhibitor,4
CHEMBL2105732,LEVOMILNACIPRAN HYDROCHLORIDE,CCN(CC)C(=O)[C@@]1(c2ccccc2)C[C@H]1CN.Cl,CHEMBL222,Sodium-dependent noradrenaline transporter,INHIBITOR,Norepinephrine transporter inhibitor,4
CHEMBL139,DICLOFENAC,O=C(O)Cc1ccccc1Nc1c(Cl)cccc1Cl,CHEMBL2094253,Cyclooxygenase,INHIBITOR,Cyclooxygenase inhibitor,4
CHEMBL34259,METHOTREXATE,CN(Cc1cnc2nc(N)nc(N)c2n1)c1ccc(C(=O)N[C@@H](CCC(=O)O)C(=O)O)cc1,CHEMBL202,Dihydrofolate reductase,INHIBITOR,Dihydrofolate reductase inhibitor,4
CHEMBL2105712,AFATINIB DIMALEATE,CN(C)C/C=C/C(=O)Nc1cc2c(Nc3ccc(F)c(Cl)c3)ncnc2cc1O[C@H]1CCOC1.O=C(O)/C=C\C(=O)O.O=C(O)/C=C\C(=O)O,CHEMBL1824,Receptor tyrosine-protein kinase erbB-2,INHIBITOR,Receptor protein-tyrosine kinase erbB-2 inhibitor,4
CHEMBL2105712,AFATINIB DIMALEATE,CN(C)C/C=C/C(=O)Nc1cc2c(Nc3ccc(F)c(Cl)c3)ncnc2cc1O[C@H]1CCOC1.O=C(O)/C=C\C(=O)O.O=C(O)/C=C\C(=O)O,CHEMBL3009,Receptor tyrosine-protein kinase erbB-4,INHIBITOR,Receptor protein-tyrosine kinase erbB-4 inhibitor,4
CHEMBL932,DIPYRIDAMOLE,OCCN(CCO)c1nc(N2CCCCC2)c2nc(N(CCO)CCO)nc(N3CCCCC3)c2n1,CHEMBL2363066,"3',5'-cyclic phosphodiesterase",INHIBITOR,"3',5'-cyclic phosphodiesterase inhibitor",4
CHEMBL1200628,VANCOMYCIN HYDROCHLORIDE,CN[C@H](CC(C)C)C(=O)N[C@H]1C(=O)N[C@@H](CC(N)=O)C(=O)N[C@H]2C(=O)N[C@H]3C(=O)N[C@H](C(=O)N[C@H](C(=O)O)c4cc(O)cc(O)c4-c4cc3ccc4O)[C@H](O)c3ccc(c(Cl)c3)Oc3cc2cc(c3O[C@@H]2O[C@H](CO)[C@@H](O)[C@H](O)[C@H]2O[C@H]2C[C@](C)(N)[C@H](O)[C@H](C)O2)Oc2ccc(cc2Cl)[C@H]1O.Cl,CHEMBL3041361,Peptidoglycan,INHIBITOR,Peptidoglycan inhibitor,4
CHEMBL514800,APREMILAST,CCOc1cc([C@@H](CS(C)(=O)=O)N2C(=O)c3cccc(NC(C)=O)c3C2=O)ccc1OC,CHEMBL2093863,Phosphodiesterase 4,INHIBITOR,Phosphodiesterase 4 inhibitor,4
CHEMBL2103827,DROXIDOPA,N[C@H](C(=O)O)[C@H](O)c1ccc(O)c(O)c1,CHEMBL2331074,Adrenergic receptor,AGONIST,Adrenergic receptor agonist,4
CHEMBL2103822,TASIMELTEON,CCC(=O)NC[C@@H]1C[C@H]1c1cccc2c1CCO2,CHEMBL2094268,Melatonin receptor,AGONIST,Melatonin receptor agonist,4
CHEMBL2107067,TESTOSTERONE UNDECANOATE,CCCCCCCCCCC(=O)O[C@H]1CC[C@H]2[C@@H]3CCC4=CC(=O)CC[C@]4(C)[C@H]3CC[C@]12C,CHEMBL1871,Androgen receptor,AGONIST,Androgen Receptor agonist,4
CHEMBL408513,BELINOSTAT,O=C(/C=C/c1cccc(S(=O)(=O)Nc2ccccc2)c1)NO,CHEMBL2093865,Histone deacetylase,INHIBITOR,Histone deacetylase inhibitor,4
CHEMBL3989766,ORITAVANCIN DIPHOSPHATE,CN[C@H](CC(C)C)C(=O)N[C@H]1C(=O)N[C@@H](CC(N)=O)C(=O)N[C@H]2C(=O)N[C@H]3C(=O)N[C@H](C(=O)N[C@H](C(=O)O)c4cc(O)cc(O)c4-c4cc3ccc4O)[C@H](O[C@H]3C[C@](C)(N)[C@@H](O)[C@H](C)O3)c3ccc(c(Cl)c3)Oc3cc2cc(c3O[C@@H]2O[C@H](CO)[C@@H](O)[C@H](O)[C@H]2O[C@H]2C[C@](C)(NCc3ccc(-c4ccc(Cl)cc4)cc3)[C@@H](O)[C@H](C)O2)Oc2ccc(cc2Cl)[C@H]1O.O=P(O)(O)O.O=P(O)(O)O,CHEMBL3041361,Peptidoglycan,INHIBITOR,Peptidoglycan inhibitor,4
CHEMBL2105743,OLODATEROL HYDROCHLORIDE,COc1ccc(CC(C)(C)NC[C@H](O)c2cc(O)cc3c2OCC(=O)N3)cc1.Cl,CHEMBL210,Beta-2 adrenergic receptor,AGONIST,Beta-2 adrenergic receptor agonist,4
CHEMBL2105669,TEDIZOLID PHOSPHATE,Cn1nnc(-c2ccc(-c3ccc(N4C[C@H](COP(=O)(O)O)OC4=O)cc3F)cn2)n1,CHEMBL2363135,Bacterial 70S ribosome,INHIBITOR,Bacterial 70S ribosome inhibitor,4
CHEMBL2103877,EFINACONAZOLE,C=C1CCN([C@H](C)[C@](O)(Cn2cncn2)c2ccc(F)cc2F)CC1,CHEMBL3307221,Lanosterol 14-alpha demethylase,INHIBITOR,Lanosterol 14-alpha demethylase inhibitor,4
CHEMBL1083659,SUVOREXANT,Cc1ccc(-n2nccn2)c(C(=O)N2CCN(c3nc4cc(Cl)ccc4o3)CC[C@H]2C)c1,CHEMBL3307226,Orexin receptor,ANTAGONIST,Orexin receptor antagonist,4
CHEMBL3301650,DALBAVANCIN HYDROCHLORIDE,CN[C@H]1C(=O)N[C@@H]2Cc3ccc(cc3)Oc3cc4cc(c3O[C@@H]3O[C@H](C(=O)O)[C@@H](O)[C@H](O)[C@H]3NC(=O)CCCCCCCCC(C)C)Oc3ccc(cc3Cl)[C@@H](O)[C@@H]3NC(=O)[C@H](NC(=O)[C@@H]4NC(=O)[C@@H](NC2=O)c2cc(cc(O)c2Cl)Oc2cc1ccc2O)c1ccc(O)c(c1)-c1c(O[C@H]2O[C@H](CO)[C@@H](O)[C@H](O)[C@@H]2O)cc(O)cc1[C@@H](C(=O)NCCCN(C)C)NC3=O.Cl,CHEMBL3041361,Peptidoglycan,INHIBITOR,Peptidoglycan inhibitor,4
CHEMBL2107386,VORAPAXAR SULFATE,CCOC(=O)N[C@@H]1CC[C@@H]2[C@@H](C1)C[C@H]1C(=O)O[C@H](C)[C@H]1[C@H]2/C=C/c1ccc(-c2cccc(F)c2)cn1.O=S(=O)(O)O,CHEMBL3974,Proteinase-activated receptor 1,ANTAGONIST,Proteinase-activated receptor 1 antagonist,4
CHEMBL2107830,EMPAGLIFLOZIN,OC[C@H]1O[C@@H](c2ccc(Cl)c(Cc3ccc(O[C@H]4CCOC4)cc3)c2)[C@H](O)[C@@H](O)[C@@H]1O,CHEMBL3884,Sodium/glucose cotransporter 2,INHIBITOR,Sodium/glucose cotransporter 2 inhibitor,4
CHEMBL443052,TAVABOROLE,OB1OCc2cc(F)ccc21,CHEMBL3307222,Leucine-tRNA ligase,INHIBITOR,Leucine-tRNA ligase inhibitor,4
CHEMBL2403108,CERITINIB,Cc1cc(Nc2ncc(Cl)c(Nc3ccccc3S(=O)(=O)C(C)C)n2)c(OC(C)C)cc1C1CCNCC1,CHEMBL4247,ALK tyrosine kinase receptor,INHIBITOR,ALK tyrosine kinase receptor inhibitor,4
CHEMBL2107815,TREPROSTINIL DIOLAMINE,CCCCC[C@H](O)CC[C@@H]1[C@H]2Cc3cccc(OCC(=O)O)c3C[C@H]2C[C@H]1O.OCCNCCO,CHEMBL1995,Prostacyclin receptor,AGONIST,Prostanoid IP receptor agonist,4
CHEMBL373742,VASOPRESSIN,N=C(N)NCCC[C@H](NC(=O)[C@@H]1CCCN1C(=O)[C@@H]1CSSC[C@H](N)C(=O)N[C@@H](Cc2ccc(O)cc2)C(=O)N[C@@H](Cc2ccccc2)C(=O)N[C@@H](CCC(N)=O)C(=O)N[C@@H](CC(N)=O)C(=O)N1)C(=O)NCC(N)=O,CHEMBL2363078,Vasopressin receptor,AGONIST,Vasopressin receptor agonist,4
CHEMBL2216870,IDELALISIB,CC[C@H](Nc1ncnc2[nH]cnc12)c1nc2cccc(F)c2c(=O)n1-c1ccccc1,CHEMBL3130,"Phosphatidylinositol 4,5-bisphosphate 3-kinase catalytic subunit delta isoform",INHIBITOR,PI3-kinase p110-delta subunit inhibitor,4
CHEMBL5723563,ELIGLUSTAT TARTRATE,CCCCCCCC(=O)N[C@H](CN1CCCC1)[C@H](O)c1ccc2c(c1)OCCO2.CCCCCCCC(=O)N[C@H](CN1CCCC1)[C@H](O)c1ccc2c(c1)OCCO2.O=C(O)[C@H](O)[C@@H](O)C(=O)O,CHEMBL2063,Ceramide glucosyltransferase,INHIBITOR,Ceramide glucosyltransferase inhibitor,4
CHEMBL3039504,NINTEDANIB ESYLATE,CCS(=O)(=O)O.COC(=O)c1ccc2c(c1)NC(=O)/C2=C(\Nc1ccc(N(C)C(=O)CN2CCN(C)CC2)cc1)c1ccccc1,CHEMBL2095189,Platelet-derived growth factor receptor,INHIBITOR,Platelet-derived growth factor receptor inhibitor,4
CHEMBL3039504,NINTEDANIB ESYLATE,CCS(=O)(=O)O.COC(=O)c1ccc2c(c1)NC(=O)/C2=C(\Nc1ccc(N(C)C(=O)CN2CCN(C)CC2)cc1)c1ccccc1,CHEMBL2095227,Vascular endothelial growth factor receptor,INHIBITOR,Vascular endothelial growth factor receptor inhibitor,4
CHEMBL3039504,NINTEDANIB ESYLATE,CCS(=O)(=O)O.COC(=O)c1ccc2c(c1)NC(=O)/C2=C(\Nc1ccc(N(C)C(=O)CN2CCN(C)CC2)cc1)c1ccccc1,CHEMBL2095217,Fibroblast growth factor receptor,INHIBITOR,Fibroblast growth factor receptor inhibitor,4
CHEMBL2219416,NALOXEGOL OXALATE,C=CCN1CC[C@]23c4c5ccc(O)c4O[C@H]2[C@@H](OCCOCCOCCOCCOCCOCCOCCOC)CC[C@@]3(O)[C@H]1C5.O=C(O)C(=O)O,CHEMBL233,Mu-type opioid receptor,ANTAGONIST,Mu opioid receptor antagonist,4
CHEMBL2374220,LEDIPASVIR,COC(=O)N[C@H](C(=O)N1CC2(CC2)C[C@H]1c1nc(-c2ccc3c(c2)C(F)(F)c2cc(-c4ccc5[nH]c([C@@H]6[C@H]7CC[C@H](C7)N6C(=O)[C@@H](NC(=O)OC)C(C)C)nc5c4)ccc2-3)c[nH]1)C(C)C,CHEMBL3307224,Nonstructural protein 5A,INHIBITOR,Nonstructural protein 5A inhibitor,4
CHEMBL206253,NETUPITANT,Cc1ccccc1-c1cc(N2CCN(C)CC2)ncc1N(C)C(=O)C(C)(C)c1cc(C(F)(F)F)cc(C(F)(F)F)c1,CHEMBL249,Substance-P receptor,ANTAGONIST,Neurokinin 1 receptor antagonist,4
CHEMBL2145077,IVABRADINE HYDROCHLORIDE,COc1cc2c(cc1OC)CC(=O)N(CCCN(C)C[C@H]1Cc3cc(OC)c(OC)cc31)CC2.Cl,CHEMBL1250417,Potassium/sodium hyperpolarization-activated cyclic nucleotide-gated channel 4,BLOCKER,Potassium/sodium hyperpolarization-activated cyclic nucleotide-gated channel 4 blocker,4
CHEMBL2105704,LENVATINIB MESYLATE,COc1cc2nccc(Oc3ccc(NC(=O)NC4CC4)c(Cl)c3)c2cc1C(N)=O.CS(=O)(=O)O,CHEMBL2095227,Vascular endothelial growth factor receptor,INHIBITOR,Vascular endothelial growth factor receptor inhibitor,4
CHEMBL2159122,ELUXADOLINE,COc1ccc(CN(C(=O)[C@@H](N)Cc2c(C)cc(C(N)=O)cc2C)[C@@H](C)c2ncc(-c3ccccc3)[nH]2)cc1C(=O)O,CHEMBL233,Mu-type opioid receptor,AGONIST,Mu opioid receptor agonist,4
CHEMBL189963,PALBOCICLIB,CC(=O)c1c(C)c2cnc(Nc3ccc(N4CCNCC4)cn3)nc2n(C2CCCC2)c1=O,CHEMBL2111455,CDK6/cyclin D1,INHIBITOR,CDK6/cyclin D1 inhibitor,4
CHEMBL189963,PALBOCICLIB,CC(=O)c1c(C)c2cnc(Nc3ccc(N4CCNCC4)cn3)nc2n(C2CCCC2)c1=O,CHEMBL1907601,Cyclin-dependent kinase 4/cyclin D1,INHIBITOR,Cyclin-dependent kinase 4/cyclin D1 inhibitor,4
CHEMBL2105682,EDOXABAN TOSYLATE,CN1CCc2nc(C(=O)N[C@@H]3C[C@@H](C(=O)N(C)C)CC[C@@H]3NC(=O)C(=O)Nc3ccc(Cl)cn3)sc2C1.Cc1ccc(S(=O)(=O)O)cc1,CHEMBL244,Coagulation factor X,INHIBITOR,Coagulation factor X inhibitor,4
CHEMBL521686,OLAPARIB,O=C(c1cc(Cc2n[nH]c(=O)c3ccccc23)ccc1F)N1CCN(C(=O)C2CC2)CC1,CHEMBL3390820,"PARP 1, 2 and 3",INHIBITOR,"PARP 1, 2 and 3 inhibitor",4
CHEMBL2107817,AVIBACTAM SODIUM,NC(=O)[C@@H]1CC[C@@H]2CN1C(=O)N2OS(=O)(=O)[O-].[Na+],CHEMBL2364670,Beta-lactamase TEM,INHIBITOR,Bacterial beta-lactamase TEM inhibitor,4
CHEMBL3127326,OMBITASVIR,COC(=O)N[C@H](C(=O)N1CCC[C@H]1C(=O)Nc1ccc([C@@H]2CC[C@@H](c3ccc(NC(=O)[C@@H]4CCCN4C(=O)[C@@H](NC(=O)OC)C(C)C)cc3)N2c2ccc(C(C)(C)C)cc2)cc1)C(C)C,CHEMBL3307224,Nonstructural protein 5A,INHIBITOR,Nonstructural protein 5A inhibitor,4
CHEMBL3137333,ISAVUCONAZONIUM SULFATE,CNCC(=O)OCc1cccnc1N(C)C(=O)OC(C)[n+]1cnn(C[C@](O)(c2cc(F)ccc2F)[C@@H](C)c2nc(-c3ccc(C#N)cc3)cs2)c1.O=S(=O)([O-])O,CHEMBL3390824,Lanosterol 14-alpha demethylase,INHIBITOR,Lanosterol 14-alpha demethylase inhibitor,4
CHEMBL3137333,ISAVUCONAZONIUM SULFATE,CNCC(=O)OCc1cccnc1N(C)C(=O)OC(C)[n+]1cnn(C[C@](O)(c2cc(F)ccc2F)[C@@H](C)c2nc(-c3ccc(C#N)cc3)cs2)c1.O=S(=O)([O-])O,CHEMBL3390825,Lanosterol 14-alpha demethylase,INHIBITOR,Lanosterol 14-alpha demethylase inhibitor,4
CHEMBL3989402,PERAMIVIR,CCC(CC)[C@H](NC(C)=O)[C@@H]1[C@H](O)[C@@H](C(=O)O)C[C@H]1NC(=N)N.O.O.O,CHEMBL3377,Neuraminidase,INHIBITOR,Neuraminidase inhibitor,4
CHEMBL3989402,PERAMIVIR,CCC(CC)[C@H](NC(C)=O)[C@@H]1[C@H](O)[C@@H](C(=O)O)C[C@H]1NC(=N)N.O.O.O,CHEMBL2051,Neuraminidase,INHIBITOR,Neuraminidase inhibitor,4
CHEMBL1908370,FINAFLOXACIN,N#Cc1c(N2C[C@@H]3NCCO[C@H]3C2)c(F)cc2c(=O)c(C(=O)O)cn(C3CC3)c12,CHEMBL3038508,Topoisomerase IV,INHIBITOR,Topoisomerase IV inhibitor,4
CHEMBL1908370,FINAFLOXACIN,N#Cc1c(N2C[C@@H]3NCCO[C@H]3C2)c(F)cc2c(=O)c(C(=O)O)cn(C3CC3)c12,CHEMBL3390827,Topoisomerase IV,INHIBITOR,Topoisomerase IV inhibitor,4
CHEMBL1908370,FINAFLOXACIN,N#Cc1c(N2C[C@@H]3NCCO[C@H]3C2)c(F)cc2c(=O)c(C(=O)O)cn(C3CC3)c12,CHEMBL3038482,DNA gyrase,INHIBITOR,DNA gyrase inhibitor,4
CHEMBL1908370,FINAFLOXACIN,N#Cc1c(N2C[C@@H]3NCCO[C@H]3C2)c(F)cc2c(=O)c(C(=O)O)cn(C3CC3)c12,CHEMBL3390828,DNA gyrase,INHIBITOR,DNA gyrase inhibitor,4
CHEMBL3545368,PANOBINOSTAT LACTATE,CC(O)C(=O)O.Cc1[nH]c2ccccc2c1CCNCc1ccc(/C=C/C(=O)NO)cc1,CHEMBL2093865,Histone deacetylase,INHIBITOR,Histone deacetylase inhibitor,4
CHEMBL3544985,DASABUVIR SODIUM MONOHYDRATE,COc1c(-c2ccc3cc(NS(C)(=O)=O)ccc3c2)cc(-n2ccc(=O)[n-]c2=O)cc1C(C)(C)C.O.[Na+],CHEMBL4296320,RNA-directed RNA polymerase,INHIBITOR,RNA-directed RNA polymerase inhibitor,4
CHEMBL1097279,CANGRELOR TETRASODIUM,CSCCNc1nc(SCCC(F)(F)F)nc2c1ncn2[C@@H]1O[C@H](COP(=O)([O-])OP(=O)([O-])C(Cl)(Cl)P(=O)([O-])[O-])[C@@H](O)[C@H]1O.[Na+].[Na+].[Na+].[Na+],CHEMBL2001,P2Y purinoceptor 12,ANTAGONIST,Purinergic receptor P2Y12 antagonist,4
CHEMBL2103870,LUMACAFTOR,Cc1ccc(NC(=O)C2(c3ccc4c(c3)OC(F)(F)O4)CC2)nc1-c1cccc(C(=O)O)c1,CHEMBL4051,Cystic fibrosis transmembrane conductance regulator,STABILISER,Cystic fibrosis transmembrane conductance regulator stabiliser,4
CHEMBL3137301,SACUBITRIL,CCOC(=O)[C@H](C)C[C@@H](Cc1ccc(-c2ccccc2)cc1)NC(=O)CCC(=O)O,CHEMBL1944,Neprilysin,INHIBITOR,Neprilysin inhibitor,4
CHEMBL2105760,BREXPIPRAZOLE,O=c1ccc2ccc(OCCCCN3CCN(c4cccc5sccc45)CC3)cc2[nH]1,CHEMBL217,D(2) dopamine receptor,PARTIAL AGONIST,Dopamine D2 receptor partial agonist,4
CHEMBL2105760,BREXPIPRAZOLE,O=c1ccc2ccc(OCCCCN3CCN(c4cccc5sccc45)CC3)cc2[nH]1,CHEMBL214,5-hydroxytryptamine receptor 1A,PARTIAL AGONIST,Serotonin 1a (5-HT1a) receptor partial agonist,4
CHEMBL2105760,BREXPIPRAZOLE,O=c1ccc2ccc(OCCCCN3CCN(c4cccc5sccc45)CC3)cc2[nH]1,CHEMBL224,5-hydroxytryptamine receptor 2A,ANTAGONIST,Serotonin 2a (5-HT2a) receptor antagonist,4
CHEMBL406393,DEOXYCHOLIC ACID,C[C@H](CCC(=O)O)[C@H]1CC[C@H]2[C@@H]3CC[C@@H]4C[C@H](O)CC[C@]4(C)[C@H]3C[C@H](O)[C@]12C,CHEMBL3390826,Cell membrane,DISRUPTING AGENT,Cell membrane disrupting agent,4
CHEMBL1213250,CEFTOLOZANE SULFATE,Cn1c(N)c(NC(=O)NCCN)c[n+]1CC1=C(C(=O)O)N2C(=O)[C@@H](NC(=O)/C(=N\OC(C)(C)C(=O)[O-])c3nsc(N)n3)[C@H]2SC1.O=S(=O)(O)O,CHEMBL2354204,Bacterial penicillin-binding protein,INHIBITOR,Bacterial penicillin-binding protein inhibitor,4
CHEMBL1200800,CALCIUM ACETATE,CC(=O)[O-].CC(=O)[O-].[Ca+2],CHEMBL2364184,Phosphate,SEQUESTERING AGENT,Phosphate sequestering agent,4
CHEMBL296419,ASTEMIZOLE,COc1ccc(CCN2CCC(Nc3nc4ccccc4n3Cc3ccc(F)cc3)CC2)cc1,CHEMBL231,Histamine H1 receptor,ANTAGONIST,Histamine H1 receptor antagonist,4
CHEMBL3391662,PARITAPREVIR,Cc1cnc(C(=O)N[C@H]2CCCCC/C=C\[C@@H]3C[C@@]3(C(=O)NS(=O)(=O)C3CC3)NC(=O)[C@@H]3C[C@@H](Oc4nc5ccccc5c5ccccc45)CN3C2=O)cn1,CHEMBL2095231,"Hepatitis C virus serine protease, NS3/NS4A",INHIBITOR,"Hepatitis C virus serine protease, NS3/NS4A inhibitor",4
CHEMBL547,ISOTRETINOIN,CC1=C(/C=C/C(C)=C/C=C/C(C)=C\C(=O)O)C(C)(C)CCC1,CHEMBL2363069,Retinoic acid receptor,AGONIST,Retinoic acid receptor agonist,4
CHEMBL1201729,DRONEDARONE HYDROCHLORIDE,CCCCc1oc2ccc(NS(C)(=O)=O)cc2c1C(=O)c1ccc(OCCCN(CCCC)CCCC)cc1.Cl,CHEMBL1914276,Inward rectifier potassium channel 2,BLOCKER,Inward rectifier potassium channel 2 blocker,4
CHEMBL1201729,DRONEDARONE HYDROCHLORIDE,CCCCc1oc2ccc(NS(C)(=O)=O)cc2c1C(=O)c1ccc(OCCCN(CCCC)CCCC)cc1.Cl,CHEMBL1250417,Potassium/sodium hyperpolarization-activated cyclic nucleotide-gated channel 4,BLOCKER,Potassium/sodium hyperpolarization-activated cyclic nucleotide-gated channel 4 blocker,4
CHEMBL1200330,PILOCARPINE HYDROCHLORIDE,CC[C@@H]1C(=O)OC[C@@H]1Cc1cncn1C.Cl,CHEMBL216,Muscarinic acetylcholine receptor M1,AGONIST,Muscarinic acetylcholine receptor M1 agonist,4
CHEMBL550,PILOCARPINE,CC[C@@H]1C(=O)OC[C@@H]1Cc1cncn1C,CHEMBL216,Muscarinic acetylcholine receptor M1,AGONIST,Muscarinic acetylcholine receptor M1 agonist,4
CHEMBL1703,METFORMIN HYDROCHLORIDE,CN(C)C(=N)NC(=N)N.Cl,CHEMBL3391681,"Glycerol-3-phosphate dehydrogenase, mitochondrial",INHIBITOR,Mitochondrial glycerol-3-phosphate dehydrogenase inhibitor,4
CHEMBL1200467,HYDROXYZINE PAMOATE,O=C(O)c1cc2ccccc2c(Cc2c(O)c(C(=O)O)cc3ccccc23)c1O.OCCOCCN1CCN(C(c2ccccc2)c2ccc(Cl)cc2)CC1,CHEMBL231,Histamine H1 receptor,ANTAGONIST,Histamine H1 receptor antagonist,4
CHEMBL1200434,OXTRIPHYLLINE,C[N+](C)(C)CCO.Cn1c(=O)c2[n-]cnc2n(C)c1=O,CHEMBL2093863,Phosphodiesterase 4,INHIBITOR,Phosphodiesterase 4 inhibitor,4
CHEMBL1200434,OXTRIPHYLLINE,C[N+](C)(C)CCO.Cn1c(=O)c2[n-]cnc2n(C)c1=O,CHEMBL2094125,Phosphodiesterase 3,INHIBITOR,Phosphodiesterase 3 inhibitor,4
CHEMBL1200434,OXTRIPHYLLINE,C[N+](C)(C)CCO.Cn1c(=O)c2[n-]cnc2n(C)c1=O,CHEMBL2111329,Adenosine receptor,ANTAGONIST,Adenosine receptor antagonist,4
CHEMBL2303621,DACLATASVIR DIHYDROCHLORIDE,COC(=O)N[C@H](C(=O)N1CCC[C@H]1c1ncc(-c2ccc(-c3ccc(-c4cnc([C@@H]5CCCN5C(=O)[C@@H](NC(=O)OC)C(C)C)[nH]4)cc3)cc2)[nH]1)C(C)C.Cl.Cl,CHEMBL3307224,Nonstructural protein 5A,INHIBITOR,Nonstructural protein 5A inhibitor,4
CHEMBL2103802,DAPAGLIFLOZIN PROPANEDIOL,CCOc1ccc(Cc2cc([C@@H]3O[C@H](CO)[C@@H](O)[C@H](O)[C@H]3O)ccc2Cl)cc1.C[C@H](O)CO.O,CHEMBL3884,Sodium/glucose cotransporter 2,INHIBITOR,Sodium/glucose cotransporter 2 inhibitor,4
CHEMBL5314382,PASIREOTIDE PAMOATE,NCCCC[C@@H]1NC(=O)[C@@H](Cc2c[nH]c3ccccc23)NC(=O)[C@H](c2ccccc2)NC(=O)[C@@H]2C[C@@H](OC(=O)NCCN)CN2C(=O)[C@H](Cc2ccccc2)NC(=O)[C@H](Cc2ccc(OCc3ccccc3)cc2)NC1=O.O=C(O)c1cc2ccccc2c(Cc2c(O)c(C(=O)O)cc3ccccc23)c1O,CHEMBL2028,Somatostatin receptor type 3,AGONIST,Somatostatin receptor 3 agonist,4
CHEMBL5314382,PASIREOTIDE PAMOATE,NCCCC[C@@H]1NC(=O)[C@@H](Cc2c[nH]c3ccccc23)NC(=O)[C@H](c2ccccc2)NC(=O)[C@@H]2C[C@@H](OC(=O)NCCN)CN2C(=O)[C@H](Cc2ccccc2)NC(=O)[C@H](Cc2ccc(OCc3ccccc3)cc2)NC1=O.O=C(O)c1cc2ccccc2c(Cc2c(O)c(C(=O)O)cc3ccccc23)c1O,CHEMBL1792,Somatostatin receptor type 5,AGONIST,Somatostatin receptor 5 agonist,4
CHEMBL5314382,PASIREOTIDE PAMOATE,NCCCC[C@@H]1NC(=O)[C@@H](Cc2c[nH]c3ccccc23)NC(=O)[C@H](c2ccccc2)NC(=O)[C@@H]2C[C@@H](OC(=O)NCCN)CN2C(=O)[C@H](Cc2ccccc2)NC(=O)[C@H](Cc2ccc(OCc3ccccc3)cc2)NC1=O.O=C(O)c1cc2ccccc2c(Cc2c(O)c(C(=O)O)cc3ccccc23)c1O,CHEMBL1804,Somatostatin receptor type 2,AGONIST,Somatostatin receptor 2 agonist,4
CHEMBL5314382,PASIREOTIDE PAMOATE,NCCCC[C@@H]1NC(=O)[C@@H](Cc2c[nH]c3ccccc23)NC(=O)[C@H](c2ccccc2)NC(=O)[C@@H]2C[C@@H](OC(=O)NCCN)CN2C(=O)[C@H](Cc2ccccc2)NC(=O)[C@H](Cc2ccc(OCc3ccccc3)cc2)NC1=O.O=C(O)c1cc2ccccc2c(Cc2c(O)c(C(=O)O)cc3ccccc23)c1O,CHEMBL1917,Somatostatin receptor type 1,AGONIST,Somatostatin receptor 1 agonist,4
CHEMBL3544986,PERINDOPRIL ARGININE,CCC[C@H](N[C@@H](C)C(=O)N1[C@H](C(=O)O)C[C@@H]2CCCC[C@@H]21)C(=O)OCC.N=C(N)NCCC[C@H](N)C(=O)O,CHEMBL1808,Angiotensin-converting enzyme,INHIBITOR,Angiotensin-converting enzyme inhibitor,4
CHEMBL3137317,SONIDEGIB PHOSPHATE,Cc1c(C(=O)Nc2ccc(N3C[C@@H](C)O[C@@H](C)C3)nc2)cccc1-c1ccc(OC(F)(F)F)cc1.O=P(O)(O)O.O=P(O)(O)O,CHEMBL5971,Protein smoothened,INHIBITOR,Smoothened homolog inhibitor,4
CHEMBL2024517,CARIPRAZINE HYDROCHLORIDE,CN(C)C(=O)N[C@H]1CC[C@H](CCN2CCN(c3cccc(Cl)c3Cl)CC2)CC1.Cl,CHEMBL234,D(3) dopamine receptor,MODULATOR,Dopamine D3 receptor modulator,4
CHEMBL2024517,CARIPRAZINE HYDROCHLORIDE,CN(C)C(=O)N[C@H]1CC[C@H](CCN2CCN(c3cccc(Cl)c3Cl)CC2)CC1.Cl,CHEMBL217,D(2) dopamine receptor,MODULATOR,Dopamine D2 receptor modulator,4
CHEMBL3707330,ROLAPITANT HYDROCHLORIDE,C[C@@H](OC[C@@]1(c2ccccc2)CC[C@]2(CCC(=O)N2)CN1)c1cc(C(F)(F)F)cc(C(F)(F)F)c1.Cl.O,CHEMBL249,Substance-P receptor,ANTAGONIST,Neurokinin 1 receptor antagonist,4
CHEMBL65375,TIPIRACIL HYDROCHLORIDE,Cl.N=C1CCCN1Cc1[nH]c(=O)[nH]c(=O)c1Cl,CHEMBL3106,Thymidine phosphorylase,INHIBITOR,Thymidine phosphorylase inhibitor,4
CHEMBL2219425,ARIPIPRAZOLE LAUROXIL,CCCCCCCCCCCC(=O)OCN1C(=O)CCc2ccc(OCCCCN3CCN(c4cccc(Cl)c4Cl)CC3)cc21,CHEMBL217,D(2) dopamine receptor,PARTIAL AGONIST,Dopamine D2 receptor partial agonist,4
CHEMBL2219425,ARIPIPRAZOLE LAUROXIL,CCCCCCCCCCCC(=O)OCN1C(=O)CCc2ccc(OCCCCN3CCN(c4cccc(Cl)c4Cl)CC3)cc21,CHEMBL224,5-hydroxytryptamine receptor 2A,ANTAGONIST,Serotonin 2a (5-HT2a) receptor antagonist,4
CHEMBL2219425,ARIPIPRAZOLE LAUROXIL,CCCCCCCCCCCC(=O)OCN1C(=O)CCc2ccc(OCCCCN3CCN(c4cccc(Cl)c4Cl)CC3)cc21,CHEMBL214,5-hydroxytryptamine receptor 1A,PARTIAL AGONIST,Serotonin 1a (5-HT1a) receptor partial agonist,4
CHEMBL450449,TRABECTEDIN,COc1cc2c(cc1O)CCN[C@]21CS[C@@H]2c3c(OC(C)=O)c(C)c4c(c3[C@H](COC1=O)N1[C@@H]2[C@H]2c3c(cc(C)c(OC)c3O)C[C@@H]([C@@H]1O)N2C)OCO4,CHEMBL2311221,DNA,INHIBITOR,DNA inhibitor,4
CHEMBL2364637,TENOFOVIR ALAFENAMIDE FUMARATE,CC(C)OC(=O)[C@H](C)N[P@](=O)(CO[C@H](C)Cn1cnc2c(N)ncnc21)Oc1ccccc1.CC(C)OC(=O)[C@H](C)N[P@](=O)(CO[C@H](C)Cn1cnc2c(N)ncnc21)Oc1ccccc1.O=C(O)/C=C/C(=O)O,CHEMBL247,Human immunodeficiency virus type 1 reverse transcriptase,INHIBITOR,Human immunodeficiency virus type 1 reverse transcriptase inhibitor,4
CHEMBL2364607,COBIMETINIB FUMARATE,O=C(O)/C=C/C(=O)O.O=C(c1ccc(F)c(F)c1Nc1ccc(I)cc1F)N1CC(O)([C@@H]2CCCCN2)C1.O=C(c1ccc(F)c(F)c1Nc1ccc(I)cc1F)N1CC(O)([C@@H]2CCCCN2)C1,CHEMBL3587,Dual specificity mitogen-activated protein kinase kinase 1,INHIBITOR,Dual specificity mitogen-activated protein kinase kinase 1 inhibitor,4
CHEMBL2364607,COBIMETINIB FUMARATE,O=C(O)/C=C/C(=O)O.O=C(c1ccc(F)c(F)c1Nc1ccc(I)cc1F)N1CC(O)([C@@H]2CCCCN2)C1.O=C(c1ccc(F)c(F)c1Nc1ccc(I)cc1F)N1CC(O)([C@@H]2CCCCN2)C1,CHEMBL2964,Dual specificity mitogen-activated protein kinase kinase 2,INHIBITOR,Dual specificity mitogen-activated protein kinase kinase 2 inhibitor,4
CHEMBL3545063,OSIMERTINIB MESYLATE,C=CC(=O)Nc1cc(Nc2nccc(-c3cn(C)c4ccccc34)n2)c(OC)cc1N(C)CCN(C)C.CS(=O)(=O)O,CHEMBL203,Epidermal growth factor receptor,INHIBITOR,Epidermal growth factor receptor erbB1 inhibitor,4
CHEMBL3545432,IXAZOMIB CITRATE,CC(C)C[C@H](NC(=O)CNC(=O)c1cc(Cl)ccc1Cl)B1OC(=O)C(CC(=O)O)(CC(=O)O)O1,CHEMBL2364701,26S proteasome,INHIBITOR,26S proteasome inhibitor,4
CHEMBL3707320,ALECTINIB HYDROCHLORIDE,CCc1cc2c(cc1N1CCC(N3CCOCC3)CC1)C(C)(C)c1[nH]c3cc(C#N)ccc3c1C2=O.Cl,CHEMBL4247,ALK tyrosine kinase receptor,INHIBITOR,ALK tyrosine kinase receptor inhibitor,4
CHEMBL3707320,ALECTINIB HYDROCHLORIDE,CCc1cc2c(cc1N1CCC(N3CCOCC3)CC1)C(C)(C)c1[nH]c3cc(C#N)ccc3c1C2=O.Cl,CHEMBL2041,Proto-oncogene tyrosine-protein kinase receptor Ret,INHIBITOR,Tyrosine-protein kinase receptor RET inhibitor,4
CHEMBL2107374,SUGAMMADEX SODIUM,O=C([O-])CCSC[C@H]1O[C@@H]2O[C@H]3[C@H](O)[C@@H](O)[C@@H](O[C@H]4[C@H](O)[C@@H](O)[C@@H](O[C@H]5[C@H](O)[C@@H](O)[C@@H](O[C@H]6[C@H](O)[C@@H](O)[C@@H](O[C@H]7[C@H](O)[C@@H](O)[C@@H](O[C@H]8[C@H](O)[C@@H](O)[C@@H](O[C@H]9[C@H](O)C(O)[C@@H](O[C@H]1[C@H](O)[C@H]2O)O[C@@H]9CSCCC(=O)[O-])O[C@@H]8CSCCC(=O)[O-])O[C@@H]7CSCCC(=O)[O-])O[C@@H]6CSCCC(=O)[O-])O[C@@H]5CSCCC(=O)[O-])O[C@@H]4CSCCC(=O)[O-])O[C@@H]3CSCCC(=O)[O-].[Na+].[Na+].[Na+].[Na+].[Na+].[Na+].[Na+].[Na+],CHEMBL3559390,Rocuronium,SEQUESTERING AGENT,Rocuronium sequestering agent,4
CHEMBL2107374,SUGAMMADEX SODIUM,O=C([O-])CCSC[C@H]1O[C@@H]2O[C@H]3[C@H](O)[C@@H](O)[C@@H](O[C@H]4[C@H](O)[C@@H](O)[C@@H](O[C@H]5[C@H](O)[C@@H](O)[C@@H](O[C@H]6[C@H](O)[C@@H](O)[C@@H](O[C@H]7[C@H](O)[C@@H](O)[C@@H](O[C@H]8[C@H](O)[C@@H](O)[C@@H](O[C@H]9[C@H](O)C(O)[C@@H](O[C@H]1[C@H](O)[C@H]2O)O[C@@H]9CSCCC(=O)[O-])O[C@@H]8CSCCC(=O)[O-])O[C@@H]7CSCCC(=O)[O-])O[C@@H]6CSCCC(=O)[O-])O[C@@H]5CSCCC(=O)[O-])O[C@@H]4CSCCC(=O)[O-])O[C@@H]3CSCCC(=O)[O-].[Na+].[Na+].[Na+].[Na+].[Na+].[Na+].[Na+].[Na+],CHEMBL3559391,Vecuronium,SEQUESTERING AGENT,Vecuronium sequestering agent,4
CHEMBL238804,SELEXIPAG,CC(C)N(CCCCOCC(=O)NS(C)(=O)=O)c1cnc(-c2ccccc2)c(-c2ccccc2)n1,CHEMBL1995,Prostacyclin receptor,AGONIST,Prostanoid IP receptor agonist,4
CHEMBL2105720,LESINURAD,O=C(O)CSc1nnc(Br)n1-c1ccc(C2CC2)c2ccccc12,CHEMBL6120,Solute carrier family 22 member 12,INHIBITOR,Solute carrier family 22 member 12 inhibitor,4
CHEMBL52885,ENMD-981693,Cn1cc(C2=C(c3cn(C)c4cc([N+](=O)[O-])ccc34)C(=O)NC2=O)c2ccccc21,CHEMBL4722,Aurora kinase A,INHIBITOR,Serine/threonine-protein kinase Aurora-A inhibitor,2
CHEMBL52885,ENMD-981693,Cn1cc(C2=C(c3cn(C)c4cc([N+](=O)[O-])ccc34)C(=O)NC2=O)c2ccccc21,CHEMBL1974,Receptor-type tyrosine-protein kinase FLT3,INHIBITOR,Tyrosine-protein kinase receptor FLT3 inhibitor,2
CHEMBL52885,ENMD-981693,Cn1cc(C2=C(c3cn(C)c4cc([N+](=O)[O-])ccc34)C(=O)NC2=O)c2ccccc21,CHEMBL2363074,SRC,INHIBITOR,SRC inhibitor,2
CHEMBL52885,ENMD-981693,Cn1cc(C2=C(c3cn(C)c4cc([N+](=O)[O-])ccc34)C(=O)NC2=O)c2ccccc21,CHEMBL279,Vascular endothelial growth factor receptor 2,INHIBITOR,Vascular endothelial growth factor receptor 2 inhibitor,2
CHEMBL52885,ENMD-981693,Cn1cc(C2=C(c3cn(C)c4cc([N+](=O)[O-])ccc34)C(=O)NC2=O)c2ccccc21,CHEMBL2095217,Fibroblast growth factor receptor,INHIBITOR,Fibroblast growth factor receptor inhibitor,2
CHEMBL52885,ENMD-981693,Cn1cc(C2=C(c3cn(C)c4cc([N+](=O)[O-])ccc34)C(=O)NC2=O)c2ccccc21,CHEMBL2095189,Platelet-derived growth factor receptor,INHIBITOR,Platelet-derived growth factor receptor inhibitor,2
CHEMBL5314403,ARRY-502,COc1cc(Cl)ccc1CCNC(=O)c1ccc(Oc2cc3c(cc2Cl)[C@@H](C(=O)O)CCO3)cc1,CHEMBL5071,Prostaglandin D2 receptor 2,ANTAGONIST,G protein-coupled receptor 44 antagonist,2
CHEMBL3545237,HE3235,C#C[C@]1(O)CCC2C3CCC4CC(O)CC[C@]4(C)C3CC[C@@]21C,CHEMBL1871,Androgen receptor,MODULATOR,Androgen Receptor modulator,1
CHEMBL1721885,SU-014813,Cc1[nH]c(/C=C2\C(=O)Nc3ccc(F)cc32)c(C)c1C(=O)NC[C@H](O)CN1CCOCC1,CHEMBL2095227,Vascular endothelial growth factor receptor,INHIBITOR,Vascular endothelial growth factor receptor inhibitor,2
CHEMBL1721885,SU-014813,Cc1[nH]c(/C=C2\C(=O)Nc3ccc(F)cc32)c(C)c1C(=O)NC[C@H](O)CN1CCOCC1,CHEMBL2095189,Platelet-derived growth factor receptor,INHIBITOR,Platelet-derived growth factor receptor inhibitor,2
CHEMBL1721885,SU-014813,Cc1[nH]c(/C=C2\C(=O)Nc3ccc(F)cc32)c(C)c1C(=O)NC[C@H](O)CN1CCOCC1,CHEMBL1936,Mast/stem cell growth factor receptor Kit,INHIBITOR,Stem cell growth factor receptor inhibitor,2
CHEMBL1721885,SU-014813,Cc1[nH]c(/C=C2\C(=O)Nc3ccc(F)cc32)c(C)c1C(=O)NC[C@H](O)CN1CCOCC1,CHEMBL1974,Receptor-type tyrosine-protein kinase FLT3,INHIBITOR,Tyrosine-protein kinase receptor FLT3 inhibitor,2
CHEMBL3545097,SAPANISERTIB,CC(C)n1nc(-c2ccc3oc(N)nc3c2)c2c(N)ncnc21,CHEMBL2842,Serine/threonine-protein kinase mTOR,INHIBITOR,Serine/threonine-protein kinase mTOR inhibitor,2
CHEMBL5170587,VK5211,N#Cc1ccc(N2CCC[C@@H]2[C@@H](O)C(F)(F)F)cc1C(F)(F)F,CHEMBL1871,Androgen receptor,MODULATOR,Androgen Receptor modulator,2
CHEMBL37676,APC-100,Cc1c(C)c2c(c(C)c1O)CCC(C)(C)O2,CHEMBL1871,Androgen receptor,ANTAGONIST,Androgen Receptor antagonist,1
CHEMBL2346976,AZD3514,CC(=O)N1CCN(CCOc2ccc(C3CCN(C4=Nn5c(nnc5C(F)(F)F)CC4)CC3)cc2)CC1,CHEMBL1871,Androgen receptor,MODULATOR,Androgen Receptor modulator,1
CHEMBL3360975,BMS-779788,CC(C)(O)c1cn(-c2ccc(-c3cccc(S(C)(=O)=O)c3)cc2)c(C(C)(C)c2ccccc2Cl)n1,CHEMBL4093,Oxysterols receptor LXR-beta,AGONIST,LXR-beta agonist,1
CHEMBL3945199,BMS-852927,CC(C)(O)c1cn(-c2ccc(-c3cc(F)c(CO)c(S(C)(=O)=O)c3)cc2F)c(C(C)(C)c2c(Cl)cccc2Cl)n1,CHEMBL4093,Oxysterols receptor LXR-beta,MODULATOR,LXR-beta modulator,1
CHEMBL3945199,BMS-852927,CC(C)(O)c1cn(-c2ccc(-c3cc(F)c(CO)c(S(C)(=O)=O)c3)cc2F)c(C(C)(C)c2c(Cl)cccc2Cl)n1,CHEMBL2808,Oxysterols receptor LXR-alpha,MODULATOR,LXR-alpha modulator,1
CHEMBL272621,HYODEOXYCHOLIC_ACID,C[C@H](CCC(=O)O)[C@H]1CC[C@H]2[C@@H]3C[C@H](O)[C@@H]4C[C@H](O)CC[C@]4(C)[C@H]3CC[C@]12C,CHEMBL4093,Oxysterols receptor LXR-beta,AGONIST,LXR-beta agonist,1
CHEMBL272621,HYODEOXYCHOLIC_ACID,C[C@H](CCC(=O)O)[C@H]1CC[C@H]2[C@@H]3C[C@H](O)[C@@H]4C[C@H](O)CC[C@]4(C)[C@H]3CC[C@]12C,CHEMBL2808,Oxysterols receptor LXR-alpha,AGONIST,LXR-alpha agonist,1
CHEMBL3822773,PX-102,O=C(O)c1ccc([C@H]2C[C@@H]2c2ccc(OCc3c(-c4c(Cl)cccc4Cl)noc3C3CC3)cc2Cl)cc1,CHEMBL2047,Bile acid receptor,AGONIST,Bile acid receptor FXR agonist,2
CHEMBL4068611,RELACORILANT,Cn1cc(S(=O)(=O)N2CCC3=Cc4c(cnn4-c4ccc(F)cc4)C[C@]3(C(=O)c3cc(C(F)(F)F)ccn3)C2)cn1,CHEMBL2034,Glucocorticoid receptor,ANTAGONIST,Glucocorticoid receptor antagonist,3
CHEMBL1215331,PF-03882845,N#Cc1ccc(N2N=C3c4ccc(C(=O)O)cc4CC[C@@H]3[C@@H]2C2CCCC2)cc1Cl,CHEMBL1994,Mineralocorticoid receptor,ANTAGONIST,Mineralocorticoid receptor antagonist,1
CHEMBL3261331,RESMETIROM,CC(C)c1cc(Oc2c(Cl)cc(-n3nc(C#N)c(=O)[nH]c3=O)cc2Cl)n[nH]c1=O,CHEMBL1947,Thyroid hormone receptor beta,AGONIST,Thyroid hormone receptor beta-1 agonist,4
CHEMBL3542265,LY2452473,CC(C)OC(=O)N[C@H]1Cc2c(n(Cc3ccccn3)c3ccc(C#N)cc23)C1,CHEMBL1871,Androgen receptor,MODULATOR,Androgen Receptor modulator,2
CHEMBL4116008,CERDULATINIB,CCS(=O)(=O)N1CCN(c2ccc(Nc3ncc(C(N)=O)c(NC4CC4)n3)cc2)CC1,CHEMBL2599,Tyrosine-protein kinase SYK,INHIBITOR,Tyrosine-protein kinase SYK inhibitor,2
CHEMBL4116008,CERDULATINIB,CCS(=O)(=O)N1CCN(c2ccc(Nc3ncc(C(N)=O)c(NC4CC4)n3)cc2)CC1,CHEMBL2835,Tyrosine-protein kinase JAK1,INHIBITOR,Tyrosine-protein kinase JAK1 inhibitor,2
CHEMBL4116008,CERDULATINIB,CCS(=O)(=O)N1CCN(c2ccc(Nc3ncc(C(N)=O)c(NC4CC4)n3)cc2)CC1,CHEMBL2148,Tyrosine-protein kinase JAK3,INHIBITOR,Tyrosine-protein kinase JAK3 inhibitor,2
CHEMBL4116008,CERDULATINIB,CCS(=O)(=O)N1CCN(c2ccc(Nc3ncc(C(N)=O)c(NC4CC4)n3)cc2)CC1,CHEMBL3553,Non-receptor tyrosine-protein kinase TYK2,INHIBITOR,Tyrosine-protein kinase TYK2 inhibitor,2
CHEMBL5314406,4SC-203,COc1ccc(C)cc1NC(=O)Nc1nc2ccc(Nc3ncnc4cc(OCCCN5CCN(C)CC5)c(OC)cc34)cc2s1,CHEMBL1974,Receptor-type tyrosine-protein kinase FLT3,INHIBITOR,Tyrosine-protein kinase receptor FLT3 inhibitor,1
CHEMBL5314406,4SC-203,COc1ccc(C)cc1NC(=O)Nc1nc2ccc(Nc3ncnc4cc(OCCCN5CCN(C)CC5)c(OC)cc34)cc2s1,CHEMBL2095227,Vascular endothelial growth factor receptor,INHIBITOR,Vascular endothelial growth factor receptor inhibitor,1
CHEMBL4208229,ASCIMINIB,O=C(Nc1ccc(OC(F)(F)Cl)cc1)c1cnc(N2CC[C@@H](O)C2)c(-c2cc[nH]n2)c1,CHEMBL1862,Tyrosine-protein kinase ABL1,INHIBITOR,Tyrosine-protein kinase ABL inhibitor,4
CHEMBL1980297,ILORASERTIB,Nc1ncc(-c2cnn(CCO)c2)c2scc(-c3ccc(NC(=O)Nc4cccc(F)c4)cc3)c12,CHEMBL3430911,Serine/threonine-protein kinase Aurora,INHIBITOR,Serine/threonine-protein kinase Aurora inhibitor,2
CHEMBL1980297,ILORASERTIB,Nc1ncc(-c2cnn(CCO)c2)c2scc(-c3ccc(NC(=O)Nc4cccc(F)c4)cc3)c12,CHEMBL2095227,Vascular endothelial growth factor receptor,INHIBITOR,Vascular endothelial growth factor receptor inhibitor,2
CHEMBL1980297,ILORASERTIB,Nc1ncc(-c2cnn(CCO)c2)c2scc(-c3ccc(NC(=O)Nc4cccc(F)c4)cc3)c12,CHEMBL2363074,SRC,INHIBITOR,SRC inhibitor,2
CHEMBL1980297,ILORASERTIB,Nc1ncc(-c2cnn(CCO)c2)c2scc(-c3ccc(NC(=O)Nc4cccc(F)c4)cc3)c12,CHEMBL2095189,Platelet-derived growth factor receptor,INHIBITOR,Platelet-derived growth factor receptor inhibitor,2
CHEMBL3545241,AC-430,Cc1cc(Nc2nc(C(O)c3ccc(F)cc3)nc3ccccc23)n[nH]1,CHEMBL2971,Tyrosine-protein kinase JAK2,INHIBITOR,Tyrosine-protein kinase JAK2 inhibitor,1
CHEMBL1645462,AC-480,Cc1c(NC(=O)OC[C@@H]2COCCN2)cn2ncnc(Nc3ccc4c(cnn4Cc4cccc(F)c4)c3)c12,CHEMBL203,Epidermal growth factor receptor,INHIBITOR,Epidermal growth factor receptor erbB1 inhibitor,1
CHEMBL1645462,AC-480,Cc1c(NC(=O)OC[C@@H]2COCCN2)cn2ncnc(Nc3ccc4c(cnn4Cc4cccc(F)c4)c3)c12,CHEMBL1824,Receptor tyrosine-protein kinase erbB-2,INHIBITOR,Receptor protein-tyrosine kinase erbB-2 inhibitor,1
CHEMBL1645462,AC-480,Cc1c(NC(=O)OC[C@@H]2COCCN2)cn2ncnc(Nc3ccc4c(cnn4Cc4cccc(F)c4)c3)c12,CHEMBL3009,Receptor tyrosine-protein kinase erbB-4,INHIBITOR,Receptor protein-tyrosine kinase erbB-4 inhibitor,1
CHEMBL3545420,AG-24322,CCNCc1cncc(-c2ccc3c(c2)/C(=C2/N=c4cc(F)cc(F)c4=N2)NN3)c1C,CHEMBL308,Cyclin-dependent kinase 1,INHIBITOR,Cyclin-dependent kinase 1 inhibitor,1
CHEMBL3545420,AG-24322,CCNCc1cncc(-c2ccc3c(c2)/C(=C2/N=c4cc(F)cc(F)c4=N2)NN3)c1C,CHEMBL301,Cyclin-dependent kinase 2,INHIBITOR,Cyclin-dependent kinase 2 inhibitor,1
CHEMBL3545420,AG-24322,CCNCc1cncc(-c2ccc3c(c2)/C(=C2/N=c4cc(F)cc(F)c4=N2)NN3)c1C,CHEMBL331,Cyclin-dependent kinase 4,INHIBITOR,Cyclin-dependent kinase 4 inhibitor,1
CHEMBL496102,AMG-208,COc1ccc2c(OCc3nnc4ccc(-c5ccccc5)nn34)ccnc2c1,CHEMBL3717,Hepatocyte growth factor receptor,INHIBITOR,Hepatocyte growth factor receptor inhibitor,2
CHEMBL4303596,AMG-319,C[C@H](Nc1ncnc2[nH]cnc12)c1cc2ccc(F)cc2nc1-c1ccccn1,CHEMBL3130,"Phosphatidylinositol 4,5-bisphosphate 3-kinase catalytic subunit delta isoform",INHIBITOR,PI3-kinase p110-delta subunit inhibitor,2
CHEMBL2140408,AMG-900,Cc1csc(-c2nnc(Nc3ccc(Oc4ncccc4-c4ccnc(N)n4)cc3)c3ccccc23)c1,CHEMBL3430911,Serine/threonine-protein kinase Aurora,INHIBITOR,Serine/threonine-protein kinase Aurora inhibitor,1
CHEMBL1650595,AR-12,NCC(=O)Nc1ccc(-n2nc(C(F)(F)F)cc2-c2ccc3c(ccc4ccccc43)c2)cc1,CHEMBL2534,3-phosphoinositide-dependent protein kinase 1,INHIBITOR,3-phosphoinositide dependent protein kinase-1 inhibitor,1
CHEMBL4297187,DERAZANTINIB,COCCNCCc1cccc(Nc2ncc3c(n2)-c2ccccc2[C@H](c2ccccc2F)C3)c1,CHEMBL2095217,Fibroblast growth factor receptor,INHIBITOR,Fibroblast growth factor receptor inhibitor,2
CHEMBL4297188,MIRANSERTIB,Nc1ncccc1-c1nc2ccc(-c3ccccc3)nc2n1-c1ccc(C2(N)CCC2)cc1,CHEMBL2111353,Serine/threonine-protein kinase AKT,INHIBITOR,Serine/threonine-protein kinase AKT inhibitor,2
CHEMBL5314407,ARQ-736,Cn1ccc(S(=O)(=O)N2CCC[C@@H](Nc3nccc(-c4c(-c5cccc(OCOP(=O)([O-])[O-])c5)nc5occn45)n3)C2)n1.[Na+].[Na+],CHEMBL5145,Serine/threonine-protein kinase B-raf,INHIBITOR,Serine/threonine-protein kinase B-raf inhibitor,1
CHEMBL5314407,ARQ-736,Cn1ccc(S(=O)(=O)N2CCC[C@@H](Nc3nccc(-c4c(-c5cccc(OCOP(=O)([O-])[O-])c5)nc5occn45)n3)C2)n1.[Na+].[Na+],CHEMBL1906,RAF proto-oncogene serine/threonine-protein kinase,INHIBITOR,Serine/threonine-protein kinase RAF inhibitor,1
CHEMBL3644252,ARRY-382,Cc1cccc(Cn2nc(C3CC3)c3c(NC(=O)c4cnc5cc(OCCN6CCN(C)CC6)ccn45)cccc32)n1,CHEMBL1844,Macrophage colony-stimulating factor 1 receptor,INHIBITOR,Macrophage colony stimulating factor receptor inhibitor,2
CHEMBL3991932,PEXMETINIB,Cc1ccc(-n2nc(C(C)(C)C)cc2NC(=O)NCc2cc(F)ccc2Oc2ccc3c(cnn3CCO)c2)cc1,CHEMBL260,Mitogen-activated protein kinase 14,INHIBITOR,MAP kinase p38 alpha inhibitor,2
CHEMBL3991932,PEXMETINIB,Cc1ccc(-n2nc(C(C)(C)C)cc2NC(=O)NCc2cc(F)ccc2Oc2ccc3c(cnn3CCO)c2)cc1,CHEMBL4128,Angiopoietin-1 receptor,INHIBITOR,Tyrosine-protein kinase TIE-2 inhibitor,2
CHEMBL1967878,CENISERTIB,Cc1cc(Nc2ncc(F)c(NC3C4C=CC(C4)C3C(N)=O)n2)ccc1N1CCN(C)CC1,CHEMBL3430911,Serine/threonine-protein kinase Aurora,INHIBITOR,Serine/threonine-protein kinase Aurora inhibitor,2
CHEMBL3545360,ASP-3026,COc1cc(N2CCC(N3CCN(C)CC3)CC2)ccc1Nc1ncnc(Nc2ccccc2S(=O)(=O)C(C)C)n1,CHEMBL4247,ALK tyrosine kinase receptor,INHIBITOR,ALK tyrosine kinase receptor inhibitor,1
CHEMBL1947204,ALLITINIB,C=CC(=O)Nc1ccc2ncnc(Nc3ccc(OCc4cccc(F)c4)c(Cl)c3)c2c1,CHEMBL203,Epidermal growth factor receptor,INHIBITOR,Epidermal growth factor receptor erbB1 inhibitor,2
CHEMBL1947204,ALLITINIB,C=CC(=O)Nc1ccc2ncnc(Nc3ccc(OCc4cccc(F)c4)c(Cl)c3)c2c1,CHEMBL1824,Receptor tyrosine-protein kinase erbB-2,INHIBITOR,Receptor protein-tyrosine kinase erbB-2 inhibitor,2
CHEMBL3544960,AT-13148,NC[C@@](O)(c1ccc(Cl)cc1)c1ccc(-c2cn[nH]c2)cc1,CHEMBL2111459,Rho-associated protein kinase,INHIBITOR,Rho-associated protein kinase inhibitor,1
CHEMBL3544960,AT-13148,NC[C@@](O)(c1ccc(Cl)cc1)c1ccc(-c2cn[nH]c2)cc1,CHEMBL2208,MAP kinase-activated protein kinase 2,INHIBITOR,MAP kinase-activated protein kinase 2 inhibitor,1
CHEMBL5314408,AZD-0424,CC(=O)N1CCN(CCOc2cc(OC(C)C)c3c(Nc4c(Cl)cnc5c4OCO5)ncnc3c2)CC1,CHEMBL1862,Tyrosine-protein kinase ABL1,INHIBITOR,Tyrosine-protein kinase ABL inhibitor,1
CHEMBL5314408,AZD-0424,CC(=O)N1CCN(CCOc2cc(OC(C)C)c3c(Nc4c(Cl)cnc5c4OCO5)ncnc3c2)CC1,CHEMBL267,Proto-oncogene tyrosine-protein kinase Src,INHIBITOR,Tyrosine-protein kinase SRC inhibitor,1
CHEMBL3545423,AZD-1208,NC1CCCN(c2c(/C=C3/SC(=O)NC3=O)cccc2-c2ccccc2)C1,CHEMBL3559682,Serine/threonine-protein kinase PIM,INHIBITOR,Serine/threonine-protein kinase PIM inhibitor,1
CHEMBL488436,AZD-5438,Cc1ncc(-c2ccnc(Nc3ccc(S(C)(=O)=O)cc3)n2)n1C(C)C,CHEMBL3559691,Cyclin-dependent kinase,INHIBITOR,Cyclin-dependent kinase inhibitor,1
CHEMBL4285417,CERALASERTIB,C[C@@H]1COCCN1c1cc(C2([S@](C)(=N)=O)CC2)nc(-c2cc[nH]c3nccc2-3)n1,CHEMBL5024,Serine/threonine-protein kinase ATR,INHIBITOR,Serine-protein kinase ATR inhibitor,3
CHEMBL3659497,AZD-7451,CC(C)Oc1cc(-n2cnc3ccc(N[C@@H](C)c4ncc(F)cn4)nc32)n[nH]1,CHEMBL2815,High affinity nerve growth factor receptor,INHIBITOR,Nerve growth factor receptor Trk-A inhibitor,1
CHEMBL3659497,AZD-7451,CC(C)Oc1cc(-n2cnc3ccc(N[C@@H](C)c4ncc(F)cn4)nc32)n[nH]1,CHEMBL4898,BDNF/NT-3 growth factors receptor,INHIBITOR,Neurotrophic tyrosine kinase receptor type 2 inhibitor,1
CHEMBL3659497,AZD-7451,CC(C)Oc1cc(-n2cnc3ccc(N[C@@H](C)c4ncc(F)cn4)nc32)n[nH]1,CHEMBL5608,NT-3 growth factor receptor,INHIBITOR,NT-3 growth factor receptor inhibitor,1
CHEMBL9960,AZD-7624,CC[C@H](NC(=O)c1cc(-c2ccccc2)nc2ccccc12)c1ccccc1,CHEMBL260,Mitogen-activated protein kinase 14,INHIBITOR,MAP kinase p38 alpha inhibitor,2
CHEMBL2041933,AZD-7762,NC(=O)Nc1cc(-c2cccc(F)c2)sc1C(=O)N[C@H]1CCCNC1,CHEMBL4630,Serine/threonine-protein kinase Chk1,INHIBITOR,Serine/threonine-protein kinase Chk1 inhibitor,1
CHEMBL1801204,AZD-8055,COc1ccc(-c2ccc3c(N4CCOC[C@@H]4C)nc(N4CCOC[C@@H]4C)nc3n2)cc1CO,CHEMBL2842,Serine/threonine-protein kinase mTOR,INHIBITOR,Serine/threonine-protein kinase mTOR inhibitor,1
CHEMBL3408248,AZD-8186,C[C@@H](Nc1cc(F)cc(F)c1)c1cc(C(=O)N(C)C)cc2c(=O)cc(N3CCOCC3)oc12,CHEMBL3145,"Phosphatidylinositol 4,5-bisphosphate 3-kinase catalytic subunit beta isoform",INHIBITOR,PI3-kinase p110-beta subunit inhibitor,1
CHEMBL3408248,AZD-8186,C[C@@H](Nc1cc(F)cc(F)c1)c1cc(C(=O)N(C)C)cc2c(=O)cc(N3CCOCC3)oc12,CHEMBL3130,"Phosphatidylinositol 4,5-bisphosphate 3-kinase catalytic subunit delta isoform",INHIBITOR,PI3-kinase p110-delta subunit inhibitor,1
CHEMBL3182621,AZD-8330,Cc1cc(C(=O)NOCCO)c(Nc2ccc(I)cc2F)n(C)c1=O,CHEMBL3587,Dual specificity mitogen-activated protein kinase kinase 1,INHIBITOR,Dual specificity mitogen-activated protein kinase kinase 1 inhibitor,1
CHEMBL3182621,AZD-8330,Cc1cc(C(=O)NOCCO)c(Nc2ccc(I)cc2F)n(C)c1=O,CHEMBL2964,Dual specificity mitogen-activated protein kinase kinase 2,INHIBITOR,Dual specificity mitogen-activated protein kinase kinase 2 inhibitor,1
CHEMBL3644672,BAY-1082439,COc1c(OC[C@H](O)CN2CCOCC2)ccc2c1N=C(NC(=O)c1cccnc1C)N1CCN=C21,CHEMBL3145,"Phosphatidylinositol 4,5-bisphosphate 3-kinase catalytic subunit beta isoform",INHIBITOR,PI3-kinase p110-beta subunit inhibitor,1
CHEMBL3644672,BAY-1082439,COc1c(OC[C@H](O)CN2CCOCC2)ccc2c1N=C(NC(=O)c1cccnc1C)N1CCN=C21,CHEMBL4005,"Phosphatidylinositol 4,5-bisphosphate 3-kinase catalytic subunit alpha isoform",INHIBITOR,PI3-kinase p110-alpha subunit inhibitor,1
CHEMBL4751394,BAY-1125976,NC(=O)c1ccc2nc(-c3ccc(C4(N)CCC4)cc3)c(-c3ccccc3)n2n1,CHEMBL4282,RAC-alpha serine/threonine-protein kinase,INHIBITOR,Serine/threonine-protein kinase AKT inhibitor,1
CHEMBL4751394,BAY-1125976,NC(=O)c1ccc2nc(-c3ccc(C4(N)CCC4)cc3)c(-c3ccccc3)n2n1,CHEMBL2431,RAC-beta serine/threonine-protein kinase,INHIBITOR,Serine/threonine-protein kinase AKT2 inhibitor,1
CHEMBL4303241,BAY-1161909,COc1cc(S(C)(=O)=O)ccc1Nc1nc2ccc(-c3ccc(NC(=O)[C@H](C)c4ccc(F)cc4)cc3)cn2n1,CHEMBL3983,Dual specificity protein kinase TTK,INHIBITOR,Dual specificity protein kinase TTK inhibitor,2
CHEMBL3963485,ROGARATINIB,COCc1c(-c2cc3cc(C)cc(OC)c3s2)c2c(N)ncnn2c1CN1CCNC(=O)C1,CHEMBL2095217,Fibroblast growth factor receptor,INHIBITOR,Fibroblast growth factor receptor inhibitor,2
CHEMBL4209157,LIFIRAFENIB,O=C1CCc2c(Oc3ccc4c(c3)[C@@H]3[C@H](O4)[C@H]3c3nc4cc(C(F)(F)F)ccc4[nH]3)ccnc2N1,CHEMBL5145,Serine/threonine-protein kinase B-raf,INHIBITOR,Serine/threonine-protein kinase B-raf inhibitor,2
CHEMBL3657311,IFEBEMTINIB,COc1cc(C(=O)NC2CCN(C)CC2)c(F)cc1Nc1ncc(C(F)(F)F)c(Oc2cccc3c2C(=O)N(C)C3)n1,CHEMBL2695,Focal adhesion kinase 1,INHIBITOR,Focal adhesion kinase 1 inhibitor,2
CHEMBL258940,FALNIDAMOL,CN1CCC(Nc2ncc3ncnc(Nc4ccc(F)c(Cl)c4)c3n2)CC1,CHEMBL203,Epidermal growth factor receptor,INHIBITOR,Epidermal growth factor receptor erbB1 inhibitor,2
CHEMBL103667,DORAMAPIMOD,Cc1ccc(-n2nc(C(C)(C)C)cc2NC(=O)Nc2ccc(OCCN3CCOCC3)c3ccccc23)cc1,CHEMBL260,Mitogen-activated protein kinase 14,INHIBITOR,MAP kinase p38 alpha inhibitor,2
CHEMBL296468,BMS-387032,CC(C)(C)c1cnc(CSc2cnc(NC(=O)C3CCNCC3)s2)o1,CHEMBL301,Cyclin-dependent kinase 2,INHIBITOR,Cyclin-dependent kinase 2 inhibitor,1
CHEMBL296468,BMS-387032,CC(C)(C)c1cnc(CSc2cnc(NC(=O)C3CCNCC3)s2)o1,CHEMBL3055,Cyclin-dependent kinase 7,INHIBITOR,Cyclin-dependent kinase 7 inhibitor,1
CHEMBL296468,BMS-387032,CC(C)(C)c1cnc(CSc2cnc(NC(=O)C3CCNCC3)s2)o1,CHEMBL3116,Cyclin-dependent kinase 9,INHIBITOR,Cyclin-dependent kinase 9 inhibitor,1
CHEMBL3586573,CC-115,CCN1C(=O)CNc2ncc(-c3ccc(-c4nc[nH]n4)nc3C)nc21,CHEMBL2842,Serine/threonine-protein kinase mTOR,INHIBITOR,Serine/threonine-protein kinase mTOR inhibitor,2
CHEMBL3586573,CC-115,CCN1C(=O)CNc2ncc(-c3ccc(-c4nc[nH]n4)nc3C)nc21,CHEMBL3142,DNA-dependent protein kinase catalytic subunit,INHIBITOR,DNA-dependent protein kinase inhibitor,2
CHEMBL3301600,SPEBRUTINIB BESYLATE,C=CC(=O)Nc1cccc(Nc2nc(Nc3ccc(OCCOC)cc3)ncc2F)c1.O=S(=O)(O)c1ccccc1,CHEMBL5251,Tyrosine-protein kinase BTK,INHIBITOR,Tyrosine-protein kinase BTK inhibitor,2
CHEMBL2010872,CEP-11981,CC(C)Cn1c2ccc(Nc3ncccn3)cc2c2c3c(c4c(c21)CCc1nn(C)cc1-4)C(=O)NC3,CHEMBL4128,Angiopoietin-1 receptor,INHIBITOR,Tyrosine-protein kinase TIE-2 inhibitor,2
CHEMBL2010872,CEP-11981,CC(C)Cn1c2ccc(Nc3ncccn3)cc2c2c3c(c4c(c21)CCc1nn(C)cc1-4)C(=O)NC3,CHEMBL2095227,Vascular endothelial growth factor receptor,INHIBITOR,Vascular endothelial growth factor receptor inhibitor,2
CHEMBL2029988,CEP-32496,COc1cc2ncnc(Oc3cccc(NC(=O)Nc4cc(C(C)(C)C(F)(F)F)on4)c3)c2cc1OC,CHEMBL5145,Serine/threonine-protein kinase B-raf,INHIBITOR,Serine/threonine-protein kinase B-raf inhibitor,2
CHEMBL2029988,CEP-32496,COc1cc2ncnc(Oc3cccc(NC(=O)Nc4cc(C(C)(C)C(F)(F)F)on4)c3)c2cc1OC,CHEMBL203,Epidermal growth factor receptor,INHIBITOR,Epidermal growth factor receptor erbB1 inhibitor,2
CHEMBL2029988,CEP-32496,COc1cc2ncnc(Oc3cccc(NC(=O)Nc4cc(C(C)(C)C(F)(F)F)on4)c3)c2cc1OC,CHEMBL2041,Proto-oncogene tyrosine-protein kinase receptor Ret,INHIBITOR,Tyrosine-protein kinase receptor RET inhibitor,2
CHEMBL3951811,CEP-37440,CNC(=O)c1ccccc1Nc1nc(Nc2ccc3c(c2OC)CCC[C@H](N2CCN(CCO)CC2)C3)ncc1Cl,CHEMBL4247,ALK tyrosine kinase receptor,INHIBITOR,ALK tyrosine kinase receptor inhibitor,1
CHEMBL3951811,CEP-37440,CNC(=O)c1ccccc1Nc1nc(Nc2ccc3c(c2OC)CCC[C@H](N2CCN(CCO)CC2)C3)ncc1Cl,CHEMBL2695,Focal adhesion kinase 1,INHIBITOR,Focal adhesion kinase 1 inhibitor,1
CHEMBL483321,CP-724714,COCC(=O)NC/C=C/c1ccc2ncnc(Nc3ccc(Oc4ccc(C)nc4)c(C)c3)c2c1,CHEMBL1824,Receptor tyrosine-protein kinase erbB-2,INHIBITOR,Receptor protein-tyrosine kinase erbB-2 inhibitor,2
CHEMBL5095033,IBCASERTIB,COc1ccc2c(Oc3ccc4c(C(=O)Nc5ccccc5N)cccc4c3)ccnc2c1,CHEMBL2185,Aurora kinase B,INHIBITOR,Serine/threonine-protein kinase Aurora-B inhibitor,3
CHEMBL5095033,IBCASERTIB,COc1ccc2c(Oc3ccc4c(C(=O)Nc5ccccc5N)cccc4c3)ccnc2c1,CHEMBL2095227,Vascular endothelial growth factor receptor,INHIBITOR,Vascular endothelial growth factor receptor inhibitor,3
CHEMBL598797,CUDC-101,C#Cc1cccc(Nc2ncnc3cc(OC)c(OCCCCCCC(=O)NO)cc23)c1,CHEMBL203,Epidermal growth factor receptor,INHIBITOR,Epidermal growth factor receptor erbB1 inhibitor,1
CHEMBL598797,CUDC-101,C#Cc1cccc(Nc2ncnc3cc(OC)c(OCCCCCCC(=O)NO)cc23)c1,CHEMBL1824,Receptor tyrosine-protein kinase erbB-2,INHIBITOR,Receptor protein-tyrosine kinase erbB-2 inhibitor,1
CHEMBL598797,CUDC-101,C#Cc1cccc(Nc2ncnc3cc(OC)c(OCCCCCCC(=O)NO)cc23)c1,CHEMBL2093865,Histone deacetylase,INHIBITOR,Histone deacetylase inhibitor,1
CHEMBL3622533,FIMEPINOSTAT,COc1ccc(-c2nc(N3CCOCC3)c3sc(CN(C)c4ncc(C(=O)NO)cn4)cc3n2)cn1,CHEMBL3130,"Phosphatidylinositol 4,5-bisphosphate 3-kinase catalytic subunit delta isoform",INHIBITOR,PI3-kinase p110-delta subunit inhibitor,2
CHEMBL3622533,FIMEPINOSTAT,COc1ccc(-c2nc(N3CCOCC3)c3sc(CN(C)c4ncc(C(=O)NO)cn4)cc3n2)cn1,CHEMBL3145,"Phosphatidylinositol 4,5-bisphosphate 3-kinase catalytic subunit beta isoform",INHIBITOR,PI3-kinase p110-beta subunit inhibitor,2
CHEMBL3622533,FIMEPINOSTAT,COc1ccc(-c2nc(N3CCOCC3)c3sc(CN(C)c4ncc(C(=O)NO)cn4)cc3n2)cn1,CHEMBL4005,"Phosphatidylinositol 4,5-bisphosphate 3-kinase catalytic subunit alpha isoform",INHIBITOR,PI3-kinase p110-alpha subunit inhibitor,2
CHEMBL3622533,FIMEPINOSTAT,COc1ccc(-c2nc(N3CCOCC3)c3sc(CN(C)c4ncc(C(=O)NO)cn4)cc3n2)cn1,CHEMBL2093865,Histone deacetylase,INHIBITOR,Histone deacetylase inhibitor,2
CHEMBL482967,CYC-116,Cc1nc(N)sc1-c1ccnc(Nc2ccc(N3CCOCC3)cc2)n1,CHEMBL3430911,Serine/threonine-protein kinase Aurora,INHIBITOR,Serine/threonine-protein kinase Aurora inhibitor,1
CHEMBL482967,CYC-116,Cc1nc(N)sc1-c1ccnc(Nc2ccc(N3CCOCC3)cc2)n1,CHEMBL279,Vascular endothelial growth factor receptor 2,INHIBITOR,Vascular endothelial growth factor receptor 2 inhibitor,1
CHEMBL3545365,ALTIRATINIB,O=C(Nc1cc(Oc2cc(F)c(NC(=O)C3(C(=O)Nc4ccc(F)cc4)CC3)cc2F)ccn1)C1CC1,CHEMBL3717,Hepatocyte growth factor receptor,INHIBITOR,Hepatocyte growth factor receptor inhibitor,2
CHEMBL3545365,ALTIRATINIB,O=C(Nc1cc(Oc2cc(F)c(NC(=O)C3(C(=O)Nc4ccc(F)cc4)CC3)cc2F)ccn1)C1CC1,CHEMBL4128,Angiopoietin-1 receptor,INHIBITOR,Tyrosine-protein kinase TIE-2 inhibitor,2
CHEMBL3545365,ALTIRATINIB,O=C(Nc1cc(Oc2cc(F)c(NC(=O)C3(C(=O)Nc4ccc(F)cc4)CC3)cc2F)ccn1)C1CC1,CHEMBL279,Vascular endothelial growth factor receptor 2,INHIBITOR,Vascular endothelial growth factor receptor 2 inhibitor,2
CHEMBL3545365,ALTIRATINIB,O=C(Nc1cc(Oc2cc(F)c(NC(=O)C3(C(=O)Nc4ccc(F)cc4)CC3)cc2F)ccn1)C1CC1,CHEMBL3559684,Neurotrophic tyrosine kinase receptor,INHIBITOR,Neurotrophic tyrosine kinase receptor inhibitor,2
CHEMBL3960488,EMD-1204831,Cn1cc(-c2ccc(=O)n(Cc3cccc(-c4ncc(OCCN5CCOCC5)cn4)c3)n2)cn1,CHEMBL3717,Hepatocyte growth factor receptor,INHIBITOR,Hepatocyte growth factor receptor inhibitor,1
CHEMBL3544964,RAVOXERTINIB,Cn1nccc1Nc1nccc(-c2ccn([C@H](CO)c3ccc(Cl)c(F)c3)c(=O)c2)n1,CHEMBL3385,Mitogen-activated protein kinase 3,INHIBITOR,MAP kinase ERK1 inhibitor,2
CHEMBL3544964,RAVOXERTINIB,Cn1nccc1Nc1nccc(-c2ccn([C@H](CO)c3ccc(Cl)c(F)c3)c(=O)c2)n1,CHEMBL4040,Mitogen-activated protein kinase 1,INHIBITOR,MAP kinase ERK2 inhibitor,2
CHEMBL3916717,SELONSERTIB,Cc1cc(F)c(C(=O)Nc2cccc(-c3nncn3C(C)C)n2)cc1-n1cnc(C2CC2)c1,CHEMBL5285,Mitogen-activated protein kinase kinase kinase 5,INHIBITOR,Mitogen-activated protein kinase kinase kinase 5 inhibitor,3
CHEMBL3544966,GSK-1059615,O=C1NC(=O)/C(=C/c2ccc3nccc(-c4ccncc4)c3c2)S1,CHEMBL3559703,PI3-kinase class I,INHIBITOR,PI3-kinase class I inhibitor,1
CHEMBL1090479,GSK-1070916,CCn1cc(-c2ccnc3[nH]c(-c4cccc(CN(C)C)c4)cc23)c(-c2ccc(NC(=O)N(C)C)cc2)n1,CHEMBL2185,Aurora kinase B,INHIBITOR,Serine/threonine-protein kinase Aurora-B inhibitor,1
CHEMBL1090479,GSK-1070916,CCn1cc(-c2ccnc3[nH]c(-c4cccc(CN(C)C)c4)cc23)c(-c2ccc(NC(=O)N(C)C)cc2)n1,CHEMBL3935,Aurora kinase C,INHIBITOR,Serine/threonine-protein kinase Aurora-C inhibitor,1
CHEMBL1236962,OMIPALISIB,COc1ncc(-c2ccc3nccc(-c4ccnnc4)c3c2)cc1NS(=O)(=O)c1ccc(F)cc1F,CHEMBL3559703,PI3-kinase class I,INHIBITOR,PI3-kinase class I inhibitor,2
CHEMBL1236962,OMIPALISIB,COc1ncc(-c2ccc3nccc(-c4ccnnc4)c3c2)cc1NS(=O)(=O)c1ccc(F)cc1F,CHEMBL2842,Serine/threonine-protein kinase mTOR,INHIBITOR,Serine/threonine-protein kinase mTOR inhibitor,2
CHEMBL4742157,GSK-2256098,CONC(=O)c1ccccc1Nc1cc(Nc2cc(C)nn2C(C)C)ncc1Cl,CHEMBL2695,Focal adhesion kinase 1,INHIBITOR,Focal adhesion kinase 1 inhibitor,2
CHEMBL3188551,GSK-2636771,Cc1c(Cn2c(C)nc3c(C(=O)O)cc(N4CCOCC4)cc32)cccc1C(F)(F)F,CHEMBL3145,"Phosphatidylinositol 4,5-bisphosphate 3-kinase catalytic subunit beta isoform",INHIBITOR,PI3-kinase p110-beta subunit inhibitor,2
CHEMBL1908394,GSK-461364,C[C@@H](Oc1cc(-n2cnc3ccc(CN4CCN(C)CC4)cc32)sc1C(N)=O)c1ccccc1C(F)(F)F,CHEMBL3024,Serine/threonine-protein kinase PLK1,INHIBITOR,Serine/threonine-protein kinase PLK1 inhibitor,1
CHEMBL494089,GSK-690693,CCn1c(-c2nonc2N)nc2c(C#CC(C)(C)O)ncc(OC[C@H]3CCCNC3)c21,CHEMBL2111353,Serine/threonine-protein kinase AKT,INHIBITOR,Serine/threonine-protein kinase AKT inhibitor,1
CHEMBL494089,GSK-690693,CCn1c(-c2nonc2N)nc2c(C#CC(C)(C)O)ncc(OC[C@H]3CCCNC3)c21,CHEMBL2094138,cAMP-dependent protein kinase (PKA),INHIBITOR,cAMP-dependent protein kinase (PKA) inhibitor,1
CHEMBL494089,GSK-690693,CCn1c(-c2nonc2N)nc2c(C#CC(C)(C)O)ncc(OC[C@H]3CCCNC3)c21,CHEMBL2093867,Protein kinase C (PKC),INHIBITOR,Protein kinase C (PKC) inhibitor,1
CHEMBL3786343,OLMUTINIB,C=CC(=O)Nc1cccc(Oc2nc(Nc3ccc(N4CCN(C)CC4)cc3)nc3ccsc23)c1,CHEMBL203,Epidermal growth factor receptor,INHIBITOR,Epidermal growth factor receptor erbB1 inhibitor,4
CHEMBL4163691,POSELTINIB,C=CC(=O)Nc1cccc(Oc2nc(Nc3ccc(N4CCN(C)CC4)cc3)nc3ccoc23)c1,CHEMBL5251,Tyrosine-protein kinase BTK,INHIBITOR,Tyrosine-protein kinase BTK inhibitor,2
CHEMBL4297190,SURUFATINIB,Cc1cc2cc(Oc3ccnc(Nc4cccc(CS(=O)(=O)NCCN(C)C)c4)n3)ccc2[nH]1,CHEMBL3650,Fibroblast growth factor receptor 1,INHIBITOR,Fibroblast growth factor receptor 1 inhibitor,3
CHEMBL4297190,SURUFATINIB,Cc1cc2cc(Oc3ccnc(Nc4cccc(CS(=O)(=O)NCCN(C)C)c4)n3)ccc2[nH]1,CHEMBL2095227,Vascular endothelial growth factor receptor,INHIBITOR,Vascular endothelial growth factor receptor inhibitor,3
CHEMBL5314410,THELIATINIB,C#Cc1cccc(Nc2ncnc3cc(OC)c(NC(=O)N4C[C@H]5CCN(C)[C@H]5C4)cc23)c1,CHEMBL203,Epidermal growth factor receptor,INHIBITOR,Epidermal growth factor receptor erbB1 inhibitor,2
CHEMBL5095034,SOVLEPLENIB,CS(=O)(=O)N1CCC(c2ccc(-c3ncc4nccnc4c3NC[C@@H]3CNCCO3)cc2)CC1,CHEMBL2599,Tyrosine-protein kinase SYK,INHIBITOR,Tyrosine-protein kinase SYK inhibitor,3
CHEMBL5314411,EPITINIB,C#Cc1cccc(Nc2ncnc3cc(OC)c(NC(=O)N4CCN(CC)CC4)cc23)c1,CHEMBL203,Epidermal growth factor receptor,INHIBITOR,Epidermal growth factor receptor erbB1 inhibitor,1
CHEMBL3109738,JNJ-26483327,COc1cc2ncnc3c2cc1OCCCCCN(C)Cc1ccc(Br)cc1N3,CHEMBL203,Epidermal growth factor receptor,INHIBITOR,Epidermal growth factor receptor erbB1 inhibitor,1
CHEMBL3109738,JNJ-26483327,COc1cc2ncnc3c2cc1OCCCCCN(C)Cc1ccc(Br)cc1N3,CHEMBL1841,Tyrosine-protein kinase Fyn,INHIBITOR,Tyrosine-protein kinase FYN inhibitor,1
CHEMBL3109738,JNJ-26483327,COc1cc2ncnc3c2cc1OCCCCCN(C)Cc1ccc(Br)cc1N3,CHEMBL258,Tyrosine-protein kinase Lck,INHIBITOR,Tyrosine-protein kinase LCK inhibitor,1
CHEMBL3109738,JNJ-26483327,COc1cc2ncnc3c2cc1OCCCCCN(C)Cc1ccc(Br)cc1N3,CHEMBL3905,Tyrosine-protein kinase Lyn,INHIBITOR,Tyrosine-protein kinase Lyn inhibitor,1
CHEMBL3109738,JNJ-26483327,COc1cc2ncnc3c2cc1OCCCCCN(C)Cc1ccc(Br)cc1N3,CHEMBL267,Proto-oncogene tyrosine-protein kinase Src,INHIBITOR,Tyrosine-protein kinase SRC inhibitor,1
CHEMBL3109738,JNJ-26483327,COc1cc2ncnc3c2cc1OCCCCCN(C)Cc1ccc(Br)cc1N3,CHEMBL1955,Vascular endothelial growth factor receptor 3,INHIBITOR,Vascular endothelial growth factor receptor 3 inhibitor,1
CHEMBL3109738,JNJ-26483327,COc1cc2ncnc3c2cc1OCCCCCN(C)Cc1ccc(Br)cc1N3,CHEMBL2073,Tyrosine-protein kinase Yes,INHIBITOR,Tyrosine-protein kinase YES inhibitor,1
CHEMBL3109738,JNJ-26483327,COc1cc2ncnc3c2cc1OCCCCCN(C)Cc1ccc(Br)cc1N3,CHEMBL3009,Receptor tyrosine-protein kinase erbB-4,INHIBITOR,Receptor protein-tyrosine kinase erbB-4 inhibitor,1
CHEMBL3109738,JNJ-26483327,COc1cc2ncnc3c2cc1OCCCCCN(C)Cc1ccc(Br)cc1N3,CHEMBL1824,Receptor tyrosine-protein kinase erbB-2,INHIBITOR,Receptor protein-tyrosine kinase erbB-2 inhibitor,1
CHEMBL2133806,JNJ-38877605,Cn1cc(-c2ccc3nnc(C(F)(F)c4ccc5ncccc5c4)n3n2)cn1,CHEMBL3717,Hepatocyte growth factor receptor,INHIBITOR,Hepatocyte growth factor receptor inhibitor,1
CHEMBL3674570,EDICOTINIB,CC1(C)CC=C(c2nc(C3CC(C)(C)OC(C)(C)C3)ccc2NC(=O)c2nc(C#N)c[nH]2)CC1,CHEMBL1844,Macrophage colony-stimulating factor 1 receptor,INHIBITOR,Macrophage colony stimulating factor receptor inhibitor,2
CHEMBL1908397,KW-2449,O=C(c1ccc(/C=C/c2n[nH]c3ccccc23)cc1)N1CCNCC1,CHEMBL4722,Aurora kinase A,INHIBITOR,Serine/threonine-protein kinase Aurora-A inhibitor,1
CHEMBL1908397,KW-2449,O=C(c1ccc(/C=C/c2n[nH]c3ccccc23)cc1)N1CCNCC1,CHEMBL2185,Aurora kinase B,INHIBITOR,Serine/threonine-protein kinase Aurora-B inhibitor,1
CHEMBL1908397,KW-2449,O=C(c1ccc(/C=C/c2n[nH]c3ccccc23)cc1)N1CCNCC1,CHEMBL1974,Receptor-type tyrosine-protein kinase FLT3,INHIBITOR,Tyrosine-protein kinase receptor FLT3 inhibitor,1
CHEMBL1908397,KW-2449,O=C(c1ccc(/C=C/c2n[nH]c3ccccc23)cc1)N1CCNCC1,CHEMBL1862,Tyrosine-protein kinase ABL1,INHIBITOR,Tyrosine-protein kinase ABL inhibitor,1
CHEMBL3651966,LGH-447,C[C@@H]1C[C@H](N)C[C@H](c2ccncc2NC(=O)c2ccc(F)c(-c3c(F)cccc3F)n2)C1,CHEMBL3559682,Serine/threonine-protein kinase PIM,INHIBITOR,Serine/threonine-protein kinase PIM inhibitor,1
CHEMBL3889654,LAROTRECTINIB,O=C(Nc1cnn2ccc(N3CCC[C@@H]3c3cc(F)ccc3F)nc12)N1CC[C@H](O)C1,CHEMBL3559684,Neurotrophic tyrosine kinase receptor,INHIBITOR,Neurotrophic tyrosine kinase receptor inhibitor,4
CHEMBL3545076,LY-2584702,Cn1cc(-c2ccc(F)c(C(F)(F)F)c2)nc1C1CCN(c2ncnc3[nH]ncc23)CC1,CHEMBL4501,Ribosomal protein S6 kinase beta-1,INHIBITOR,Ribosomal protein S6 kinase 1 inhibitor,1
CHEMBL3545307,MERESTINIB,Cc1ccc(C(=O)Nc2ccc(Oc3cc4cnn(C)c4cc3-c3cn[nH]c3)c(F)c2)c(=O)n1-c1ccc(F)cc1,CHEMBL3717,Hepatocyte growth factor receptor,INHIBITOR,Hepatocyte growth factor receptor inhibitor,2
CHEMBL3577124,LY-3009120,CNc1ncc2cc(-c3cc(NC(=O)NCCC(C)(C)C)c(F)cc3C)c(C)nc2n1,CHEMBL5145,Serine/threonine-protein kinase B-raf,INHIBITOR,Serine/threonine-protein kinase B-raf inhibitor,1
CHEMBL3577124,LY-3009120,CNc1ncc2cc(-c3cc(NC(=O)NCCC(C)(C)C)c(F)cc3C)c(C)nc2n1,CHEMBL1906,RAF proto-oncogene serine/threonine-protein kinase,INHIBITOR,Serine/threonine-protein kinase RAF inhibitor,1
CHEMBL3577124,LY-3009120,CNc1ncc2cc(-c3cc(NC(=O)NCCC(C)(C)C)c(F)cc3C)c(C)nc2n1,CHEMBL1169596,Serine/threonine-protein kinase A-Raf,INHIBITOR,Serine/threonine-protein kinase A-Raf inhibitor,1
CHEMBL5314386,ME-344,Cc1c(O)ccc2c1OC[C@@H](c1ccc(O)cc1)[C@H]2c1ccc(O)cc1,CHEMBL2363065,Mitochondrial complex I (NADH dehydrogenase),INHIBITOR,Mitochondrial complex I (NADH dehydrogenase) inhibitor,1
CHEMBL5314387,MK-1496,C[C@H](N)c1ccc([C@H](O)CNC(C)(C)C)cc1,CHEMBL3024,Serine/threonine-protein kinase PLK1,INHIBITOR,Serine/threonine-protein kinase PLK1 inhibitor,1
CHEMBL3600873,MK-5108,O=C(O)[C@]1(Cc2cccc(Nc3nccs3)n2)CC[C@@H](Oc2cccc(Cl)c2F)CC1,CHEMBL4722,Aurora kinase A,INHIBITOR,Serine/threonine-protein kinase Aurora-A inhibitor,1
CHEMBL3545378,MK-6592,Cc1cc(Nc2cc(N3CC(F)(C4CC4)C3)nc(O[C@H]3CCN(C(=O)c4cc(Cl)ccc4F)C3)n2)n[nH]1,CHEMBL3430911,Serine/threonine-protein kinase Aurora,INHIBITOR,Serine/threonine-protein kinase Aurora inhibitor,1
CHEMBL2323775,MK-8033,Cn1cc(-c2cnc3ccc4ccc(CS(=O)(=O)NCc5ccccn5)cc4c(=O)c3c2)cn1,CHEMBL3717,Hepatocyte growth factor receptor,INHIBITOR,Hepatocyte growth factor receptor inhibitor,1
CHEMBL2323775,MK-8033,Cn1cc(-c2cnc3ccc4ccc(CS(=O)(=O)NCc5ccccn5)cc4c(=O)c3c2)cn1,CHEMBL2689,Macrophage-stimulating protein receptor,INHIBITOR,Macrophage-stimulating protein receptor inhibitor,1
CHEMBL4213970,MK-8353,CS[C@@]1(C(=O)Nc2ccc3[nH]nc(-c4ccc(OC(C)C)nc4)c3c2)CCN(CC(=O)N2CC=C(c3ccc(-c4ncn(C)n4)cc3)CC2)C1,CHEMBL3385,Mitogen-activated protein kinase 3,INHIBITOR,MAP kinase ERK1 inhibitor,1
CHEMBL4213970,MK-8353,CS[C@@]1(C(=O)Nc2ccc3[nH]nc(-c4ccc(OC(C)C)nc4)c3c2)CCN(CC(=O)N2CC=C(c3ccc(-c4ncn(C)n4)cc3)CC2)C1,CHEMBL4040,Mitogen-activated protein kinase 1,INHIBITOR,MAP kinase ERK2 inhibitor,1
CHEMBL3935857,SERABELISIB,Nc1nc2cc(-c3ccc4ncc(C(=O)N5CCOCC5)n4c3)ccc2o1,CHEMBL4005,"Phosphatidylinositol 4,5-bisphosphate 3-kinase catalytic subunit alpha isoform",INHIBITOR,PI3-kinase p110-alpha subunit inhibitor,2
CHEMBL3348923,TOVORAFENIB,C[C@@H](NC(=O)c1ncnc(N)c1Cl)c1ncc(C(=O)Nc2cc(C(F)(F)F)c(Cl)cn2)s1,CHEMBL3559685,RAF serine/threonine protein kinase,INHIBITOR,RAF serine/threonine protein kinase inhibitor,4
CHEMBL259084,MLN-8054,O=C(O)c1ccc(Nc2ncc3c(n2)-c2ccc(Cl)cc2C(c2c(F)cccc2F)=NC3)cc1,CHEMBL4722,Aurora kinase A,INHIBITOR,Serine/threonine-protein kinase Aurora-A inhibitor,1
CHEMBL6067986,AV-412,C=CC(=O)Nc1cc2c(Nc3ccc(F)c(Cl)c3)ncnc2cc1C#CC(C)(C)N1CCN(C)CC1.Cc1ccc(S(=O)(=O)O)cc1.Cc1ccc(S(=O)(=O)O)cc1,CHEMBL203,Epidermal growth factor receptor,INHIBITOR,Epidermal growth factor receptor erbB1 inhibitor,1
CHEMBL6067986,AV-412,C=CC(=O)Nc1cc2c(Nc3ccc(F)c(Cl)c3)ncnc2cc1C#CC(C)(C)N1CCN(C)CC1.Cc1ccc(S(=O)(=O)O)cc1.Cc1ccc(S(=O)(=O)O)cc1,CHEMBL1824,Receptor tyrosine-protein kinase erbB-2,INHIBITOR,Receptor protein-tyrosine kinase erbB-2 inhibitor,1
CHEMBL4871106,RUPITASERTIB,NC(=O)c1cccc2c(N[C@H](CN3CCC3)c3ccc(Cl)c(C(F)(F)F)c3)ncnc12,CHEMBL4282,RAC-alpha serine/threonine-protein kinase,INHIBITOR,Serine/threonine-protein kinase AKT inhibitor,2
CHEMBL4871106,RUPITASERTIB,NC(=O)c1cccc2c(N[C@H](CN3CCC3)c3ccc(Cl)c(C(F)(F)F)c3)ncnc12,CHEMBL4816,RAC-gamma serine/threonine-protein kinase,INHIBITOR,Serine/threonine-protein kinase AKT3 inhibitor,2
CHEMBL4871106,RUPITASERTIB,NC(=O)c1cccc2c(N[C@H](CN3CCC3)c3ccc(Cl)c(C(F)(F)F)c3)ncnc12,CHEMBL2111330,Ribosomal protein S6 kinase (P70S6K),INHIBITOR,Ribosomal protein S6 kinase (P70S6K) inhibitor,2
CHEMBL1738758,ONVANSERTIB,CN1CCN(c2ccc(OC(F)(F)F)c(Nc3ncc4c(n3)-c3c(c(C(N)=O)nn3CCO)CC4)c2)CC1,CHEMBL3024,Serine/threonine-protein kinase PLK1,INHIBITOR,Serine/threonine-protein kinase PLK1 inhibitor,2
CHEMBL4071161,TIRABRUTINIB,CC#CC(=O)N1CC[C@@H](n2c(=O)n(-c3ccc(Oc4ccccc4)cc3)c3c(N)ncnc32)C1,CHEMBL5251,Tyrosine-protein kinase BTK,INHIBITOR,Tyrosine-protein kinase BTK inhibitor,4
CHEMBL3989868,TUCATINIB,Cc1cc(Nc2ncnc3ccc(NC4=NC(C)(C)CO4)cc23)ccc1Oc1ccn2ncnc2c1,CHEMBL1824,Receptor tyrosine-protein kinase erbB-2,INHIBITOR,Receptor protein-tyrosine kinase erbB-2 inhibitor,4
CHEMBL1614710,OSI-930,O=C(Nc1ccc(OC(F)(F)F)cc1)c1sccc1NCc1ccnc2ccccc12,CHEMBL1936,Mast/stem cell growth factor receptor Kit,INHIBITOR,Stem cell growth factor receptor inhibitor,1
CHEMBL1614710,OSI-930,O=C(Nc1ccc(OC(F)(F)F)cc1)c1sccc1NCc1ccnc2ccccc12,CHEMBL2095227,Vascular endothelial growth factor receptor,INHIBITOR,Vascular endothelial growth factor receptor inhibitor,1
CHEMBL5095025,PANULISIB,Cn1/c(=N\C#N)n(-c2ccc(C(C)(C)C#N)nc2)c2c3cc(-c4cnc(N)c(C(F)(F)F)c4)ccc3ncc21,CHEMBL3559703,PI3-kinase class I,INHIBITOR,PI3-kinase class I inhibitor,2
CHEMBL5095025,PANULISIB,Cn1/c(=N\C#N)n(-c2ccc(C(C)(C)C#N)nc2)c2c3cc(-c4cnc(N)c(C(F)(F)F)c4)ccc3ncc21,CHEMBL2842,Serine/threonine-protein kinase mTOR,INHIBITOR,Serine/threonine-protein kinase mTOR inhibitor,2
CHEMBL5095025,PANULISIB,Cn1/c(=N\C#N)n(-c2ccc(C(C)(C)C#N)nc2)c2c3cc(-c4cnc(N)c(C(F)(F)F)c4)ccc3ncc21,CHEMBL5311,Activin receptor type-1-like,INHIBITOR,Serine/threonine-protein kinase receptor R3 inhibitor,2
CHEMBL1684984,IZORLISIB,CS(=O)(=O)N1CCc2c(-c3cnc(N)nc3)nc(N3CCOCC3)nc21,CHEMBL3559703,PI3-kinase class I,INHIBITOR,PI3-kinase class I inhibitor,2
CHEMBL2141712,PALOMID-529,COc1ccc(COc2cc3oc(=O)c4cc(C(C)O)ccc4c3cc2OC)cc1,CHEMBL2842,Serine/threonine-protein kinase mTOR,INHIBITOR,Serine/threonine-protein kinase mTOR inhibitor,1
CHEMBL1738697,PF-00337210,CNC(=O)c1c(C)oc2cc(Oc3ccnc4cc(OCCN5CCOCC5)ccc34)ccc12,CHEMBL279,Vascular endothelial growth factor receptor 2,INHIBITOR,Vascular endothelial growth factor receptor 2 inhibitor,1
CHEMBL3545137,PF-00477736,Cn1cc(C2=Nc3cc(NC(=O)C(N)C4CCCCC4)cc4c3C2=CNNC4=O)cn1,CHEMBL4630,Serine/threonine-protein kinase Chk1,INHIBITOR,Serine/threonine-protein kinase Chk1 inhibitor,1
CHEMBL1938400,PF-03715455,CC(C)(C)c1cc(NC(=O)NCc2ccccc2Sc2ccc3nnc(-c4ccccc4SCCO)n3c2)n(-c2ccc(O)c(Cl)c2)n1,CHEMBL260,Mitogen-activated protein kinase 14,INHIBITOR,MAP kinase p38 alpha inhibitor,2
CHEMBL3128043,PF-03758309,Cc1nc(Nc2n[nH]c3c2CN(C(=O)N[C@H](CN(C)C)c2ccccc2)C3(C)C)c2sccc2n1,CHEMBL4482,Serine/threonine-protein kinase PAK 4,INHIBITOR,Serine/threonine-protein kinase PAK 4 inhibitor,1
CHEMBL4289017,PF-03814735,CC(=O)NCC(=O)N1[C@@H]2CC[C@H]1c1ccc(Nc3ncc(C(F)(F)F)c(NC4CCC4)n3)cc12,CHEMBL4722,Aurora kinase A,INHIBITOR,Serine/threonine-protein kinase Aurora-A inhibitor,1
CHEMBL4289017,PF-03814735,CC(=O)NCC(=O)N1[C@@H]2CC[C@H]1c1ccc(Nc3ncc(C(F)(F)F)c(NC4CCC4)n3)cc12,CHEMBL2185,Aurora kinase B,INHIBITOR,Serine/threonine-protein kinase Aurora-B inhibitor,1
CHEMBL2001019,PF-04217903,OCCn1cc(-c2cnc3nnn(Cc4ccc5ncccc5c4)c3n2)cn1,CHEMBL3717,Hepatocyte growth factor receptor,INHIBITOR,Hepatocyte growth factor receptor inhibitor,1
CHEMBL3655081,ABROCITINIB,CCCS(=O)(=O)N[C@H]1C[C@@H](N(C)c2ncnc3[nH]ccc23)C1,CHEMBL2835,Tyrosine-protein kinase JAK1,INHIBITOR,Tyrosine-protein kinase JAK1 inhibitor,4
CHEMBL1230607,PHA-793887,CC(C)CC(=O)Nc1n[nH]c2c1CN(C(=O)C1CCN(C)CC1)C2(C)C,CHEMBL3559691,Cyclin-dependent kinase,INHIBITOR,Cyclin-dependent kinase inhibitor,1
CHEMBL1258517,PKI-179,O=C(Nc1ccncc1)Nc1ccc(-c2nc(N3CCOCC3)nc(N3C4CCC3COC4)n2)cc1,CHEMBL2842,Serine/threonine-protein kinase mTOR,INHIBITOR,Serine/threonine-protein kinase mTOR inhibitor,1
CHEMBL1258517,PKI-179,O=C(Nc1ccncc1)Nc1ccc(-c2nc(N3CCOCC3)nc(N3C4CCC3COC4)n2)cc1,CHEMBL4005,"Phosphatidylinositol 4,5-bisphosphate 3-kinase catalytic subunit alpha isoform",INHIBITOR,PI3-kinase p110-alpha subunit inhibitor,1
CHEMBL3639728,PLX-5622,COc1ncc(F)cc1CNc1ccc(Cc2c[nH]c3ncc(C)cc23)c(F)n1,CHEMBL1844,Macrophage colony-stimulating factor 1 receptor,INHIBITOR,Macrophage colony stimulating factor receptor inhibitor,1
CHEMBL4303729,PLIXORAFENIB,O=C(c1c(F)ccc(NS(=O)(=O)N2CC[C@@H](F)C2)c1F)c1c[nH]c2ncc(-c3cnc(C4CC4)nc3)cc12,CHEMBL5145,Serine/threonine-protein kinase B-raf,INHIBITOR,Serine/threonine-protein kinase B-raf inhibitor,2
CHEMBL5314384,R-348,C#CCOc1ccc(Nc2nc(Nc3ccc(C)c(S(=O)(=O)NC(=O)CC)c3)ncc2F)cc1,CHEMBL2148,Tyrosine-protein kinase JAK3,INHIBITOR,Tyrosine-protein kinase JAK3 inhibitor,2
CHEMBL5314384,R-348,C#CCOc1ccc(Nc2nc(Nc3ccc(C)c(S(=O)(=O)NC(=O)CC)c3)ncc2F)cc1,CHEMBL2599,Tyrosine-protein kinase SYK,INHIBITOR,Tyrosine-protein kinase SYK inhibitor,2
CHEMBL384304,RG-547,COc1ccc(F)c(F)c1C(=O)c1cnc(NC2CCN(S(C)(=O)=O)CC2)nc1N,CHEMBL308,Cyclin-dependent kinase 1,INHIBITOR,Cyclin-dependent kinase 1 inhibitor,2
CHEMBL384304,RG-547,COc1ccc(F)c(F)c1C(=O)c1cnc(NC2CCN(S(C)(=O)=O)CC2)nc1N,CHEMBL301,Cyclin-dependent kinase 2,INHIBITOR,Cyclin-dependent kinase 2 inhibitor,2
CHEMBL384304,RG-547,COc1ccc(F)c(F)c1C(=O)c1cnc(NC2CCN(S(C)(=O)=O)CC2)nc1N,CHEMBL331,Cyclin-dependent kinase 4,INHIBITOR,Cyclin-dependent kinase 4 inhibitor,2
CHEMBL3264002,AVUTOMETINIB,CNS(=O)(=O)Nc1nccc(Cc2c(C)c3ccc(Oc4ncccn4)cc3oc2=O)c1F,CHEMBL3587,Dual specificity mitogen-activated protein kinase kinase 1,INHIBITOR,Dual specificity mitogen-activated protein kinase kinase 1 inhibitor,3
CHEMBL3264002,AVUTOMETINIB,CNS(=O)(=O)Nc1nccc(Cc2c(C)c3ccc(Oc4ncccn4)cc3oc2=O)c1F,CHEMBL2964,Dual specificity mitogen-activated protein kinase kinase 2,INHIBITOR,Dual specificity mitogen-activated protein kinase kinase 2 inhibitor,3
CHEMBL5314388,RG-7602,CCN1CCC(Oc2c(C#N)ncc3[nH]c4ncccc4c23)CC1,CHEMBL4630,Serine/threonine-protein kinase Chk1,INHIBITOR,Serine/threonine-protein kinase Chk1 inhibitor,1
CHEMBL2331680,RG-7603,CCNC(=O)Nc1ccc(-c2nc3c(c(N4CCOC[C@@H]4C)n2)CCN(C2COC2)C3)cc1,CHEMBL2842,Serine/threonine-protein kinase mTOR,INHIBITOR,Serine/threonine-protein kinase mTOR inhibitor,1
CHEMBL3813842,PAXALISIB,CC1(C)OCCn2c1nc1c(N3CCOCC3)nc(-c3cnc(N)nc3)nc12,CHEMBL3559703,PI3-kinase class I,INHIBITOR,PI3-kinase class I inhibitor,2
CHEMBL3545083,RGB-286638,COCCN1CCN(Cc2ccc(-c3n[nH]c4c3C(=O)c3c(NC(=O)NN5CCOCC5)cccc3-4)cc2)CC1,CHEMBL308,Cyclin-dependent kinase 1,INHIBITOR,Cyclin-dependent kinase 1 inhibitor,1
CHEMBL3545083,RGB-286638,COCCN1CCN(Cc2ccc(-c3n[nH]c4c3C(=O)c3c(NC(=O)NN5CCOCC5)cccc3-4)cc2)CC1,CHEMBL301,Cyclin-dependent kinase 2,INHIBITOR,Cyclin-dependent kinase 2 inhibitor,1
CHEMBL3545083,RGB-286638,COCCN1CCN(Cc2ccc(-c3n[nH]c4c3C(=O)c3c(NC(=O)NN5CCOCC5)cccc3-4)cc2)CC1,CHEMBL331,Cyclin-dependent kinase 4,INHIBITOR,Cyclin-dependent kinase 4 inhibitor,1
CHEMBL3545083,RGB-286638,COCCN1CCN(Cc2ccc(-c3n[nH]c4c3C(=O)c3c(NC(=O)NN5CCOCC5)cccc3-4)cc2)CC1,CHEMBL4036,Cyclin-dependent kinase 5,INHIBITOR,Cyclin-dependent kinase 5 inhibitor,1
CHEMBL3545083,RGB-286638,COCCN1CCN(Cc2ccc(-c3n[nH]c4c3C(=O)c3c(NC(=O)NN5CCOCC5)cccc3-4)cc2)CC1,CHEMBL3055,Cyclin-dependent kinase 7,INHIBITOR,Cyclin-dependent kinase 7 inhibitor,1
CHEMBL3545083,RGB-286638,COCCN1CCN(Cc2ccc(-c3n[nH]c4c3C(=O)c3c(NC(=O)NN5CCOCC5)cccc3-4)cc2)CC1,CHEMBL3116,Cyclin-dependent kinase 9,INHIBITOR,Cyclin-dependent kinase 9 inhibitor,1
CHEMBL1614766,RO-4987655,O=C(NOCCO)c1cc(CN2OCCCC2=O)c(F)c(F)c1Nc1ccc(I)cc1F,CHEMBL3587,Dual specificity mitogen-activated protein kinase kinase 1,INHIBITOR,Dual specificity mitogen-activated protein kinase kinase 1 inhibitor,1
CHEMBL1614766,RO-4987655,O=C(NOCCO)c1cc(CN2OCCCC2=O)c(F)c(F)c1Nc1ccc(I)cc1F,CHEMBL2964,Dual specificity mitogen-activated protein kinase kinase 2,INHIBITOR,Dual specificity mitogen-activated protein kinase kinase 2 inhibitor,1
CHEMBL4297584,TENALISIB,CC[C@H](Nc1ncnc2[nH]cnc12)c1oc2ccccc2c(=O)c1-c1cccc(F)c1,CHEMBL3130,"Phosphatidylinositol 4,5-bisphosphate 3-kinase catalytic subunit delta isoform",INHIBITOR,PI3-kinase p110-delta subunit inhibitor,2
CHEMBL4297584,TENALISIB,CC[C@H](Nc1ncnc2[nH]cnc12)c1oc2ccccc2c(=O)c1-c1cccc(F)c1,CHEMBL3267,"Phosphatidylinositol 4,5-bisphosphate 3-kinase catalytic subunit gamma isoform",INHIBITOR,PI3-kinase p110-gamma subunit inhibitor,2
CHEMBL4461070,SAR-125844,O=C(NCCN1CCOCC1)Nc1nc2ccc(Sc3nnc4ccc(-c5ccc(F)cc5)nn34)cc2s1,CHEMBL3717,Hepatocyte growth factor receptor,INHIBITOR,Hepatocyte growth factor receptor inhibitor,2
CHEMBL3112866,SAR-260301,C[C@H]1Cc2ccccc2N1C(=O)Cc1nc(N2CCOCC2)cc(=O)[nH]1,CHEMBL3145,"Phosphatidylinositol 4,5-bisphosphate 3-kinase catalytic subunit beta isoform",INHIBITOR,PI3-kinase p110-beta subunit inhibitor,1
CHEMBL2386889,SCH-900776,Cn1cc(-c2cnn3c(N)c(Br)c([C@@H]4CCCNC4)nc23)cn1,CHEMBL4630,Serine/threonine-protein kinase Chk1,INHIBITOR,Serine/threonine-protein kinase Chk1 inhibitor,2
CHEMBL2326966,SF-1126,N=C(N)NCCC[C@H](NC(=O)CCC(=O)OC[N+]1(c2cc(=O)c3cccc(-c4ccccc4)c3o2)CCOCC1)C(=O)NCC(=O)N[C@@H](CC(=O)O)C(=O)N[C@@H](CO)C(=O)[O-],CHEMBL3559703,PI3-kinase class I,INHIBITOR,PI3-kinase class I inhibitor,2
CHEMBL2326966,SF-1126,N=C(N)NCCC[C@H](NC(=O)CCC(=O)OC[N+]1(c2cc(=O)c3cccc(-c4ccccc4)c3o2)CCOCC1)C(=O)NCC(=O)N[C@@H](CC(=O)O)C(=O)N[C@@H](CO)C(=O)[O-],CHEMBL2842,Serine/threonine-protein kinase mTOR,INHIBITOR,Serine/threonine-protein kinase mTOR inhibitor,2
CHEMBL1952329,SGI-1776,CN1CCC(CNc2ccc3ncc(-c4cccc(OC(F)(F)F)c4)n3n2)CC1,CHEMBL3559682,Serine/threonine-protein kinase PIM,INHIBITOR,Serine/threonine-protein kinase PIM inhibitor,1
CHEMBL1236107,SGX-523,Cn1cc(-c2ccc3nnc(Sc4ccc5ncccc5c4)n3n2)cn1,CHEMBL3717,Hepatocyte growth factor receptor,INHIBITOR,Hepatocyte growth factor receptor inhibitor,1
CHEMBL482767,SNS-314,O=C(Nc1cccc(Cl)c1)Nc1ncc(CCNc2ncnc3ccsc23)s1,CHEMBL3430911,Serine/threonine-protein kinase Aurora,INHIBITOR,Serine/threonine-protein kinase Aurora inhibitor,1
CHEMBL1614707,MUBRITINIB,FC(F)(F)c1ccc(/C=C/c2nc(COc3ccc(CCCCn4ccnn4)cc3)co2)cc1,CHEMBL1824,Receptor tyrosine-protein kinase erbB-2,INHIBITOR,Receptor protein-tyrosine kinase erbB-2 inhibitor,2
CHEMBL1614725,TAK-285,CC(C)(O)CC(=O)NCCn1ccc2ncnc(Nc3ccc(Oc4cccc(C(F)(F)F)c4)c(Cl)c3)c21,CHEMBL1824,Receptor tyrosine-protein kinase erbB-2,INHIBITOR,Receptor protein-tyrosine kinase erbB-2 inhibitor,1
CHEMBL1614725,TAK-285,CC(C)(O)CC(=O)NCCn1ccc2ncnc(Nc3ccc(Oc4cccc(C(F)(F)F)c4)c(Cl)c3)c21,CHEMBL203,Epidermal growth factor receptor,INHIBITOR,Epidermal growth factor receptor erbB1 inhibitor,1
CHEMBL2180604,TAK-593,Cc1cc(C(=O)Nc2cc(Oc3ccc4nc(NC(=O)C5CC5)cn4n3)ccc2C)n(C)n1,CHEMBL2095189,Platelet-derived growth factor receptor,INHIBITOR,Platelet-derived growth factor receptor inhibitor,1
CHEMBL2180604,TAK-593,Cc1cc(C(=O)Nc2cc(Oc3ccc4nc(NC(=O)C5CC5)cn4n3)ccc2C)n(C)n1,CHEMBL2095227,Vascular endothelial growth factor receptor,INHIBITOR,Vascular endothelial growth factor receptor inhibitor,1
CHEMBL4594253,MIVAVOTINIB CITRATE,Cn1cc(-c2nc(N[C@@H]3CCCC[C@@H]3N)c(F)c3c2C(=O)NC3)cn1.O=C(O)CC(O)(CC(=O)O)C(=O)O,CHEMBL2599,Tyrosine-protein kinase SYK,INHIBITOR,Tyrosine-protein kinase SYK inhibitor,2
CHEMBL1615025,TAK-733,Cn1c(=O)c(F)c(Nc2ccc(I)cc2F)c2c(=O)n(C[C@@H](O)CO)cnc21,CHEMBL3587,Dual specificity mitogen-activated protein kinase kinase 1,INHIBITOR,Dual specificity mitogen-activated protein kinase kinase 1 inhibitor,2
CHEMBL1615025,TAK-733,Cn1c(=O)c(F)c(Nc2ccc(I)cc2F)c2c(=O)n(C[C@@H](O)CO)cnc21,CHEMBL2964,Dual specificity mitogen-activated protein kinase kinase 2,INHIBITOR,Dual specificity mitogen-activated protein kinase kinase 2 inhibitor,2
CHEMBL3544932,TAK-901,CCS(=O)(=O)c1cccc(-c2cc(C(=O)NC3CCN(C)CC3)c(C)c3[nH]c4ncc(C)cc4c23)c1,CHEMBL2185,Aurora kinase B,INHIBITOR,Serine/threonine-protein kinase Aurora-B inhibitor,1
CHEMBL2392545,TAK-960,COc1cc(C(=O)NC2CCN(C)CC2)c(F)cc1Nc1ncc2c(n1)N(C1CCCC1)CC(F)(F)C(=O)N2C,CHEMBL3024,Serine/threonine-protein kinase PLK1,INHIBITOR,Serine/threonine-protein kinase PLK1 inhibitor,1
CHEMBL3692206,TAS-119,Cc1cc(Nc2nc(CC3(C(=O)O)CCN(C(=O)c4cccc(Cl)c4Cl)CC3)ccc2F)n[nH]1,CHEMBL4722,Aurora kinase A,INHIBITOR,Serine/threonine-protein kinase Aurora-A inhibitor,1
CHEMBL192986,RSM-932A,CN(c1ccc(Cl)cc1)c1cc[n+](Cc2ccc(-c3ccc(C[n+]4ccc(N(C)c5ccc(Cl)cc5)c5ccccc54)cc3)cc2)c2ccccc12.[Br-].[Br-],CHEMBL3117,Choline kinase alpha,INHIBITOR,Choline kinase alpha inhibitor,1
CHEMBL1944698,ZOTIRACICLIB,CN1C/C=C/CCOc2cccc(c2)-c2ccnc(n2)Nc2cccc(c2)C1,CHEMBL308,Cyclin-dependent kinase 1,INHIBITOR,Cyclin-dependent kinase 1 inhibitor,2
CHEMBL1944698,ZOTIRACICLIB,CN1C/C=C/CCOc2cccc(c2)-c2ccnc(n2)Nc2cccc(c2)C1,CHEMBL301,Cyclin-dependent kinase 2,INHIBITOR,Cyclin-dependent kinase 2 inhibitor,2
CHEMBL1944698,ZOTIRACICLIB,CN1C/C=C/CCOc2cccc(c2)-c2ccnc(n2)Nc2cccc(c2)C1,CHEMBL3055,Cyclin-dependent kinase 7,INHIBITOR,Cyclin-dependent kinase 7 inhibitor,2
CHEMBL1944698,ZOTIRACICLIB,CN1C/C=C/CCOc2cccc(c2)-c2ccnc(n2)Nc2cccc(c2)C1,CHEMBL3116,Cyclin-dependent kinase 9,INHIBITOR,Cyclin-dependent kinase 9 inhibitor,2
CHEMBL1944698,ZOTIRACICLIB,CN1C/C=C/CCOc2cccc(c2)-c2ccnc(n2)Nc2cccc(c2)C1,CHEMBL1974,Receptor-type tyrosine-protein kinase FLT3,INHIBITOR,Tyrosine-protein kinase receptor FLT3 inhibitor,2
CHEMBL1944698,ZOTIRACICLIB,CN1C/C=C/CCOc2cccc(c2)-c2ccnc(n2)Nc2cccc(c2)C1,CHEMBL2971,Tyrosine-protein kinase JAK2,INHIBITOR,Tyrosine-protein kinase JAK2 inhibitor,2
CHEMBL3989869,UMBRALISIB TOSYLATE,CC(C)Oc1ccc(-c2nn([C@@H](C)c3oc4ccc(F)cc4c(=O)c3-c3cccc(F)c3)c3ncnc(N)c23)cc1F.Cc1ccc(S(=O)(=O)O)cc1,CHEMBL3130,"Phosphatidylinositol 4,5-bisphosphate 3-kinase catalytic subunit delta isoform",INHIBITOR,PI3-kinase p110-delta subunit inhibitor,4
CHEMBL3040440,VS-4718,CNC(=O)c1ccccc1Nc1cc(Nc2ccc(N3CCOCC3)cc2OC)ncc1C(F)(F)F,CHEMBL2695,Focal adhesion kinase 1,INHIBITOR,Focal adhesion kinase 1 inhibitor,1
CHEMBL3393066,VS-5584,Cc1nc2c(-c3cnc(N)nc3)nc(N3CCOCC3)nc2n1C(C)C,CHEMBL2842,Serine/threonine-protein kinase mTOR,INHIBITOR,Serine/threonine-protein kinase mTOR inhibitor,1
CHEMBL3393066,VS-5584,Cc1nc2c(-c3cnc(N)nc3)nc(N3CCOCC3)nc2n1C(C)C,CHEMBL3559703,PI3-kinase class I,INHIBITOR,PI3-kinase class I inhibitor,1
CHEMBL3989870,BERZOSERTIB,CNCc1ccc(-c2cc(-c3nc(-c4ccc(S(=O)(=O)C(C)C)cc4)cnc3N)on2)cc1,CHEMBL5024,Serine/threonine-protein kinase ATR,INHIBITOR,Serine-protein kinase ATR inhibitor,2
CHEMBL4113131,ENSARTINIB,C[C@@H]1CN(C(=O)c2ccc(NC(=O)c3cc(O[C@H](C)c4c(Cl)ccc(F)c4Cl)c(N)nn3)cc2)C[C@H](C)N1,CHEMBL4247,ALK tyrosine kinase receptor,INHIBITOR,ALK tyrosine kinase receptor inhibitor,4
CHEMBL3545328,XL-019,O=C(Nc1ccc(-c2ccnc(Nc3ccc(N4CCOCC4)cc3)n2)cc1)C1CCCN1,CHEMBL2971,Tyrosine-protein kinase JAK2,INHIBITOR,Tyrosine-protein kinase JAK2 inhibitor,1
CHEMBL3545085,XL-228,CC(C)c1cc(CNc2nc(Nc3cc(C4CC4)[nH]n3)cc(N3CCN(C)CC3)n2)on1,CHEMBL1862,Tyrosine-protein kinase ABL1,INHIBITOR,Tyrosine-protein kinase ABL inhibitor,1
CHEMBL3545085,XL-228,CC(C)c1cc(CNc2nc(Nc3cc(C4CC4)[nH]n3)cc(N3CCN(C)CC3)n2)on1,CHEMBL1957,Insulin-like growth factor 1 receptor,INHIBITOR,Insulin-like growth factor I receptor inhibitor,1
CHEMBL3545085,XL-228,CC(C)c1cc(CNc2nc(Nc3cc(C4CC4)[nH]n3)cc(N3CCN(C)CC3)n2)on1,CHEMBL2363074,SRC,INHIBITOR,SRC inhibitor,1
CHEMBL2016893,XL-418,Cc1c(NCCN2CCCC2)cc(C(=O)CCC(F)(F)F)cc1N1CCN(c2ncnc3[nH]nc(Br)c23)CC1,CHEMBL2111353,Serine/threonine-protein kinase AKT,INHIBITOR,Serine/threonine-protein kinase AKT inhibitor,1
CHEMBL2016893,XL-418,Cc1c(NCCN2CCCC2)cc(C(=O)CCC(F)(F)F)cc1N1CCN(c2ncnc3[nH]nc(Br)c23)CC1,CHEMBL2111330,Ribosomal protein S6 kinase (P70S6K),INHIBITOR,Ribosomal protein S6 kinase (P70S6K) inhibitor,1
CHEMBL1206245,BRICICLIB,COc1cc(OC)c(/C=C/S(=O)(=O)Cc2ccc(OC)c(OP(=O)(O)O)c2)c(OC)c1,CHEMBL3610,G1/S-specific cyclin-D1,INHIBITOR,G1/S-specific cyclin D1 inhibitor,2
CHEMBL1084617,TEMANOGREL,COc1cccc(C(=O)Nc2ccc(OCCN3CCOCC3)c(-c3ccnn3C)c2)c1,CHEMBL224,5-hydroxytryptamine receptor 2A,INVERSE AGONIST,Serotonin 2a (5-HT2a) receptor inverse agonist,2
CHEMBL1829335,IRDABISANT,C[C@@H]1CCCN1CCCOc1ccc(-c2ccc(=O)[nH]n2)cc1,CHEMBL264,Histamine H3 receptor,ANTAGONIST,Histamine H3 receptor antagonist,2
CHEMBL2205230,TAK-441,CCc1cc2c(c(OCC(F)(F)F)c(C(=O)NC3CCN(C(=O)CO)CC3)n2C)c(=O)n1CC(=O)c1ccccc1,CHEMBL5971,Protein smoothened,ANTAGONIST,Smoothened homolog antagonist,1
CHEMBL3133037,LEQ506,Cc1c(Cc2ccccc2)nnc(N2CCN(c3cnc(C(C)(C)O)cn3)[C@H](C)C2)c1C,CHEMBL5971,Protein smoothened,ANTAGONIST,Smoothened homolog antagonist,1
CHEMBL3358920,ETRASIMOD,O=C(O)C[C@H]1CCc2c1[nH]c1ccc(OCc3ccc(C4CCCC4)c(C(F)(F)F)c3)cc21,CHEMBL4333,Sphingosine 1-phosphate receptor 1,AGONIST,Sphingosine 1-phosphate receptor Edg-1 agonist,4
CHEMBL4175981,OLORINAB,CC(C)(C)[C@@H](CO)NC(=O)c1nn(-c2c[n+]([O-])ccn2)c2c1C[C@@H]1C[C@H]21,CHEMBL253,Cannabinoid receptor 2,AGONIST,Cannabinoid CB2 receptor agonist,2
CHEMBL2397751,SAD448,CCOC(=O)c1c(C)cc2nc(COC(=O)NCCO)n(-c3ccccc3S(=O)(=O)NC)c(=O)c2c1C,CHEMBL218,Cannabinoid receptor 1,AGONIST,Cannabinoid CB1 receptor agonist,1
CHEMBL2397751,SAD448,CCOC(=O)c1c(C)cc2nc(COC(=O)NCCO)n(-c3ccccc3S(=O)(=O)NC)c(=O)c2c1C,CHEMBL253,Cannabinoid receptor 2,AGONIST,Cannabinoid CB2 receptor agonist,1
CHEMBL3915620,LY2881835,CC#C[C@@H](CC(=O)O)c1ccc(OCc2ccc(CN3CCC4(C=Cc5ccccc54)CC3)cc2)cc1,CHEMBL4422,Free fatty acid receptor 1,AGONIST,Free fatty acid receptor 1 agonist,1
CHEMBL4303379,LY2979165,C[C@H](N)C(=O)N[C@@]1(C(=O)O)C[C@@H](Sc2nnc[nH]2)[C@H]2[C@H](C(=O)O)[C@H]21,CHEMBL5137,Metabotropic glutamate receptor 2,AGONIST,Metabotropic glutamate receptor 2 agonist,1
CHEMBL3694769,PBF-509,Nc1nc(-n2cccn2)nc(-n2cccn2)c1Br,CHEMBL251,Adenosine receptor A2a,ANTAGONIST,Adenosine A2a receptor antagonist,1
CHEMBL3942498,PBF-999,C#CCNc1nc(-n2cncn2)nc(N)c1Br,CHEMBL251,Adenosine receptor A2a,ANTAGONIST,Adenosine A2a receptor antagonist,1
CHEMBL3942498,PBF-999,C#CCNc1nc(-n2cncn2)nc(N)c1Br,CHEMBL4409,"cAMP and cAMP-inhibited cGMP 3',5'-cyclic phosphodiesterase 10A",INHIBITOR,Phosphodiesterase 10A inhibitor,1
CHEMBL1915540,ADRIFORANT,CN[C@@H]1CCN(c2cc(NCC3CC3)nc(N)n2)C1,CHEMBL3759,Histamine H4 receptor,ANTAGONIST,Histamine H4 receptor antagonist,2
CHEMBL3545010,ORDOPIDINE,CCN1CCC(c2cccc(S(C)(=O)=O)c2F)CC1,CHEMBL217,D(2) dopamine receptor,MODULATOR,Dopamine D2 receptor modulator,2
CHEMBL3545330,MSX-122,c1cnc(NCc2ccc(CNc3ncccn3)cc2)nc1,CHEMBL2107,C-X-C chemokine receptor type 4,ANTAGONIST,C-X-C chemokine receptor type 4 antagonist,1
CHEMBL3916700,LAS190792,COc1cc(NC(=O)OCCN(C)[C@H]2CC[C@H](OC(=O)C(O)(c3cccs3)c3cccs3)CC2)c(Cl)cc1CNC[C@H](O)c1ccc(O)c2[nH]c(=O)ccc12,CHEMBL210,Beta-2 adrenergic receptor,AGONIST,Beta-2 adrenergic receptor agonist,1
CHEMBL3916700,LAS190792,COc1cc(NC(=O)OCCN(C)[C@H]2CC[C@H](OC(=O)C(O)(c3cccs3)c3cccs3)CC2)c(Cl)cc1CNC[C@H](O)c1ccc(O)c2[nH]c(=O)ccc12,CHEMBL245,Muscarinic acetylcholine receptor M3,ANTAGONIST,Muscarinic acetylcholine receptor M3 antagonist,1
CHEMBL1980391,RG-1530,COc1cc2c(cc1F)C(c1ccccc1Cl)=Nc1c(n[nH]c1C)N2,CHEMBL3650,Fibroblast growth factor receptor 1,INHIBITOR,Fibroblast growth factor receptor 1 inhibitor,1
CHEMBL1980391,RG-1530,COc1cc2c(cc1F)C(c1ccccc1Cl)=Nc1c(n[nH]c1C)N2,CHEMBL4142,Fibroblast growth factor receptor 2,INHIBITOR,Fibroblast growth factor receptor 2 inhibitor,1
CHEMBL1980391,RG-1530,COc1cc2c(cc1F)C(c1ccccc1Cl)=Nc1c(n[nH]c1C)N2,CHEMBL1974,Receptor-type tyrosine-protein kinase FLT3,INHIBITOR,Tyrosine-protein kinase receptor FLT3 inhibitor,1
CHEMBL1980391,RG-1530,COc1cc2c(cc1F)C(c1ccccc1Cl)=Nc1c(n[nH]c1C)N2,CHEMBL1913,Platelet-derived growth factor receptor beta,INHIBITOR,Platelet-derived growth factor receptor beta inhibitor,1
CHEMBL1980391,RG-1530,COc1cc2c(cc1F)C(c1ccccc1Cl)=Nc1c(n[nH]c1C)N2,CHEMBL2095227,Vascular endothelial growth factor receptor,INHIBITOR,Vascular endothelial growth factor receptor inhibitor,1
CHEMBL1980391,RG-1530,COc1cc2c(cc1F)C(c1ccccc1Cl)=Nc1c(n[nH]c1C)N2,CHEMBL4722,Aurora kinase A,INHIBITOR,Serine/threonine-protein kinase Aurora-A inhibitor,1
CHEMBL1980391,RG-1530,COc1cc2c(cc1F)C(c1ccccc1Cl)=Nc1c(n[nH]c1C)N2,CHEMBL3788,Serine/threonine-protein kinase PLK4,INHIBITOR,Serine/threonine-protein kinase PLK4 inhibitor,1
CHEMBL3894860,TRILACICLIB,CN1CCN(c2ccc(Nc3ncc4cc5n(c4n3)C3(CCCCC3)CNC5=O)nc2)CC1,CHEMBL331,Cyclin-dependent kinase 4,INHIBITOR,Cyclin-dependent kinase 4 inhibitor,4
CHEMBL3894860,TRILACICLIB,CN1CCN(c2ccc(Nc3ncc4cc5n(c4n3)C3(CCCCC3)CNC5=O)nc2)CC1,CHEMBL2508,Cyclin-dependent kinase 6,INHIBITOR,Cyclin-dependent kinase 6 inhibitor,4
CHEMBL504652,TC-2216,c1cncc(N2CCC3(CCCN3)C2)c1,CHEMBL1907589,Neuronal acetylcholine receptor; alpha4/beta2,ANTAGONIST,Neuronal acetylcholine receptor; alpha4/beta2 antagonist,1
CHEMBL1783256,AZD6280,CCCNC(=O)c1nnc2c(-c3cc(OC)ccc3OC)cccc2c1N,CHEMBL4956,Gamma-aminobutyric acid receptor subunit alpha-2,POSITIVE ALLOSTERIC MODULATOR,GABA receptor alpha-2 subunit positive allosteric modulator,1
CHEMBL1783256,AZD6280,CCCNC(=O)c1nnc2c(-c3cc(OC)ccc3OC)cccc2c1N,CHEMBL3026,Gamma-aminobutyric acid receptor subunit alpha-3,POSITIVE ALLOSTERIC MODULATOR,GABA receptor alpha-3 subunit positive allosteric modulator,1
CHEMBL1222883,GSK1482160,CN1C(=O)CC[C@H]1C(=O)NCc1cccc(C(F)(F)F)c1Cl,CHEMBL4805,P2X purinoceptor 7,NEGATIVE ALLOSTERIC MODULATOR,P2X purinoceptor 7 negative allosteric modulator,1
CHEMBL3678076,EVENAMIDE,CCCCOc1cccc(CCNCC(=O)N(C)C)c1,CHEMBL2331043,Sodium channel alpha subunit,BLOCKER,Sodium channel alpha subunit blocker,2
CHEMBL429317,AVL-3288,Cc1cc(/C(=C/Nc2ccc(Cl)cc2)C(=O)Nc2ccc(Cl)cc2)on1,CHEMBL2492,Neuronal acetylcholine receptor subunit alpha-7,POSITIVE ALLOSTERIC MODULATOR,Neuronal acetylcholine receptor protein alpha-7 subunit positive allosteric modulator,1
CHEMBL4650214,ZANDELISIB,CN1CCC(c2ccccc2CC(C)(C)Nc2nc(N3CCOCC3)nc(-n3c(C(F)F)nc4ccccc43)n2)CC1,CHEMBL3130,"Phosphatidylinositol 4,5-bisphosphate 3-kinase catalytic subunit delta isoform",INHIBITOR,PI3-kinase p110-delta subunit inhibitor,3
CHEMBL4456085,BAY-1217389,COc1ccc(Oc2cc(NCCC(F)(F)F)c3ncc(-c4ccc(C(=O)NC5CC5)c(C)c4)n3n2)c(F)c1F,CHEMBL3983,Dual specificity protein kinase TTK,INHIBITOR,Dual specificity protein kinase TTK inhibitor,1
CHEMBL1277072,HENATINIB,Cc1c(/C=C2\C(=O)Nc3ccc(F)cc32)[nH]c2c1C(=O)N(C[C@H](O)CN1CCOCC1)CCC2,CHEMBL279,Vascular endothelial growth factor receptor 2,INHIBITOR,Vascular endothelial growth factor receptor 2 inhibitor,1
CHEMBL3647420,PYROTINIB,CCOc1cc2ncc(C#N)c(Nc3ccc(OCc4ccccn4)c(Cl)c3)c2cc1NC(=O)/C=C/[C@H]1CCCN1C,CHEMBL203,Epidermal growth factor receptor,INHIBITOR,Epidermal growth factor receptor erbB1 inhibitor,3
CHEMBL3647420,PYROTINIB,CCOc1cc2ncc(C#N)c(Nc3ccc(OCc4ccccn4)c(Cl)c3)c2cc1NC(=O)/C=C/[C@H]1CCCN1C,CHEMBL1824,Receptor tyrosine-protein kinase erbB-2,INHIBITOR,Receptor protein-tyrosine kinase erbB-2 inhibitor,3
CHEMBL4470585,GSK2798745,CC(C)(O)c1cnc(N2C[C@@]3(CCC[C@](C)(Cn4cnc5ccc(C#N)cc54)C3)OC2=O)cn1,CHEMBL3119,Transient receptor potential cation channel subfamily V member 4,ANTAGONIST,Transient receptor potential cation channel subfamily V member 4 antagonist,2
CHEMBL2364618,MAVATREP,CC(C)(O)c1ccccc1-c1ccc2[nH]c(/C=C/c3ccc(C(F)(F)F)cc3)nc2c1,CHEMBL4794,Transient receptor potential cation channel subfamily V member 1,ANTAGONIST,Vanilloid receptor antagonist,2
CHEMBL5095022,PESAMPATOR,CC(C)S(=O)(=O)N[C@H]1COC[C@H]1Oc1ccc(-c2ccc(C#N)s2)cc1,CHEMBL2096670,Glutamate receptor ionotropic AMPA,POSITIVE ALLOSTERIC MODULATOR,Glutamate receptor ionotropic AMPA positive allosteric modulator,2
CHEMBL3545210,TAS-108,CCN(CC)Cc1ccc(OCC[C@H]2CCC3C4C(CC[C@@]32C)c2ccc(O)cc2C[C@H]4C)c(OC)c1.O=C(O)CC(O)(CC(=O)O)C(=O)O,CHEMBL206,Estrogen receptor,ANTAGONIST,Estrogen receptor alpha antagonist,2
CHEMBL4297509,ELACESTRANT,CCNCCc1ccc(CN(CC)c2cc(OC)ccc2[C@@H]2CCc3cc(O)ccc3C2)cc1,CHEMBL206,Estrogen receptor,DEGRADER,Estrogen receptor alpha degrader,4
CHEMBL2107341,FISPEMIFENE,OCCOCCOc1ccc(/C(=C(/CCCl)c2ccccc2)c2ccccc2)cc1,CHEMBL2093866,Estrogen receptor,MODULATOR,Estrogen receptor modulator,2
CHEMBL1232583,INDEGLITAZAR,COc1ccc(S(=O)(=O)n2cc(CCC(=O)O)c3cc(OC)ccc32)cc1,CHEMBL3559683,Peroxisome proliferator-activated receptor,AGONIST,Peroxisome proliferator-activated receptor agonist,2
CHEMBL2104984,SODELGLITAZAR,Cc1cc(SCc2sc(-c3ccc(C(F)(F)F)cc3F)nc2C)ccc1OC(C)(C)C(=O)O,CHEMBL3559683,Peroxisome proliferator-activated receptor,AGONIST,Peroxisome proliferator-activated receptor agonist,2
CHEMBL75133,IRX-4204,CC(/C=C/[C@@H]1C[C@]1(C)c1ccc2c(c1)C(C)(C)CCC2(C)C)=C\C(=O)O,CHEMBL2363070,Retinoid X receptor,AGONIST,Retinoid X receptor agonist,2
CHEMBL3221237,MK-0773,CN1C(=O)C(F)=C[C@]2(C)[C@H]3CC[C@]4(C)[C@@H](C(=O)NCc5nc6cccnc6[nH]5)CC[C@H]4[C@@H]3CC[C@@H]12,CHEMBL1871,Androgen receptor,MODULATOR,Androgen Receptor modulator,2
CHEMBL3590187,CLASCOTERONE,CCC(=O)O[C@]1(C(=O)CO)CC[C@H]2[C@@H]3CCC4=CC(=O)CC[C@]4(C)[C@H]3CC[C@@]21C,CHEMBL1871,Androgen receptor,ANTAGONIST,Androgen Receptor antagonist,4
CHEMBL2105738,GALETERONE,C[C@]12CC[C@H](O)CC1=CC[C@@H]1[C@@H]2CC[C@]2(C)C(n3cnc4ccccc43)=CC[C@@H]12,CHEMBL1871,Androgen receptor,ANTAGONIST,Androgen Receptor antagonist,3
CHEMBL2105738,GALETERONE,C[C@]12CC[C@H](O)CC1=CC[C@@H]1[C@@H]2CC[C@]2(C)C(n3cnc4ccccc43)=CC[C@@H]12,CHEMBL3522,"Steroid 17-alpha-hydroxylase/17,20 lyase",INHIBITOR,Cytochrome P450 17A1 inhibitor,3
CHEMBL3545017,GTX-758,O=C(c1ccc(O)c(F)c1)N(c1ccc(O)cc1)c1ccc(F)cc1,CHEMBL206,Estrogen receptor,AGONIST,Estrogen receptor alpha agonist,2
CHEMBL489,AFIMOXIFENE,CC/C(=C(\c1ccc(O)cc1)c1ccc(OCCN(C)C)cc1)c1ccccc1,CHEMBL2093866,Estrogen receptor,MODULATOR,Estrogen receptor modulator,3
CHEMBL489,AFIMOXIFENE,CC/C(=C(\c1ccc(O)cc1)c1ccc(OCCN(C)C)cc1)c1ccccc1,CHEMBL4245,Estrogen-related receptor gamma,ANTAGONIST,Estrogen-related receptor gamma antagonist,3
CHEMBL450940,PRINABEREL,C=Cc1cc(O)cc2nc(-c3ccc(O)c(F)c3)oc12,CHEMBL242,Estrogen receptor beta,AGONIST,Estrogen receptor beta agonist,2
CHEMBL278703,ERTEBEREL,Oc1ccc([C@@H]2Oc3ccc(O)cc3[C@@H]3CCC[C@@H]32)cc1,CHEMBL242,Estrogen receptor beta,AGONIST,Estrogen receptor beta agonist,2
CHEMBL198877,AUS-131,Oc1ccc([C@H]2COc3cc(O)ccc3C2)cc1,CHEMBL242,Estrogen receptor beta,AGONIST,Estrogen receptor beta agonist,2
CHEMBL3545391,ORG-34517,CC#C[C@]1(O)CCC2C3CCC4=CC(=O)CCC4=C3[C@@H](c3ccc4c(c3)OCO4)C[C@@]21C,CHEMBL2034,Glucocorticoid receptor,ANTAGONIST,Glucocorticoid receptor antagonist,2
CHEMBL2181929,MT-3995,CC1(C)Oc2cc(NS(C)(=O)=O)ccc2N(c2ccc(F)cc2)C1=O,CHEMBL1994,Mineralocorticoid receptor,ANTAGONIST,Mineralocorticoid receptor antagonist,2
CHEMBL4088896,LY2623091,C[C@H](CN1CCOCC1)n1/c(=N\C(N)=O)[nH]c2cc(/C=C3\c4ccccc4COc4cc(F)ccc43)ccc21,CHEMBL1994,Mineralocorticoid receptor,ANTAGONIST,Mineralocorticoid receptor antagonist,2
CHEMBL2181927,FINERENONE,CCOc1ncc(C)c2c1[C@H](c1ccc(C#N)cc1OC)C(C(N)=O)=C(C)N2,CHEMBL1994,Mineralocorticoid receptor,ANTAGONIST,Mineralocorticoid receptor antagonist,4
CHEMBL146032,LONAPRISAN,CC(=O)c1ccc([C@H]2C[C@@]3(C)[C@@H](CC[C@@]3(O)C(F)(F)C(F)(F)F)[C@@H]3CCC4=CC(=O)CCC4=C32)cc1,CHEMBL208,Progesterone receptor,ANTAGONIST,Progesterone receptor antagonist,2
CHEMBL2105694,TELAPRISTONE ACETATE,COCC(=O)[C@@]1(OC(C)=O)CC[C@H]2[C@@H]3CCC4=CC(=O)CCC4=C3[C@@H](c3ccc(N(C)C)cc3)C[C@@]21C,CHEMBL208,Progesterone receptor,MODULATOR,Progesterone receptor modulator,3
CHEMBL1908373,ONAPRISTONE,CN(C)c1ccc([C@H]2C[C@]3(C)[C@@H](CC[C@]3(O)CCCO)[C@@H]3CCC4=CC(=O)CCC4=C32)cc1,CHEMBL208,Progesterone receptor,ANTAGONIST,Progesterone receptor antagonist,2
CHEMBL5314385,CP-778875,CCc1ccc(CSc2ccc(NS(=O)(=O)c3ccc(C)c(C(=O)O)c3)cc2)cc1,CHEMBL239,Peroxisome proliferator-activated receptor alpha,AGONIST,Peroxisome proliferator-activated receptor alpha agonist,2
CHEMBL424133,LY-518674,Cc1ccc(Cn2nc(CCCc3ccc(OC(C)(C)C(=O)O)cc3)nc2O)cc1,CHEMBL239,Peroxisome proliferator-activated receptor alpha,AGONIST,Peroxisome proliferator-activated receptor alpha agonist,2
CHEMBL219586,GW590735,Cc1nc(-c2ccc(C(F)(F)F)cc2)sc1C(=O)NCc1ccc(OC(C)(C)C(=O)O)cc1,CHEMBL239,Peroxisome proliferator-activated receptor alpha,AGONIST,Peroxisome proliferator-activated receptor alpha agonist,2
CHEMBL107367,FARGLITAZAR,Cc1oc(-c2ccccc2)nc1CCOc1ccc(C[C@H](Nc2ccccc2C(=O)c2ccccc2)C(=O)O)cc1,CHEMBL235,Peroxisome proliferator-activated receptor gamma,AGONIST,Peroxisome proliferator-activated receptor gamma agonist,2
CHEMBL181954,NAVEGLITAZAR,CO[C@@H](Cc1ccc(OCCCOc2ccc(Oc3ccccc3)cc2)cc1)C(=O)O,CHEMBL239,Peroxisome proliferator-activated receptor alpha,AGONIST,Peroxisome proliferator-activated receptor alpha agonist,2
CHEMBL181954,NAVEGLITAZAR,CO[C@@H](Cc1ccc(OCCCOc2ccc(Oc3ccccc3)cc2)cc1)C(=O)O,CHEMBL235,Peroxisome proliferator-activated receptor gamma,AGONIST,Peroxisome proliferator-activated receptor gamma agonist,2
CHEMBL230158,SELADELPAR,CCO[C@H](COc1ccc(C(F)(F)F)cc1)CSc1ccc(OCC(=O)O)c(C)c1,CHEMBL3979,Peroxisome proliferator-activated receptor delta,AGONIST,Peroxisome proliferator-activated receptor delta agonist,4
CHEMBL490029,MK-0533,CC[C@@H](Oc1cccc(-n2c(C)c(C(=O)c3ccc(OC)cc3)c3ccc(OC(F)(F)F)cc32)c1)C(=O)O,CHEMBL235,Peroxisome proliferator-activated receptor gamma,MODULATOR,Peroxisome proliferator-activated receptor gamma modulator,2
CHEMBL1236924,INT131,O=S(=O)(Nc1cc(Cl)c(Oc2cnc3ccccc3c2)c(Cl)c1)c1ccc(Cl)cc1Cl,CHEMBL235,Peroxisome proliferator-activated receptor gamma,MODULATOR,Peroxisome proliferator-activated receptor gamma modulator,2
CHEMBL3545278,ATX08-001,CCCCCS(=O)(=O)NC(=O)c1ccc2nc(C)n(Cc3ccc(Cl)cc3Cl)c2c1,CHEMBL235,Peroxisome proliferator-activated receptor gamma,MODULATOR,Peroxisome proliferator-activated receptor gamma modulator,2
CHEMBL2103824,ARHALOFENATE,CC(=O)NCCOC(=O)[C@H](Oc1cccc(C(F)(F)F)c1)c1ccc(Cl)cc1,CHEMBL235,Peroxisome proliferator-activated receptor gamma,MODULATOR,Peroxisome proliferator-activated receptor gamma modulator,2
CHEMBL2103824,ARHALOFENATE,CC(=O)NCCOC(=O)[C@H](Oc1cccc(C(F)(F)F)c1)c1ccc(Cl)cc1,CHEMBL6120,Solute carrier family 22 member 12,INHIBITOR,Solute carrier family 22 member 12 inhibitor,2
CHEMBL107430,NRX195183,CC1(C)CCC(C)(C)c2c1cc(C(=O)Nc1cc(F)c(C(=O)O)c(F)c1)c(O)c2Cl,CHEMBL2055,Retinoic acid receptor alpha,AGONIST,Retinoic acid receptor alpha agonist,2
CHEMBL2105648,PALOVAROTENE,CC1(C)CCC(C)(C)c2cc(Cn3cccn3)c(/C=C/c3ccc(C(=O)O)cc3)cc21,CHEMBL2003,Retinoic acid receptor gamma,AGONIST,Retinoic acid receptor gamma agonist,4
CHEMBL1716091,SDX-101,CCc1cccc2c3c([nH]c12)[C@@](CC)(CC(=O)O)OCC3,CHEMBL2061,Retinoic acid receptor RXR-alpha,MODULATOR,Retinoid X receptor alpha modulator,2
CHEMBL471897,MB07811,Cc1cc(OCP2(=O)OCC[C@@H](c3cccc(Cl)c3)O2)cc(C)c1Cc1ccc(O)c(C(C)C)c1,CHEMBL1947,Thyroid hormone receptor beta,AGONIST,Thyroid hormone receptor beta-1 agonist,2
CHEMBL2105107,INECALCITOL,C[C@H](CC#CC(C)(C)O)[C@H]1CC[C@@H]2/C(=C/C=C3C[C@@H](O)C[C@H](O)C3)CCC[C@@]21C,CHEMBL1977,Vitamin D3 receptor,AGONIST,Vitamin D receptor agonist,2
CHEMBL605525,DP001,C=C1[C@H](O)CC(=C/C=C2\CCC[C@]3(C)[C@@H]([C@@H](C)CCCC(C)(C)O)CC[C@@H]23)C[C@H]1O,CHEMBL1977,Vitamin D3 receptor,AGONIST,Vitamin D receptor agonist,2
CHEMBL2104955,BECOCALCIDIOL,C=C1[C@H](O)CC(=C/C=C2\CCC[C@]3(C)[C@@H]([C@@H](C)CC)CC[C@@H]23)C[C@H]1O,CHEMBL1977,Vitamin D3 receptor,AGONIST,Vitamin D receptor agonist,2
CHEMBL2105705,LUNACALCIPOL,C=C1/C(=C\C=C2/CCC[C@]3(C)C([C@H](C)C/C=C/S(=O)(=O)C(C)(C)C)=CC[C@@H]23)C[C@@H](O)C[C@@H]1O,CHEMBL1977,Vitamin D3 receptor,AGONIST,Vitamin D receptor agonist,2
CHEMBL565612,SOTRASTAURIN,CN1CCN(c2nc(C3=C(c4c[nH]c5ccccc45)C(=O)NC3=O)c3ccccc3n2)CC1,CHEMBL2093867,Protein kinase C (PKC),INHIBITOR,Protein kinase C (PKC) inhibitor,2
CHEMBL587723,AEE-788,CCN1CCN(Cc2ccc(-c3cc4c(N[C@H](C)c5ccccc5)ncnc4[nH]3)cc2)CC1,CHEMBL203,Epidermal growth factor receptor,INHIBITOR,Epidermal growth factor receptor erbB1 inhibitor,2
CHEMBL587723,AEE-788,CCN1CCN(Cc2ccc(-c3cc4c(N[C@H](C)c5ccccc5)ncnc4[nH]3)cc2)CC1,CHEMBL1824,Receptor tyrosine-protein kinase erbB-2,INHIBITOR,Receptor protein-tyrosine kinase erbB-2 inhibitor,2
CHEMBL587723,AEE-788,CCN1CCN(Cc2ccc(-c3cc4c(N[C@H](C)c5ccccc5)ncnc4[nH]3)cc2)CC1,CHEMBL279,Vascular endothelial growth factor receptor 2,INHIBITOR,Vascular endothelial growth factor receptor 2 inhibitor,2
CHEMBL587723,AEE-788,CCN1CCN(Cc2ccc(-c3cc4c(N[C@H](C)c5ccccc5)ncnc4[nH]3)cc2)CC1,CHEMBL1868,Vascular endothelial growth factor receptor 1,INHIBITOR,Vascular endothelial growth factor receptor 1 inhibitor,2
CHEMBL4790100,AKN-028,Nc1ncc(-c2ccncc2)nc1Nc1ccc2[nH]ccc2c1,CHEMBL1974,Receptor-type tyrosine-protein kinase FLT3,INHIBITOR,Tyrosine-protein kinase receptor FLT3 inhibitor,2
CHEMBL4303201,CATEQUENTINIB,COc1cc2c(Oc3ccc4[nH]c(C)cc4c3F)ccnc2cc1OCC1(N)CC1,CHEMBL279,Vascular endothelial growth factor receptor 2,INHIBITOR,Vascular endothelial growth factor receptor 2 inhibitor,3
CHEMBL4303201,CATEQUENTINIB,COc1cc2c(Oc3ccc4[nH]c(C)cc4c3F)ccnc2cc1OCC1(N)CC1,CHEMBL1955,Vascular endothelial growth factor receptor 3,INHIBITOR,Vascular endothelial growth factor receptor 3 inhibitor,3
CHEMBL4303201,CATEQUENTINIB,COc1cc2c(Oc3ccc4[nH]c(C)cc4c3F)ccnc2cc1OCC1(N)CC1,CHEMBL1936,Mast/stem cell growth factor receptor Kit,INHIBITOR,Stem cell growth factor receptor inhibitor,3
CHEMBL4303201,CATEQUENTINIB,COc1cc2c(Oc3ccc4[nH]c(C)cc4c3F)ccnc2cc1OCC1(N)CC1,CHEMBL1913,Platelet-derived growth factor receptor beta,INHIBITOR,Platelet-derived growth factor receptor beta inhibitor,3
CHEMBL3785909,AMG-337,COCCOc1cnc2ccn([C@H](C)c3nnc4c(F)cc(-c5cnn(C)c5)cn34)c(=O)c2c1,CHEMBL3717,Hepatocyte growth factor receptor,INHIBITOR,Hepatocyte growth factor receptor inhibitor,2
CHEMBL3545311,BRIGATINIB,COc1cc(N2CCC(N3CCN(C)CC3)CC2)ccc1Nc1ncc(Cl)c(Nc2ccccc2P(C)(C)=O)n1,CHEMBL4247,ALK tyrosine kinase receptor,INHIBITOR,ALK tyrosine kinase receptor inhibitor,4
CHEMBL3545311,BRIGATINIB,COc1cc(N2CCC(N3CCN(C)CC3)CC2)ccc1Nc1ncc(Cl)c(Nc2ccccc2P(C)(C)=O)n1,CHEMBL203,Epidermal growth factor receptor,INHIBITOR,Epidermal growth factor receptor erbB1 inhibitor,4
CHEMBL3545065,VEROSUDIL,CN(C)C(C(=O)Nc1ccc2c(=O)[nH]ccc2c1)c1ccsc1,CHEMBL2111459,Rho-associated protein kinase,INHIBITOR,Rho-associated protein kinase inhibitor,2
CHEMBL2103842,VARLITINIB,C[C@@H]1COC(Nc2ccc3ncnc(Nc4ccc(OCc5nccs5)c(Cl)c4)c3c2)=N1,CHEMBL203,Epidermal growth factor receptor,INHIBITOR,Epidermal growth factor receptor erbB1 inhibitor,2
CHEMBL2103842,VARLITINIB,C[C@@H]1COC(Nc2ccc3ncnc(Nc4ccc(OCc5nccs5)c(Cl)c4)c3c2)=N1,CHEMBL1824,Receptor tyrosine-protein kinase erbB-2,INHIBITOR,Receptor protein-tyrosine kinase erbB-2 inhibitor,2
CHEMBL1088750,ARRY-797,CC(C)Cn1ncc2cc(Oc3ccc(F)cc3F)c(C(=O)NCCN(C)C)cc21,CHEMBL260,Mitogen-activated protein kinase 14,INHIBITOR,MAP kinase p38 alpha inhibitor,3
CHEMBL3545213,BENTAMAPIMOD,N#CC(c1ccnc(OCc2ccc(CN3CCOCC3)cc2)n1)c1nc2ccccc2s1,CHEMBL2096667,"c-Jun N-terminal kinase, JNK",INHIBITOR,"c-Jun N-terminal kinase, JNK inhibitor",2
CHEMBL2107832,PIMASERTIB,O=C(NC[C@H](O)CO)c1ccncc1Nc1ccc(I)cc1F,CHEMBL3587,Dual specificity mitogen-activated protein kinase kinase 1,INHIBITOR,Dual specificity mitogen-activated protein kinase kinase 1 inhibitor,2
CHEMBL2107832,PIMASERTIB,O=C(NC[C@H](O)CO)c1ccncc1Nc1ccc(I)cc1F,CHEMBL2964,Dual specificity mitogen-activated protein kinase kinase 2,INHIBITOR,Dual specificity mitogen-activated protein kinase kinase 2 inhibitor,2
CHEMBL3137308,PEFICITINIB,NC(=O)c1cnc2[nH]ccc2c1N[C@@H]1[C@@H]2CC3C[C@H]1C[C@@](O)(C3)C2,CHEMBL2363062,Janus Kinase (JAK),INHIBITOR,Janus Kinase (JAK) inhibitor,4
CHEMBL445813,AT-7519,O=C(NC1CCNCC1)c1n[nH]cc1NC(=O)c1c(Cl)cccc1Cl,CHEMBL3559691,Cyclin-dependent kinase,INHIBITOR,Cyclin-dependent kinase inhibitor,2
CHEMBL495727,AT-9283,O=C(Nc1c[nH]nc1-c1nc2ccc(CN3CCOCC3)cc2[nH]1)NC1CC1,CHEMBL1862,Tyrosine-protein kinase ABL1,INHIBITOR,Tyrosine-protein kinase ABL inhibitor,2
CHEMBL495727,AT-9283,O=C(Nc1c[nH]nc1-c1nc2ccc(CN3CCOCC3)cc2[nH]1)NC1CC1,CHEMBL4722,Aurora kinase A,INHIBITOR,Serine/threonine-protein kinase Aurora-A inhibitor,2
CHEMBL495727,AT-9283,O=C(Nc1c[nH]nc1-c1nc2ccc(CN3CCOCC3)cc2[nH]1)NC1CC1,CHEMBL2185,Aurora kinase B,INHIBITOR,Serine/threonine-protein kinase Aurora-B inhibitor,2
CHEMBL495727,AT-9283,O=C(Nc1c[nH]nc1-c1nc2ccc(CN3CCOCC3)cc2[nH]1)NC1CC1,CHEMBL1974,Receptor-type tyrosine-protein kinase FLT3,INHIBITOR,Tyrosine-protein kinase receptor FLT3 inhibitor,2
CHEMBL495727,AT-9283,O=C(Nc1c[nH]nc1-c1nc2ccc(CN3CCOCC3)cc2[nH]1)NC1CC1,CHEMBL2971,Tyrosine-protein kinase JAK2,INHIBITOR,Tyrosine-protein kinase JAK2 inhibitor,2
CHEMBL495727,AT-9283,O=C(Nc1c[nH]nc1-c1nc2ccc(CN3CCOCC3)cc2[nH]1)NC1CC1,CHEMBL2148,Tyrosine-protein kinase JAK3,INHIBITOR,Tyrosine-protein kinase JAK3 inhibitor,2
CHEMBL283120,AXL-1717,COc1cc([C@@H]2c3cc4c(cc3[C@H](O)[C@H]3COC(=O)[C@@H]23)OCO4)cc(OC)c1OC,CHEMBL1957,Insulin-like growth factor 1 receptor,INHIBITOR,Insulin-like growth factor I receptor inhibitor,2
CHEMBL1231124,AZD-1480,Cc1cc(Nc2nc(N[C@@H](C)c3ncc(F)cn3)ncc2Cl)[nH]n1,CHEMBL2971,Tyrosine-protein kinase JAK2,INHIBITOR,Tyrosine-protein kinase JAK2 inhibitor,2
CHEMBL1976040,ADAVOSERTIB,C=CCn1c(=O)c2cnc(Nc3ccc(N4CCN(C)CC4)cc3)nc2n1-c1cccc(C(C)(C)O)n1,CHEMBL5491,Wee1-like protein kinase,INHIBITOR,Serine/threonine-protein kinase WEE1 inhibitor,2
CHEMBL3348846,FEXAGRATINIB,COc1cc(CCc2cc(NC(=O)c3ccc(N4C[C@@H](C)N[C@@H](C)C4)cc3)n[nH]2)cc(OC)c1,CHEMBL2095217,Fibroblast growth factor receptor,INHIBITOR,Fibroblast growth factor receptor inhibitor,2
CHEMBL3334567,SAVOLITINIB,C[C@@H](c1ccc2nccn2c1)n1nnc2ncc(-c3cnn(C)c3)nc21,CHEMBL3717,Hepatocyte growth factor receptor,INHIBITOR,Hepatocyte growth factor receptor inhibitor,3
CHEMBL1614701,SELUMETINIB,Cn1cnc2c(F)c(Nc3ccc(Br)cc3Cl)c(C(=O)NOCCO)cc21,CHEMBL3587,Dual specificity mitogen-activated protein kinase kinase 1,INHIBITOR,Dual specificity mitogen-activated protein kinase kinase 1 inhibitor,4
CHEMBL1614701,SELUMETINIB,Cn1cnc2c(F)c(Nc3ccc(Br)cc3Cl)c(C(=O)NOCCO)cc21,CHEMBL2964,Dual specificity mitogen-activated protein kinase kinase 2,INHIBITOR,Dual specificity mitogen-activated protein kinase kinase 2 inhibitor,4
CHEMBL2408045,SAPITINIB,CNC(=O)CN1CCC(Oc2cc3c(Nc4cccc(Cl)c4F)ncnc3cc2OC)CC1,CHEMBL1824,Receptor tyrosine-protein kinase erbB-2,INHIBITOR,Receptor protein-tyrosine kinase erbB-2 inhibitor,2
CHEMBL2408045,SAPITINIB,CNC(=O)CN1CCC(Oc2cc3c(Nc4cccc(Cl)c4F)ncnc3cc2OC)CC1,CHEMBL5838,Receptor tyrosine-protein kinase erbB-3,INHIBITOR,Receptor tyrosine-protein kinase erbB-3 inhibitor,2
CHEMBL2408045,SAPITINIB,CNC(=O)CN1CCC(Oc2cc3c(Nc4cccc(Cl)c4F)ncnc3cc2OC)CC1,CHEMBL203,Epidermal growth factor receptor,INHIBITOR,Epidermal growth factor receptor erbB1 inhibitor,2
CHEMBL4442620,RONICICLIB,C[C@@H](O)[C@@H](C)Oc1nc(Nc2ccc(S(=N)(=O)C3CC3)cc2)ncc1C(F)(F)F,CHEMBL3559691,Cyclin-dependent kinase,INHIBITOR,Cyclin-dependent kinase inhibitor,2
CHEMBL2079588,TELATINIB,CNC(=O)c1cc(COc2nnc(Nc3ccc(Cl)cc3)c3ccoc23)ccn1,CHEMBL1936,Mast/stem cell growth factor receptor Kit,INHIBITOR,Stem cell growth factor receptor inhibitor,2
CHEMBL2079588,TELATINIB,CNC(=O)c1cc(COc2nnc(Nc3ccc(Cl)cc3)c3ccoc23)ccn1,CHEMBL1913,Platelet-derived growth factor receptor beta,INHIBITOR,Platelet-derived growth factor receptor beta inhibitor,2
CHEMBL2079588,TELATINIB,CNC(=O)c1cc(COc2nnc(Nc3ccc(Cl)cc3)c3ccoc23)ccn1,CHEMBL279,Vascular endothelial growth factor receptor 2,INHIBITOR,Vascular endothelial growth factor receptor 2 inhibitor,2
CHEMBL2079588,TELATINIB,CNC(=O)c1cc(COc2nnc(Nc3ccc(Cl)cc3)c3ccoc23)ccn1,CHEMBL1955,Vascular endothelial growth factor receptor 3,INHIBITOR,Vascular endothelial growth factor receptor 3 inhibitor,2
CHEMBL1236682,REFAMETINIB,COc1cc(F)c(F)c(Nc2ccc(I)cc2F)c1NS(=O)(=O)C1(C[C@H](O)CO)CC1,CHEMBL3587,Dual specificity mitogen-activated protein kinase kinase 1,INHIBITOR,Dual specificity mitogen-activated protein kinase kinase 1 inhibitor,2
CHEMBL1236682,REFAMETINIB,COc1cc(F)c(F)c(Nc2ccc(I)cc2F)c1NS(=O)(=O)C1(C[C@H](O)CO)CC1,CHEMBL2964,Dual specificity mitogen-activated protein kinase kinase 2,INHIBITOR,Dual specificity mitogen-activated protein kinase kinase 2 inhibitor,2
CHEMBL1879463,DACTOLISIB,Cn1c(=O)n(-c2ccc(C(C)(C)C#N)cc2)c2c3cc(-c4cnc5ccccc5c4)ccc3ncc21,CHEMBL2842,Serine/threonine-protein kinase mTOR,INHIBITOR,Serine/threonine-protein kinase mTOR inhibitor,3
CHEMBL1879463,DACTOLISIB,Cn1c(=O)n(-c2ccc(C(C)(C)C#N)cc2)c2c3cc(-c4cnc5ccccc5c4)ccc3ncc21,CHEMBL3559703,PI3-kinase class I,INHIBITOR,PI3-kinase class I inhibitor,3
CHEMBL3545096,BGT-226,COc1ccc(-c2ccc3ncc4c(c3c2)n(-c2ccc(N3CCNCC3)c(C(F)(F)F)c2)c(=O)n4C)cn1.O=C(O)/C=C\C(=O)O,CHEMBL2842,Serine/threonine-protein kinase mTOR,INHIBITOR,Serine/threonine-protein kinase mTOR inhibitor,2
CHEMBL3545096,BGT-226,COc1ccc(-c2ccc3ncc4c(c3c2)n(-c2ccc(N3CCNCC3)c(C(F)(F)F)c2)c(=O)n4C)cn1.O=C(O)/C=C\C(=O)O,CHEMBL3559703,PI3-kinase class I,INHIBITOR,PI3-kinase class I inhibitor,2
CHEMBL513909,BI-2536,CC[C@@H]1C(=O)N(C)c2cnc(Nc3ccc(C(=O)NC4CCN(C)CC4)cc3OC)nc2N1C1CCCC1,CHEMBL3024,Serine/threonine-protein kinase PLK1,INHIBITOR,Serine/threonine-protein kinase PLK1 inhibitor,2
CHEMBL2017974,BUPARLISIB,Nc1cc(C(F)(F)F)c(-c2cc(N3CCOCC3)nc(N3CCOCC3)n2)cn1,CHEMBL3559703,PI3-kinase class I,INHIBITOR,PI3-kinase class I inhibitor,3
CHEMBL1230065,BMS-582949,CCCNC(=O)c1cn2ncnc(Nc3cc(C(=O)NC4CC4)ccc3C)c2c1C,CHEMBL260,Mitogen-activated protein kinase 14,INHIBITOR,MAP kinase p38 alpha inhibitor,2
CHEMBL3545396,BMS-690514,COc1cccc(Nc2ncnn3ccc(CN4CC[C@@H](N)[C@H](O)C4)c23)c1,CHEMBL1824,Receptor tyrosine-protein kinase erbB-2,INHIBITOR,Receptor protein-tyrosine kinase erbB-2 inhibitor,2
CHEMBL3545396,BMS-690514,COc1cccc(Nc2ncnn3ccc(CN4CC[C@@H](N)[C@H](O)C4)c23)c1,CHEMBL203,Epidermal growth factor receptor,INHIBITOR,Epidermal growth factor receptor erbB1 inhibitor,2
CHEMBL3545396,BMS-690514,COc1cccc(Nc2ncnn3ccc(CN4CC[C@@H](N)[C@H](O)C4)c23)c1,CHEMBL2095227,Vascular endothelial growth factor receptor,INHIBITOR,Vascular endothelial growth factor receptor inhibitor,2
CHEMBL3545396,BMS-690514,COc1cccc(Nc2ncnn3ccc(CN4CC[C@@H](N)[C@H](O)C4)c23)c1,CHEMBL3009,Receptor tyrosine-protein kinase erbB-4,INHIBITOR,Receptor protein-tyrosine kinase erbB-4 inhibitor,2
CHEMBL575448,BMS-754807,C[C@@]1(C(=O)Nc2ccc(F)nc2)CCCN1c1nc(Nc2cc(C3CC3)n[nH]2)c2cccn2n1,CHEMBL1957,Insulin-like growth factor 1 receptor,INHIBITOR,Insulin-like growth factor I receptor inhibitor,2
CHEMBL575448,BMS-754807,C[C@@]1(C(=O)Nc2ccc(F)nc2)CCCN1c1nc(Nc2cc(C3CC3)n[nH]2)c2cccn2n1,CHEMBL1981,Insulin receptor,INHIBITOR,Insulin receptor inhibitor,2
CHEMBL460702,BMS-777607,CCOc1ccn(-c2ccc(F)cc2)c(=O)c1C(=O)Nc1ccc(Oc2ccnc(N)c2Cl)c(F)c1,CHEMBL3717,Hepatocyte growth factor receptor,INHIBITOR,Hepatocyte growth factor receptor inhibitor,2
CHEMBL3545215,BMS-911543,CCn1c(C(=O)N(C2CC2)C2CC2)cc2c3c(ncn3C)c(Nc3cc(C)n(C)n3)nc21,CHEMBL2971,Tyrosine-protein kinase JAK2,INHIBITOR,Tyrosine-protein kinase JAK2 inhibitor,2
CHEMBL3590106,ULIXERTINIB,CC(C)Nc1cc(-c2c[nH]c(C(=O)N[C@H](CO)c3cccc(Cl)c3)c2)c(Cl)cn1,CHEMBL3385,Mitogen-activated protein kinase 3,INHIBITOR,MAP kinase ERK1 inhibitor,2
CHEMBL3590106,ULIXERTINIB,CC(C)Nc1cc(-c2c[nH]c(C(=O)N[C@H](CO)c3cccc(Cl)c3)c2)c(Cl)cn1,CHEMBL4040,Mitogen-activated protein kinase 1,INHIBITOR,MAP kinase ERK2 inhibitor,2
CHEMBL2396661,ALPELISIB,Cc1nc(NC(=O)N2CCC[C@H]2C(N)=O)sc1-c1ccnc(C(C)(C)C(F)(F)F)c1,CHEMBL4005,"Phosphatidylinositol 4,5-bisphosphate 3-kinase catalytic subunit alpha isoform",INHIBITOR,PI3-kinase p110-alpha subunit inhibitor,4
CHEMBL3586404,ONATASERTIB,CO[C@H]1CC[C@H](N2C(=O)CNc3ncc(-c4ccc(C(C)(C)O)nc4)nc32)CC1,CHEMBL2842,Serine/threonine-protein kinase mTOR,INHIBITOR,Serine/threonine-protein kinase mTOR inhibitor,2
CHEMBL1614713,CC-401,c1cc(OCCN2CCCCC2)cc(-c2n[nH]c3ccc(-c4nnc[nH]4)cc23)c1,CHEMBL2276,Mitogen-activated protein kinase 8,INHIBITOR,c-Jun N-terminal kinase 1 inhibitor,2
CHEMBL1614713,CC-401,c1cc(OCCN2CCCCC2)cc(-c2n[nH]c3ccc(-c4nnc[nH]4)cc23)c1,CHEMBL4179,Mitogen-activated protein kinase 9,INHIBITOR,c-Jun N-terminal kinase 2 inhibitor,2
CHEMBL1614713,CC-401,c1cc(OCCN2CCCCC2)cc(-c2n[nH]c3ccc(-c4nnc[nH]4)cc23)c1,CHEMBL2637,Mitogen-activated protein kinase 10,INHIBITOR,c-Jun N-terminal kinase 3 inhibitor,2
CHEMBL1950289,TANZISERTIB,O[C@H]1CC[C@H](Nc2ncc3nc(Nc4c(F)cc(F)cc4F)n([C@H]4CCOC4)c3n2)CC1,CHEMBL2276,Mitogen-activated protein kinase 8,INHIBITOR,c-Jun N-terminal kinase 1 inhibitor,2
CHEMBL1950289,TANZISERTIB,O[C@H]1CC[C@H](Nc2ncc3nc(Nc4c(F)cc(F)cc4F)n([C@H]4CCOC4)c3n2)CC1,CHEMBL4179,Mitogen-activated protein kinase 9,INHIBITOR,c-Jun N-terminal kinase 2 inhibitor,2
CHEMBL1950289,TANZISERTIB,O[C@H]1CC[C@H](Nc2ncc3nc(Nc4c(F)cc(F)cc4F)n([C@H]4CCOC4)c3n2)CC1,CHEMBL2637,Mitogen-activated protein kinase 10,INHIBITOR,c-Jun N-terminal kinase 3 inhibitor,2
CHEMBL105442,CI-1040,O=C(NOCC1CC1)c1ccc(F)c(F)c1Nc1ccc(I)cc1Cl,CHEMBL3587,Dual specificity mitogen-activated protein kinase kinase 1,INHIBITOR,Dual specificity mitogen-activated protein kinase kinase 1 inhibitor,2
CHEMBL105442,CI-1040,O=C(NOCC1CC1)c1ccc(F)c(F)c1Nc1ccc(I)cc1Cl,CHEMBL2964,Dual specificity mitogen-activated protein kinase kinase 2,INHIBITOR,Dual specificity mitogen-activated protein kinase kinase 2 inhibitor,2
CHEMBL2107779,SEMAPIMOD,C/C(=N\NC(=N)N)c1cc(NC(=O)CCCCCCCCC(=O)Nc2cc(/C(C)=N/NC(=N)N)cc(/C(C)=N/NC(=N)N)c2)cc(/C(C)=N/NC(=N)N)c1,CHEMBL260,Mitogen-activated protein kinase 14,INHIBITOR,MAP kinase p38 alpha inhibitor,2
CHEMBL3545308,ROCILETINIB,C=CC(=O)Nc1cccc(Nc2nc(Nc3ccc(N4CCN(C(C)=O)CC4)cc3OC)ncc2C(F)(F)F)c1,CHEMBL203,Epidermal growth factor receptor,INHIBITOR,Epidermal growth factor receptor erbB1 inhibitor,3
CHEMBL2105728,CRENOLANIB,CC1(COc2ccc3c(c2)ncn3-c2ccc3cccc(N4CCC(N)CC4)c3n2)COC1,CHEMBL2095189,Platelet-derived growth factor receptor,INHIBITOR,Platelet-derived growth factor receptor inhibitor,3
CHEMBL2105728,CRENOLANIB,CC1(COc2ccc3c(c2)ncn3-c2ccc3cccc(N4CCC(N)CC4)c3n2)COC1,CHEMBL1974,Receptor-type tyrosine-protein kinase FLT3,INHIBITOR,Tyrosine-protein kinase receptor FLT3 inhibitor,3
CHEMBL4297182,PEGCANTRATINIB,COCCN1C(=O)O[C@@]2(C[C@H]3O[C@]2(C)n2c4ccccc4c4c5c(c6c7ccccc7n3c6c42)C(=O)NC5)C1=O,CHEMBL2815,High affinity nerve growth factor receptor,INHIBITOR,Nerve growth factor receptor Trk-A inhibitor,2
CHEMBL1230165,SILMITASERTIB,O=C(O)c1ccc2c(c1)nc(Nc1cccc(Cl)c1)c1ccncc12,CHEMBL3629,Casein kinase II subunit alpha,INHIBITOR,Casein kinase II alpha inhibitor,2
CHEMBL14762,SELICICLIB,CC[C@H](CO)Nc1nc(NCc2ccccc2)c2ncn(C(C)C)c2n1,CHEMBL301,Cyclin-dependent kinase 2,INHIBITOR,Cyclin-dependent kinase 2 inhibitor,2
CHEMBL14762,SELICICLIB,CC[C@H](CO)Nc1nc(NCc2ccccc2)c2ncn(C(C)C)c2n1,CHEMBL3055,Cyclin-dependent kinase 7,INHIBITOR,Cyclin-dependent kinase 7 inhibitor,2
CHEMBL14762,SELICICLIB,CC[C@H](CO)Nc1nc(NCc2ccccc2)c2ncn(C(C)C)c2n1,CHEMBL3116,Cyclin-dependent kinase 9,INHIBITOR,Cyclin-dependent kinase 9 inhibitor,2
CHEMBL14762,SELICICLIB,CC[C@H](CO)Nc1nc(NCc2ccccc2)c2ncn(C(C)C)c2n1,CHEMBL308,Cyclin-dependent kinase 1,INHIBITOR,Cyclin-dependent kinase 1 inhibitor,2
CHEMBL14762,SELICICLIB,CC[C@H](CO)Nc1nc(NCc2ccccc2)c2ncn(C(C)C)c2n1,CHEMBL4036,Cyclin-dependent kinase 5,INHIBITOR,Cyclin-dependent kinase 5 inhibitor,2
CHEMBL1738757,REBASTINIB,CNC(=O)c1cc(Oc2ccc(NC(=O)Nc3cc(C(C)(C)C)nn3-c3ccc4ncccc4c3)c(F)c2)ccn1,CHEMBL1862,Tyrosine-protein kinase ABL1,INHIBITOR,Tyrosine-protein kinase ABL inhibitor,2
CHEMBL2220486,LUCITANIB,CNC(=O)c1cccc2cc(Oc3ccnc4cc(OCC5(N)CC5)c(OC)cc34)ccc12,CHEMBL3650,Fibroblast growth factor receptor 1,INHIBITOR,Fibroblast growth factor receptor 1 inhibitor,2
CHEMBL2220486,LUCITANIB,CNC(=O)c1cccc2cc(Oc3ccnc4cc(OCC5(N)CC5)c(OC)cc34)ccc12,CHEMBL2095227,Vascular endothelial growth factor receptor,INHIBITOR,Vascular endothelial growth factor receptor inhibitor,2
CHEMBL2220486,LUCITANIB,CNC(=O)c1cccc2cc(Oc3ccnc4cc(OCC5(N)CC5)c(OC)cc34)ccc12,CHEMBL4142,Fibroblast growth factor receptor 2,INHIBITOR,Fibroblast growth factor receptor 2 inhibitor,2
CHEMBL1097999,E-6201,CCNc1cc(O)c2c(c1)/C=C/C[C@H](O)[C@H](O)C(=O)/C=C\[C@@H](C)[C@H](C)OC2=O,CHEMBL3587,Dual specificity mitogen-activated protein kinase kinase 1,INHIBITOR,Dual specificity mitogen-activated protein kinase kinase 1 inhibitor,2
CHEMBL1097999,E-6201,CCNc1cc(O)c2c(c1)/C=C/C[C@H](O)[C@H](O)C(=O)/C=C\[C@@H](C)[C@H](C)OC2=O,CHEMBL3956,Mitogen-activated protein kinase kinase kinase 1,INHIBITOR,Mitogen-activated protein kinase kinase kinase 1 inhibitor,2
CHEMBL3039525,GOLVATINIB,CN1CCN(C2CCN(C(=O)Nc3cc(Oc4ccc(NC(=O)C5(C(=O)Nc6ccc(F)cc6)CC5)c(F)c4)ccn3)CC2)CC1,CHEMBL3717,Hepatocyte growth factor receptor,INHIBITOR,Hepatocyte growth factor receptor inhibitor,2
CHEMBL3039525,GOLVATINIB,CN1CCN(C2CCN(C(=O)Nc3cc(Oc4ccc(NC(=O)C5(C(=O)Nc6ccc(F)cc6)CC5)c(F)c4)ccn3)CC2)CC1,CHEMBL279,Vascular endothelial growth factor receptor 2,INHIBITOR,Vascular endothelial growth factor receptor 2 inhibitor,2
CHEMBL607707,PELITINIB,CCOc1cc2ncc(C#N)c(Nc3ccc(F)c(Cl)c3)c2cc1NC(=O)/C=C/CN(C)C,CHEMBL203,Epidermal growth factor receptor,INHIBITOR,Epidermal growth factor receptor erbB1 inhibitor,2
CHEMBL482968,ENMD-2076,Cc1cc(Nc2cc(N3CCN(C)CC3)nc(/C=C/c3ccccc3)n2)n[nH]1,CHEMBL4722,Aurora kinase A,INHIBITOR,Serine/threonine-protein kinase Aurora-A inhibitor,2
CHEMBL482968,ENMD-2076,Cc1cc(Nc2cc(N3CCN(C)CC3)nc(/C=C/c3ccccc3)n2)n[nH]1,CHEMBL2185,Aurora kinase B,INHIBITOR,Serine/threonine-protein kinase Aurora-B inhibitor,2
CHEMBL482968,ENMD-2076,Cc1cc(Nc2cc(N3CCN(C)CC3)nc(/C=C/c3ccccc3)n2)n[nH]1,CHEMBL279,Vascular endothelial growth factor receptor 2,INHIBITOR,Vascular endothelial growth factor receptor 2 inhibitor,2
CHEMBL482968,ENMD-2076,Cc1cc(Nc2cc(N3CCN(C)CC3)nc(/C=C/c3ccccc3)n2)n[nH]1,CHEMBL2742,Fibroblast growth factor receptor 3,INHIBITOR,Fibroblast growth factor receptor 3 inhibitor,2
CHEMBL482968,ENMD-2076,Cc1cc(Nc2cc(N3CCN(C)CC3)nc(/C=C/c3ccccc3)n2)n[nH]1,CHEMBL1974,Receptor-type tyrosine-protein kinase FLT3,INHIBITOR,Tyrosine-protein kinase receptor FLT3 inhibitor,2
CHEMBL482968,ENMD-2076,Cc1cc(Nc2cc(N3CCN(C)CC3)nc(/C=C/c3ccccc3)n2)n[nH]1,CHEMBL1936,Mast/stem cell growth factor receptor Kit,INHIBITOR,Stem cell growth factor receptor inhibitor,2
CHEMBL482968,ENMD-2076,Cc1cc(Nc2cc(N3CCN(C)CC3)nc(/C=C/c3ccccc3)n2)n[nH]1,CHEMBL1844,Macrophage colony-stimulating factor 1 receptor,INHIBITOR,Macrophage colony stimulating factor receptor inhibitor,2
CHEMBL5095028,GLPG-0259,CC(C)N1C[C@@H]2C[C@H]1CN2c1ccc(Nc2ncc(-c3coc(C(N)=O)c3)n3ncnc23)cc1,CHEMBL3094,MAP kinase-activated protein kinase 5,INHIBITOR,MAP kinase-activated protein kinase 5 inhibitor,2
CHEMBL3301607,FILGOTINIB,O=C(Nc1nc2cccc(-c3ccc(CN4CCS(=O)(=O)CC4)cc3)n2n1)C1CC1,CHEMBL2835,Tyrosine-protein kinase JAK1,INHIBITOR,Tyrosine-protein kinase JAK1 inhibitor,4
CHEMBL4303323,ACALISIB,C[C@H](Nc1ncnc2[nH]cnc12)c1nc2ccc(F)cc2c(=O)n1-c1ccccc1,CHEMBL3130,"Phosphatidylinositol 4,5-bisphosphate 3-kinase catalytic subunit delta isoform",INHIBITOR,PI3-kinase p110-delta subunit inhibitor,2
CHEMBL3265032,ENTOSPLETINIB,c1cn2cc(-c3ccc4cn[nH]c4c3)nc(Nc3ccc(N4CCOCC4)cc3)c2n1,CHEMBL2599,Tyrosine-protein kinase SYK,INHIBITOR,Tyrosine-protein kinase SYK inhibitor,3
CHEMBL1230609,FORETINIB,COc1cc2c(Oc3ccc(NC(=O)C4(C(=O)Nc5ccc(F)cc5)CC4)cc3F)ccnc2cc1OCCCN1CCOCC1,CHEMBL1974,Receptor-type tyrosine-protein kinase FLT3,INHIBITOR,Tyrosine-protein kinase receptor FLT3 inhibitor,2
CHEMBL1230609,FORETINIB,COc1cc2c(Oc3ccc(NC(=O)C4(C(=O)Nc5ccc(F)cc5)CC4)cc3F)ccnc2cc1OCCCN1CCOCC1,CHEMBL1936,Mast/stem cell growth factor receptor Kit,INHIBITOR,Stem cell growth factor receptor inhibitor,2
CHEMBL1230609,FORETINIB,COc1cc2c(Oc3ccc(NC(=O)C4(C(=O)Nc5ccc(F)cc5)CC4)cc3F)ccnc2cc1OCCCN1CCOCC1,CHEMBL3717,Hepatocyte growth factor receptor,INHIBITOR,Hepatocyte growth factor receptor inhibitor,2
CHEMBL1230609,FORETINIB,COc1cc2c(Oc3ccc(NC(=O)C4(C(=O)Nc5ccc(F)cc5)CC4)cc3F)ccnc2cc1OCCCN1CCOCC1,CHEMBL2095189,Platelet-derived growth factor receptor,INHIBITOR,Platelet-derived growth factor receptor inhibitor,2
CHEMBL1230609,FORETINIB,COc1cc2c(Oc3ccc(NC(=O)C4(C(=O)Nc5ccc(F)cc5)CC4)cc3F)ccnc2cc1OCCCN1CCOCC1,CHEMBL4128,Angiopoietin-1 receptor,INHIBITOR,Tyrosine-protein kinase TIE-2 inhibitor,2
CHEMBL1230609,FORETINIB,COc1cc2c(Oc3ccc(NC(=O)C4(C(=O)Nc5ccc(F)cc5)CC4)cc3F)ccnc2cc1OCCCN1CCOCC1,CHEMBL2095227,Vascular endothelial growth factor receptor,INHIBITOR,Vascular endothelial growth factor receptor inhibitor,2
CHEMBL2219422,AFURESERTIB,Cn1ncc(Cl)c1-c1cc(C(=O)N[C@H](CN)Cc2cccc(F)c2)sc1Cl,CHEMBL2111353,Serine/threonine-protein kinase AKT,INHIBITOR,Serine/threonine-protein kinase AKT inhibitor,3
CHEMBL3137336,UPROSERTIB,Cn1ncc(Cl)c1-c1cc(C(=O)N[C@H](CN)Cc2ccc(F)c(F)c2)oc1Cl,CHEMBL2111353,Serine/threonine-protein kinase AKT,INHIBITOR,Serine/threonine-protein kinase AKT inhibitor,2
CHEMBL3301606,SOLCITINIB,CC1(C)CN(C(=O)c2ccc(-c3cccc4nc(NC(=O)C5CC5)nn34)cc2)C1,CHEMBL2835,Tyrosine-protein kinase JAK1,INHIBITOR,Tyrosine-protein kinase JAK1 inhibitor,2
CHEMBL2103838,DILMAPIMOD,Cc1cc(F)ccc1-c1nc(NC(CO)CO)nc2c1ccc(=O)n2-c1c(F)cccc1F,CHEMBL260,Mitogen-activated protein kinase 14,INHIBITOR,MAP kinase p38 alpha inhibitor,2
CHEMBL3545154,POZIOTINIB,C=CC(=O)N1CCC(Oc2cc3c(Nc4ccc(Cl)c(Cl)c4F)ncnc3cc2OC)CC1,CHEMBL2363049,Epidermal growth factor receptor,INHIBITOR,Epidermal growth factor receptor inhibitor,3
CHEMBL4303214,FRUQUINTINIB,CNC(=O)c1c(C)oc2cc(Oc3ncnc4cc(OC)c(OC)cc34)ccc12,CHEMBL2095227,Vascular endothelial growth factor receptor,INHIBITOR,Vascular endothelial growth factor receptor inhibitor,4
CHEMBL206834,BAFETINIB,Cc1ccc(NC(=O)c2ccc(CN3CC[C@H](N(C)C)C3)c(C(F)(F)F)c2)cc1Nc1nccc(-c2cncnc2)n1,CHEMBL1862,Tyrosine-protein kinase ABL1,INHIBITOR,Tyrosine-protein kinase ABL inhibitor,2
CHEMBL206834,BAFETINIB,Cc1ccc(NC(=O)c2ccc(CN3CC[C@H](N(C)C)C3)c(C(F)(F)F)c2)cc1Nc1nccc(-c2cncnc2)n1,CHEMBL3905,Tyrosine-protein kinase Lyn,INHIBITOR,Tyrosine-protein kinase Lyn inhibitor,2
CHEMBL313972,MASOPROCOL,C[C@H](Cc1ccc(O)c(O)c1)[C@@H](C)Cc1ccc(O)c(O)c1,CHEMBL1824,Receptor tyrosine-protein kinase erbB-2,INHIBITOR,Receptor protein-tyrosine kinase erbB-2 inhibitor,4
CHEMBL313972,MASOPROCOL,C[C@H](Cc1ccc(O)c(O)c1)[C@@H](C)Cc1ccc(O)c(O)c1,CHEMBL1957,Insulin-like growth factor 1 receptor,INHIBITOR,Insulin-like growth factor I receptor inhibitor,4
CHEMBL3545155,JI-101,COc1ccc(Br)cc1NC(=O)Nc1cccc2c1ccn2Cc1ccnc(N)c1,CHEMBL5147,Ephrin type-B receptor 4,INHIBITOR,Ephrin type-B receptor 4 inhibitor,2
CHEMBL3545155,JI-101,COc1ccc(Br)cc1NC(=O)Nc1cccc2c1ccn2Cc1ccnc(N)c1,CHEMBL1913,Platelet-derived growth factor receptor beta,INHIBITOR,Platelet-derived growth factor receptor beta inhibitor,2
CHEMBL3545155,JI-101,COc1ccc(Br)cc1NC(=O)Nc1cccc2c1ccn2Cc1ccnc(N)c1,CHEMBL279,Vascular endothelial growth factor receptor 2,INHIBITOR,Vascular endothelial growth factor receptor 2 inhibitor,2
CHEMBL3402567,ITX-5061,COc1c(NC(=O)C(=O)c2ccc(OCCN3CCOCC3)c3ccccc23)cc(C(C)(C)C)cc1NS(C)(=O)=O.Cl,CHEMBL260,Mitogen-activated protein kinase 14,INHIBITOR,MAP kinase p38 alpha inhibitor,2
CHEMBL5283463,KW-2450,Cc1ccc(S(=O)(=O)O)cc1.Cc1ccsc1C(=O)Nc1cc(CN2CCN(C(=O)CO)CC2)ccc1/C=C/c1n[nH]c2ccccc12,CHEMBL1957,Insulin-like growth factor 1 receptor,INHIBITOR,Insulin-like growth factor I receptor inhibitor,2
CHEMBL5283463,KW-2450,Cc1ccc(S(=O)(=O)O)cc1.Cc1ccsc1C(=O)Nc1cc(CN2CCN(C(=O)CO)CC2)ccc1/C=C/c1n[nH]c2ccccc12,CHEMBL1981,Insulin receptor,INHIBITOR,Insulin receptor inhibitor,2
CHEMBL571546,TIRBANIBULIN,O=C(Cc1ccc(-c2ccc(OCCN3CCOCC3)cc2)cn1)NCc1ccccc1,CHEMBL267,Proto-oncogene tyrosine-protein kinase Src,INHIBITOR,Tyrosine-protein kinase SRC inhibitor,4
CHEMBL362558,LY-2090314,O=C1NC(=O)C(c2cnc3ccccn23)=C1c1cn2c3c(cc(F)cc13)CN(C(=O)N1CCCCC1)CC2,CHEMBL262,Glycogen synthase kinase-3 beta,INHIBITOR,Glycogen synthase kinase-3 beta inhibitor,2
CHEMBL362558,LY-2090314,O=C1NC(=O)C(c2cnc3ccccn23)=C1c1cn2c3c(cc(F)cc13)CN(C(=O)N1CCCCC1)CC2,CHEMBL2850,Glycogen synthase kinase-3 alpha,INHIBITOR,Glycogen synthase kinase-3 alpha inhibitor,2
CHEMBL2364611,GALUNISERTIB,Cc1cccc(-c2nn3c(c2-c2ccnc4ccc(C(N)=O)cc24)CCC3)n1,CHEMBL4439,TGF-beta receptor type-1,INHIBITOR,TGF-beta receptor type I inhibitor,2
CHEMBL2364626,RALIMETINIB,CC(C)(C)Cn1c(N)nc2ccc(-c3[nH]c(C(C)(C)C)nc3-c3ccc(F)cc3)nc21,CHEMBL260,Mitogen-activated protein kinase 14,INHIBITOR,MAP kinase p38 alpha inhibitor,2
CHEMBL3039517,RABUSERTIB,Cc1cnc(NC(=O)Nc2cc(Br)c(C)cc2OC[C@@H]2CNCCO2)cn1,CHEMBL4630,Serine/threonine-protein kinase Chk1,INHIBITOR,Serine/threonine-protein kinase Chk1 inhibitor,2
CHEMBL2107823,GANDOTINIB,Cc1cc(Nc2cc(CN3CCOCC3)c3nc(C)c(Cc4ccc(Cl)cc4F)n3n2)n[nH]1,CHEMBL2971,Tyrosine-protein kinase JAK2,INHIBITOR,Tyrosine-protein kinase JAK2 inhibitor,2
CHEMBL3301610,ABEMACICLIB,CCN1CCN(Cc2ccc(Nc3ncc(F)c(-c4cc(F)c5nc(C)n(C(C)C)c5c4)n3)nc2)CC1,CHEMBL331,Cyclin-dependent kinase 4,INHIBITOR,Cyclin-dependent kinase 4 inhibitor,4
CHEMBL3301610,ABEMACICLIB,CCN1CCN(Cc2ccc(Nc3ncc(F)c(-c4cc(F)c5nc(C)n(C(C)C)c5c4)n3)nc2)CC1,CHEMBL2508,Cyclin-dependent kinase 6,INHIBITOR,Cyclin-dependent kinase 6 inhibitor,4
CHEMBL572878,TOZASERTIB,Cc1cc(Nc2cc(N3CCN(C)CC3)nc(Sc3ccc(NC(=O)C4CC4)cc3)n2)n[nH]1,CHEMBL3430911,Serine/threonine-protein kinase Aurora,INHIBITOR,Serine/threonine-protein kinase Aurora inhibitor,2
CHEMBL1079175,MK-2206,NC1(c2ccc(-c3nc4ccn5c(=O)[nH]nc5c4cc3-c3ccccc3)cc2)CCC1,CHEMBL2111353,Serine/threonine-protein kinase AKT,INHIBITOR,Serine/threonine-protein kinase AKT inhibitor,2
CHEMBL1822792,MK-2461,CN(C[C@@H]1COCCO1)S(=O)(=O)Nc1ccc2ccc3ncc(-c4cnn(C)c4)cc3c(=O)c2c1,CHEMBL3717,Hepatocyte growth factor receptor,INHIBITOR,Hepatocyte growth factor receptor inhibitor,2
CHEMBL124660,TANDUTINIB,COc1cc2c(N3CCN(C(=O)Nc4ccc(OC(C)C)cc4)CC3)ncnc2cc1OCCCN1CCCCC1,CHEMBL1974,Receptor-type tyrosine-protein kinase FLT3,INHIBITOR,Tyrosine-protein kinase receptor FLT3 inhibitor,2
CHEMBL124660,TANDUTINIB,COc1cc2c(N3CCN(C(=O)Nc4ccc(OC(C)C)cc4)CC3)ncnc2cc1OCCCN1CCCCC1,CHEMBL1936,Mast/stem cell growth factor receptor Kit,INHIBITOR,Stem cell growth factor receptor inhibitor,2
CHEMBL124660,TANDUTINIB,COc1cc2c(N3CCN(C(=O)Nc4ccc(OC(C)C)cc4)CC3)ncnc2cc1OCCCN1CCCCC1,CHEMBL1913,Platelet-derived growth factor receptor beta,INHIBITOR,Platelet-derived growth factor receptor beta inhibitor,2
CHEMBL2103851,AMUVATINIB,S=C(NCc1ccc2c(c1)OCO2)N1CCN(c2ncnc3c2oc2ccccc23)CC1,CHEMBL1974,Receptor-type tyrosine-protein kinase FLT3,INHIBITOR,Tyrosine-protein kinase receptor FLT3 inhibitor,2
CHEMBL2103851,AMUVATINIB,S=C(NCc1ccc2c(c1)OCO2)N1CCN(c2ncnc3c2oc2ccccc23)CC1,CHEMBL1936,Mast/stem cell growth factor receptor Kit,INHIBITOR,Stem cell growth factor receptor inhibitor,2
CHEMBL2103851,AMUVATINIB,S=C(NCc1ccc2c(c1)OCO2)N1CCN(c2ncnc3c2oc2ccccc23)CC1,CHEMBL3717,Hepatocyte growth factor receptor,INHIBITOR,Hepatocyte growth factor receptor inhibitor,2
CHEMBL2103851,AMUVATINIB,S=C(NCc1ccc2c(c1)OCO2)N1CCN(c2ncnc3c2oc2ccccc23)CC1,CHEMBL2007,Platelet-derived growth factor receptor alpha,INHIBITOR,Platelet-derived growth factor receptor alpha inhibitor,2
CHEMBL3545157,TIDEGLUSIB,O=c1sn(-c2cccc3ccccc23)c(=O)n1Cc1ccccc1,CHEMBL262,Glycogen synthase kinase-3 beta,INHIBITOR,Glycogen synthase kinase-3 beta inhibitor,2
CHEMBL4303389,NS-018,C[C@H](Nc1cc(-c2cnn(C)c2)cc(Nc2cnccn2)n1)c1ccc(F)cc1,CHEMBL2971,Tyrosine-protein kinase JAK2,INHIBITOR,Tyrosine-protein kinase JAK2 inhibitor,2
CHEMBL3120215,OSI-027,COc1cccc2cc(-c3nc([C@H]4CC[C@H](C(=O)O)CC4)n4ncnc(N)c34)[nH]c12,CHEMBL2842,Serine/threonine-protein kinase mTOR,INHIBITOR,Serine/threonine-protein kinase mTOR inhibitor,2
CHEMBL253969,OSI-632,NC(=O)c1c(OCc2c(F)cc(Br)cc2F)nsc1NC(=O)NCCCCN1CCCC1,CHEMBL279,Vascular endothelial growth factor receptor 2,INHIBITOR,Vascular endothelial growth factor receptor 2 inhibitor,2
CHEMBL3905910,VORUCICLIB,CN1CC[C@@H](c2c(O)cc(O)c3c(=O)cc(-c4ccc(C(F)(F)F)cc4Cl)oc23)[C@@H]1CO,CHEMBL331,Cyclin-dependent kinase 4,INHIBITOR,Cyclin-dependent kinase 4 inhibitor,2
CHEMBL507361,MIRDAMETINIB,O=C(NOC[C@H](O)CO)c1ccc(F)c(F)c1Nc1ccc(I)cc1F,CHEMBL3587,Dual specificity mitogen-activated protein kinase kinase 1,INHIBITOR,Dual specificity mitogen-activated protein kinase kinase 1 inhibitor,2
CHEMBL507361,MIRDAMETINIB,O=C(NOC[C@H](O)CO)c1ccc(F)c(F)c1Nc1ccc(I)cc1F,CHEMBL2964,Dual specificity mitogen-activated protein kinase kinase 2,INHIBITOR,Dual specificity mitogen-activated protein kinase kinase 2 inhibitor,2
CHEMBL1234354,PF-04691502,COc1ccc(-c2cc3c(C)nc(N)nc3n([C@H]3CC[C@H](OCCO)CC3)c2=O)cn1,CHEMBL2842,Serine/threonine-protein kinase mTOR,INHIBITOR,Serine/threonine-protein kinase mTOR inhibitor,2
CHEMBL1234354,PF-04691502,COc1ccc(-c2cc3c(C)nc(N)nc3n([C@H]3CC[C@H](OCCO)CC3)c2=O)cn1,CHEMBL3559703,PI3-kinase class I,INHIBITOR,PI3-kinase class I inhibitor,2
CHEMBL592445,GEDATOLISIB,CN(C)C1CCN(C(=O)c2ccc(NC(=O)Nc3ccc(-c4nc(N5CCOCC5)nc(N5CCOCC5)n4)cc3)cc2)CC1,CHEMBL2842,Serine/threonine-protein kinase mTOR,INHIBITOR,Serine/threonine-protein kinase mTOR inhibitor,3
CHEMBL592445,GEDATOLISIB,CN(C)C1CCN(C(=O)c2ccc(NC(=O)Nc3ccc(-c4nc(N5CCOCC5)nc(N5CCOCC5)n4)cc3)cc2)CC1,CHEMBL3559703,PI3-kinase class I,INHIBITOR,PI3-kinase class I inhibitor,3
CHEMBL1088751,PH-797804,CNC(=O)c1ccc(C)c(-n2c(C)cc(OCc3ccc(F)cc3F)c(Br)c2=O)c1,CHEMBL260,Mitogen-activated protein kinase 14,INHIBITOR,MAP kinase p38 alpha inhibitor,2
CHEMBL402548,DANUSERTIB,CO[C@@H](C(=O)N1Cc2[nH]nc(NC(=O)c3ccc(N4CCN(C)CC4)cc3)c2C1)c1ccccc1,CHEMBL3430911,Serine/threonine-protein kinase Aurora,INHIBITOR,Serine/threonine-protein kinase Aurora inhibitor,2
CHEMBL564829,MILCICLIB,CNC(=O)c1nn(C)c2c1C(C)(C)Cc1cnc(Nc3ccc(N4CCN(C)CC4)cc3)nc1-2,CHEMBL308,Cyclin-dependent kinase 1,INHIBITOR,Cyclin-dependent kinase 1 inhibitor,2
CHEMBL564829,MILCICLIB,CNC(=O)c1nn(C)c2c1C(C)(C)Cc1cnc(Nc3ccc(N4CCN(C)CC4)cc3)nc1-2,CHEMBL301,Cyclin-dependent kinase 2,INHIBITOR,Cyclin-dependent kinase 2 inhibitor,2
CHEMBL564829,MILCICLIB,CNC(=O)c1nn(C)c2c1C(C)(C)Cc1cnc(Nc3ccc(N4CCN(C)CC4)cc3)nc1-2,CHEMBL331,Cyclin-dependent kinase 4,INHIBITOR,Cyclin-dependent kinase 4 inhibitor,2
CHEMBL564829,MILCICLIB,CNC(=O)c1nn(C)c2c1C(C)(C)Cc1cnc(Nc3ccc(N4CCN(C)CC4)cc3)nc1-2,CHEMBL2815,High affinity nerve growth factor receptor,INHIBITOR,Nerve growth factor receptor Trk-A inhibitor,2
CHEMBL3813873,PEXIDARTINIB,FC(F)(F)c1ccc(CNc2ccc(Cc3c[nH]c4ncc(Cl)cc34)cn2)cn1,CHEMBL1844,Macrophage colony-stimulating factor 1 receptor,INHIBITOR,Macrophage colony stimulating factor receptor inhibitor,4
CHEMBL3813873,PEXIDARTINIB,FC(F)(F)c1ccc(CNc2ccc(Cc3c[nH]c4ncc(Cl)cc34)cn2)cn1,CHEMBL1974,Receptor-type tyrosine-protein kinase FLT3,INHIBITOR,Tyrosine-protein kinase receptor FLT3 inhibitor,4
CHEMBL3813873,PEXIDARTINIB,FC(F)(F)c1ccc(CNc2ccc(Cc3c[nH]c4ncc(Cl)cc34)cn2)cn1,CHEMBL1936,Mast/stem cell growth factor receptor Kit,INHIBITOR,Stem cell growth factor receptor inhibitor,4
CHEMBL411907,SONOLISIB,C=CCN(/C=C1/C(=O)O[C@H](COC)[C@@]2(C)C1=C(O)C(=O)C1=C2[C@H](OC(C)=O)C[C@]2(C)C(=O)CC[C@@H]12)CC=C,CHEMBL3559703,PI3-kinase class I,INHIBITOR,PI3-kinase class I inhibitor,2
CHEMBL2170582,R-343,CNC(=O)COc1cccc(Nc2ncc(F)c(Nc3ccc4c(c3)NC(=O)C(F)(F)O4)n2)c1,CHEMBL2599,Tyrosine-protein kinase SYK,INHIBITOR,Tyrosine-protein kinase SYK inhibitor,2
CHEMBL558752,RAF-265,Cn1c(Nc2ccc(C(F)(F)F)cc2)nc2cc(Oc3ccnc(-c4ncc(C(F)(F)F)[nH]4)c3)ccc21,CHEMBL5145,Serine/threonine-protein kinase B-raf,INHIBITOR,Serine/threonine-protein kinase B-raf inhibitor,2
CHEMBL558752,RAF-265,Cn1c(Nc2ccc(C(F)(F)F)cc2)nc2cc(Oc3ccnc(-c4ncc(C(F)(F)F)[nH]4)c3)ccc21,CHEMBL279,Vascular endothelial growth factor receptor 2,INHIBITOR,Vascular endothelial growth factor receptor 2 inhibitor,2
CHEMBL521851,PICTILISIB,CS(=O)(=O)N1CCN(Cc2cc3nc(-c4cccc5[nH]ncc45)nc(N4CCOCC4)c3s2)CC1,CHEMBL3559703,PI3-kinase class I,INHIBITOR,PI3-kinase class I inhibitor,2
CHEMBL1922094,APITOLISIB,Cc1c(CN2CCN(C(=O)[C@H](C)O)CC2)sc2c(N3CCOCC3)nc(-c3cnc(N)nc3)nc12,CHEMBL2842,Serine/threonine-protein kinase mTOR,INHIBITOR,Serine/threonine-protein kinase mTOR inhibitor,2
CHEMBL1922094,APITOLISIB,Cc1c(CN2CCN(C(=O)[C@H](C)O)CC2)sc2c(N3CCOCC3)nc(-c3cnc(N)nc3)nc12,CHEMBL3559703,PI3-kinase class I,INHIBITOR,PI3-kinase class I inhibitor,2
CHEMBL2177390,IPATASERTIB,CC(C)NC[C@@H](C(=O)N1CCN(c2ncnc3c2[C@H](C)C[C@H]3O)CC1)c1ccc(Cl)cc1,CHEMBL2111353,Serine/threonine-protein kinase AKT,INHIBITOR,Serine/threonine-protein kinase AKT inhibitor,3
CHEMBL2387080,TASELISIB,Cc1nc(-c2cn3c(n2)-c2ccc(-c4cnn(C(C)(C)C(N)=O)c4)cc2OCC3)n(C(C)C)n1,CHEMBL3559703,PI3-kinase class I,INHIBITOR,PI3-kinase class I inhibitor,3
CHEMBL3360203,PILARALISIB,COc1ccc(Cl)c(Nc2nc3ccccc3nc2NS(=O)(=O)c2cccc(NC(=O)C(C)(C)N)c2)c1,CHEMBL3559703,PI3-kinase class I,INHIBITOR,PI3-kinase class I inhibitor,2
CHEMBL3545366,VOXTALISIB,CCn1c(=O)c(-c2cc[nH]n2)cc2c(C)nc(N)nc21,CHEMBL2842,Serine/threonine-protein kinase mTOR,INHIBITOR,Serine/threonine-protein kinase mTOR inhibitor,2
CHEMBL3545366,VOXTALISIB,CCn1c(=O)c(-c2cc[nH]n2)cc2c(C)nc(N)nc21,CHEMBL3559703,PI3-kinase class I,INHIBITOR,PI3-kinase class I inhibitor,2
CHEMBL3545341,SAR-407899,Cl.O=c1[nH]ccc2cc(OC3CCNCC3)ccc12,CHEMBL2111459,Rho-associated protein kinase,INHIBITOR,Rho-associated protein kinase inhibitor,2
CHEMBL514201,TALMAPIMOD,C[C@@H]1CN(Cc2ccc(F)cc2)[C@@H](C)CN1C(=O)c1cc2c(C(=O)C(=O)N(C)C)cn(C)c2cc1Cl,CHEMBL260,Mitogen-activated protein kinase 14,INHIBITOR,MAP kinase p38 alpha inhibitor,2
CHEMBL1278146,FAMITINIB,CCN(CC)CCN1CCc2[nH]c(/C=C3\C(=O)Nc4ccc(F)cc43)c(C)c2C1=O,CHEMBL1936,Mast/stem cell growth factor receptor Kit,INHIBITOR,Stem cell growth factor receptor inhibitor,3
CHEMBL1278146,FAMITINIB,CCN(CC)CCN1CCc2[nH]c(/C=C3\C(=O)Nc4ccc(F)cc43)c(C)c2C1=O,CHEMBL1868,Vascular endothelial growth factor receptor 1,INHIBITOR,Vascular endothelial growth factor receptor 1 inhibitor,3
CHEMBL1278146,FAMITINIB,CCN(CC)CCN1CCc2[nH]c(/C=C3\C(=O)Nc4ccc(F)cc43)c(C)c2C1=O,CHEMBL1974,Receptor-type tyrosine-protein kinase FLT3,INHIBITOR,Tyrosine-protein kinase receptor FLT3 inhibitor,3
CHEMBL1278146,FAMITINIB,CCN(CC)CCN1CCc2[nH]c(/C=C3\C(=O)Nc4ccc(F)cc43)c(C)c2C1=O,CHEMBL2095189,Platelet-derived growth factor receptor,INHIBITOR,Platelet-derived growth factor receptor inhibitor,3
CHEMBL1278146,FAMITINIB,CCN(CC)CCN1CCc2[nH]c(/C=C3\C(=O)Nc4ccc(F)cc43)c(C)c2C1=O,CHEMBL279,Vascular endothelial growth factor receptor 2,INHIBITOR,Vascular endothelial growth factor receptor 2 inhibitor,3
CHEMBL1278146,FAMITINIB,CCN(CC)CCN1CCc2[nH]c(/C=C3\C(=O)Nc4ccc(F)cc43)c(C)c2C1=O,CHEMBL1955,Vascular endothelial growth factor receptor 3,INHIBITOR,Vascular endothelial growth factor receptor 3 inhibitor,3
CHEMBL363648,TAK-715,CCc1nc(-c2cccc(C)c2)c(-c2ccnc(NC(=O)c3ccccc3)c2)s1,CHEMBL260,Mitogen-activated protein kinase 14,INHIBITOR,MAP kinase p38 alpha inhibitor,2
CHEMBL230011,TG100-115,Nc1nc(N)c2nc(-c3cccc(O)c3)c(-c3cccc(O)c3)nc2n1,CHEMBL3267,"Phosphatidylinositol 4,5-bisphosphate 3-kinase catalytic subunit gamma isoform",INHIBITOR,PI3-kinase p110-gamma subunit inhibitor,2
CHEMBL230011,TG100-115,Nc1nc(N)c2nc(-c3cccc(O)c3)c(-c3cccc(O)c3)nc2n1,CHEMBL3130,"Phosphatidylinositol 4,5-bisphosphate 3-kinase catalytic subunit delta isoform",INHIBITOR,PI3-kinase p110-delta subunit inhibitor,2
CHEMBL403989,TG100-801,Cc1cc(-c2cc(OC(=O)c3ccccc3)ccc2Cl)cc2nnc(Nc3ccc(OCCN4CCCC4)cc3)nc12,CHEMBL2363074,SRC,INHIBITOR,SRC inhibitor,2
CHEMBL403989,TG100-801,Cc1cc(-c2cc(OC(=O)c3ccccc3)ccc2Cl)cc2nnc(Nc3ccc(OCCN4CCCC4)cc3)nc12,CHEMBL5147,Ephrin type-B receptor 4,INHIBITOR,Ephrin type-B receptor 4 inhibitor,2
CHEMBL403989,TG100-801,Cc1cc(-c2cc(OC(=O)c3ccccc3)ccc2Cl)cc2nnc(Nc3ccc(OCCN4CCCC4)cc3)nc12,CHEMBL3650,Fibroblast growth factor receptor 1,INHIBITOR,Fibroblast growth factor receptor 1 inhibitor,2
CHEMBL403989,TG100-801,Cc1cc(-c2cc(OC(=O)c3ccccc3)ccc2Cl)cc2nnc(Nc3ccc(OCCN4CCCC4)cc3)nc12,CHEMBL4142,Fibroblast growth factor receptor 2,INHIBITOR,Fibroblast growth factor receptor 2 inhibitor,2
CHEMBL403989,TG100-801,Cc1cc(-c2cc(OC(=O)c3ccccc3)ccc2Cl)cc2nnc(Nc3ccc(OCCN4CCCC4)cc3)nc12,CHEMBL1913,Platelet-derived growth factor receptor beta,INHIBITOR,Platelet-derived growth factor receptor beta inhibitor,2
CHEMBL403989,TG100-801,Cc1cc(-c2cc(OC(=O)c3ccccc3)ccc2Cl)cc2nnc(Nc3ccc(OCCN4CCCC4)cc3)nc12,CHEMBL1868,Vascular endothelial growth factor receptor 1,INHIBITOR,Vascular endothelial growth factor receptor 1 inhibitor,2
CHEMBL403989,TG100-801,Cc1cc(-c2cc(OC(=O)c3ccccc3)ccc2Cl)cc2nnc(Nc3ccc(OCCN4CCCC4)cc3)nc12,CHEMBL279,Vascular endothelial growth factor receptor 2,INHIBITOR,Vascular endothelial growth factor receptor 2 inhibitor,2
CHEMBL574737,UCN-01,CN[C@@H]1C[C@H]2O[C@@](C)([C@@H]1OC)n1c3ccccc3c3c4c(c5c6ccccc6n2c5c31)C(=O)N[C@H]4O,CHEMBL301,Cyclin-dependent kinase 2,INHIBITOR,Cyclin-dependent kinase 2 inhibitor,2
CHEMBL574737,UCN-01,CN[C@@H]1C[C@H]2O[C@@](C)([C@@H]1OC)n1c3ccccc3c3c4c(c5c6ccccc6n2c5c31)C(=O)N[C@H]4O,CHEMBL331,Cyclin-dependent kinase 4,INHIBITOR,Cyclin-dependent kinase 4 inhibitor,2
CHEMBL574737,UCN-01,CN[C@@H]1C[C@H]2O[C@@](C)([C@@H]1OC)n1c3ccccc3c3c4c(c5c6ccccc6n2c5c31)C(=O)N[C@H]4O,CHEMBL2508,Cyclin-dependent kinase 6,INHIBITOR,Cyclin-dependent kinase 6 inhibitor,2
CHEMBL574737,UCN-01,CN[C@@H]1C[C@H]2O[C@@](C)([C@@H]1OC)n1c3ccccc3c3c4c(c5c6ccccc6n2c5c31)C(=O)N[C@H]4O,CHEMBL4630,Serine/threonine-protein kinase Chk1,INHIBITOR,Serine/threonine-protein kinase Chk1 inhibitor,2
CHEMBL574737,UCN-01,CN[C@@H]1C[C@H]2O[C@@](C)([C@@H]1OC)n1c3ccccc3c3c4c(c5c6ccccc6n2c5c31)C(=O)N[C@H]4O,CHEMBL2534,3-phosphoinositide-dependent protein kinase 1,INHIBITOR,3-phosphoinositide dependent protein kinase-1 inhibitor,2
CHEMBL574737,UCN-01,CN[C@@H]1C[C@H]2O[C@@](C)([C@@H]1OC)n1c3ccccc3c3c4c(c5c6ccccc6n2c5c31)C(=O)N[C@H]4O,CHEMBL2093867,Protein kinase C (PKC),INHIBITOR,Protein kinase C (PKC) inhibitor,2
CHEMBL462018,TRICIRIBINE PHOSPHATE,CN1N=C(N)c2cn([C@@H]3O[C@H](COP(=O)(O)O)[C@@H](O)[C@H]3O)c3ncnc1c23,CHEMBL2111353,Serine/threonine-protein kinase AKT,INHIBITOR,Serine/threonine-protein kinase AKT inhibitor,2
CHEMBL3137331,DEFACTINIB,CNC(=O)c1ccc(Nc2ncc(C(F)(F)F)c(NCc3nccnc3N(C)S(C)(=O)=O)n2)cc1,CHEMBL2695,Focal adhesion kinase 1,INHIBITOR,Focal adhesion kinase 1 inhibitor,3
CHEMBL3137331,DEFACTINIB,CNC(=O)c1ccc(Nc2ncc(C(F)(F)F)c(NCc3nccnc3N(C)S(C)(=O)=O)n2)cc1,CHEMBL5469,Protein-tyrosine kinase 2-beta,INHIBITOR,Protein tyrosine kinase 2 beta inhibitor,3
CHEMBL3039513,DECERNOTINIB,CC[C@@](C)(Nc1ccnc(-c2c[nH]c3ncccc23)n1)C(=O)NCC(F)(F)F,CHEMBL2148,Tyrosine-protein kinase JAK3,INHIBITOR,Tyrosine-protein kinase JAK3 inhibitor,2
CHEMBL1090090,VX-702,NC(=O)c1ccc(N(C(N)=O)c2c(F)cccc2F)nc1-c1ccc(F)cc1F,CHEMBL260,Mitogen-activated protein kinase 14,INHIBITOR,MAP kinase p38 alpha inhibitor,2
CHEMBL119385,NEFLAMAPIMOD,O=c1ncn2nc(Sc3ccc(F)cc3F)ccc2c1-c1c(Cl)cccc1Cl,CHEMBL260,Mitogen-activated protein kinase 14,INHIBITOR,MAP kinase p38 alpha inhibitor,2
CHEMBL3545027,XL-281,COC(=O)Nc1nc2cc(C3(O)c4ccccc4C(=O)N3c3cc(Cl)ccc3C)ccc2[nH]1,CHEMBL5145,Serine/threonine-protein kinase B-raf,INHIBITOR,Serine/threonine-protein kinase B-raf inhibitor,2
CHEMBL3545027,XL-281,COC(=O)Nc1nc2cc(C3(O)c4ccccc4C(=O)N3c3cc(Cl)ccc3C)ccc2[nH]1,CHEMBL1906,RAF proto-oncogene serine/threonine-protein kinase,INHIBITOR,Serine/threonine-protein kinase RAF inhibitor,2
CHEMBL3544983,TESEVATINIB,COc1cc2c(Nc3ccc(Cl)c(Cl)c3F)ncnc2cc1OC[C@@H]1C[C@@H]2CN(C)C[C@@H]2C1,CHEMBL5147,Ephrin type-B receptor 4,INHIBITOR,Ephrin type-B receptor 4 inhibitor,3
CHEMBL3544983,TESEVATINIB,COc1cc2c(Nc3ccc(Cl)c(Cl)c3F)ncnc2cc1OC[C@@H]1C[C@@H]2CN(C)C[C@@H]2C1,CHEMBL203,Epidermal growth factor receptor,INHIBITOR,Epidermal growth factor receptor erbB1 inhibitor,3
CHEMBL3544983,TESEVATINIB,COc1cc2c(Nc3ccc(Cl)c(Cl)c3F)ncnc2cc1OC[C@@H]1C[C@@H]2CN(C)C[C@@H]2C1,CHEMBL1824,Receptor tyrosine-protein kinase erbB-2,INHIBITOR,Receptor protein-tyrosine kinase erbB-2 inhibitor,3
CHEMBL5314391,XL-999,CCN1CCC(Nc2ccc3c(c2)/C(=C(\c2cccc(F)c2)c2nc(C)c[nH]2)C(=O)N3)CC1,CHEMBL2095217,Fibroblast growth factor receptor,INHIBITOR,Fibroblast growth factor receptor inhibitor,2
CHEMBL5314391,XL-999,CCN1CCC(Nc2ccc3c(c2)/C(=C(\c2cccc(F)c2)c2nc(C)c[nH]2)C(=O)N3)CC1,CHEMBL1974,Receptor-type tyrosine-protein kinase FLT3,INHIBITOR,Tyrosine-protein kinase receptor FLT3 inhibitor,2
CHEMBL5314391,XL-999,CCN1CCC(Nc2ccc3c(c2)/C(=C(\c2cccc(F)c2)c2nc(C)c[nH]2)C(=O)N3)CC1,CHEMBL1936,Mast/stem cell growth factor receptor Kit,INHIBITOR,Stem cell growth factor receptor inhibitor,2
CHEMBL5314391,XL-999,CCN1CCC(Nc2ccc3c(c2)/C(=C(\c2cccc(F)c2)c2nc(C)c[nH]2)C(=O)N3)CC1,CHEMBL2095189,Platelet-derived growth factor receptor,INHIBITOR,Platelet-derived growth factor receptor inhibitor,2
CHEMBL5314391,XL-999,CCN1CCC(Nc2ccc3c(c2)/C(=C(\c2cccc(F)c2)c2nc(C)c[nH]2)C(=O)N3)CC1,CHEMBL2095227,Vascular endothelial growth factor receptor,INHIBITOR,Vascular endothelial growth factor receptor inhibitor,2
CHEMBL586702,ZSTK-474,FC(F)c1nc2ccccc2n1-c1nc(N2CCOCC2)nc(N2CCOCC2)n1,CHEMBL3559703,PI3-kinase class I,INHIBITOR,PI3-kinase class I inhibitor,2
CHEMBL1852688,INFIGRATINIB,CCN1CCN(c2ccc(Nc3cc(N(C)C(=O)Nc4c(Cl)c(OC)cc(OC)c4Cl)ncn3)cc2)CC1,CHEMBL2095217,Fibroblast growth factor receptor,INHIBITOR,Fibroblast growth factor receptor inhibitor,4
CHEMBL3402762,TEPOTINIB,CN1CCC(COc2cnc(-c3cccc(Cn4nc(-c5cccc(C#N)c5)ccc4=O)c3)nc2)CC1,CHEMBL3717,Hepatocyte growth factor receptor,INHIBITOR,Hepatocyte growth factor receptor inhibitor,4
CHEMBL5314409,GSK-2269557,CC(C)N1CCN(Cc2cnc(-c3cc(-c4cccc5[nH]ccc45)cc4[nH]ncc34)o2)CC1.Cl,CHEMBL3130,"Phosphatidylinositol 4,5-bisphosphate 3-kinase catalytic subunit delta isoform",INHIBITOR,PI3-kinase p110-delta subunit inhibitor,2
CHEMBL3188267,CAPMATINIB,CNC(=O)c1ccc(-c2cnc3ncc(Cc4ccc5ncccc5c4)n3n2)cc1F,CHEMBL3717,Hepatocyte growth factor receptor,INHIBITOR,Hepatocyte growth factor receptor inhibitor,4
CHEMBL4297181,SAMOTOLISIB,CO[C@@H](C)Cn1c(=O)n(C)c2cnc3ccc(-c4cncc(C(C)(C)O)c4)cc3c21,CHEMBL2842,Serine/threonine-protein kinase mTOR,INHIBITOR,Serine/threonine-protein kinase mTOR inhibitor,2
CHEMBL4297181,SAMOTOLISIB,CO[C@@H](C)Cn1c(=O)n(C)c2cnc3ccc(-c4cncc(C(C)(C)O)c4)cc3c21,CHEMBL3559703,PI3-kinase class I,INHIBITOR,PI3-kinase class I inhibitor,2
CHEMBL2103799,COBIPROSTONE,CC[C@H](C)CC(F)(F)[C@@]1(O)CC[C@H]2[C@@H](CC(=O)[C@@H]2CCCCCCC(=O)O)O1,CHEMBL1628478,Chloride channel protein 2,ACTIVATOR,Chloride channel protein 2 activator,2
CHEMBL105060,DNK333,CN(C(=O)c1cc(C(F)(F)F)cc(C(F)(F)F)c1)[C@@H](/C=C/C(=O)N[C@@H]1CCCCNC1=O)Cc1ccc(Cl)c(Cl)c1,CHEMBL249,Substance-P receptor,ANTAGONIST,Neurokinin 1 receptor antagonist,2
CHEMBL1215661,PRUVANSERIN,N#Cc1c[nH]c2c(C(=O)N3CCN(CCc4ccc(F)cc4)CC3)cccc12,CHEMBL224,5-hydroxytryptamine receptor 2A,ANTAGONIST,Serotonin 2a (5-HT2a) receptor antagonist,2
CHEMBL1287935,VERUCERFONT,CC[C@H](Nc1cc(C)nc2c(-c3ccc(OC)cc3C)c(C)nn12)c1nc(C)no1,CHEMBL1800,Corticotropin-releasing factor receptor 1,ANTAGONIST,Corticotropin releasing factor receptor 1 antagonist,2
CHEMBL1631540,GSK163090,Cc1ccc2c(N3CCN(CCc4cccc(N5CCNC5=O)c4)CC3)cccc2n1,CHEMBL214,5-hydroxytryptamine receptor 1A,ANTAGONIST,Serotonin 1a (5-HT1a) receptor antagonist,2
CHEMBL1631540,GSK163090,Cc1ccc2c(N3CCN(CCc4cccc(N5CCNC5=O)c4)CC3)cccc2n1,CHEMBL1898,5-hydroxytryptamine receptor 1B,ANTAGONIST,Serotonin 1b (5-HT1b) receptor antagonist,2
CHEMBL1631540,GSK163090,Cc1ccc2c(N3CCN(CCc4cccc(N5CCNC5=O)c4)CC3)cccc2n1,CHEMBL1983,5-hydroxytryptamine receptor 1D,ANTAGONIST,Serotonin 1d (5-HT1d) receptor antagonist,2
CHEMBL1631540,GSK163090,Cc1ccc2c(N3CCN(CCc4cccc(N5CCNC5=O)c4)CC3)cccc2n1,CHEMBL228,Sodium-dependent serotonin transporter,ANTAGONIST,Serotonin transporter antagonist,2
CHEMBL1933349,MK-0893,COc1ccc2cc(-c3cc(-c4cc(Cl)cc(Cl)c4)nn3[C@@H](C)c3ccc(C(=O)NCCC(=O)O)cc3)ccc2c1,CHEMBL1985,Glucagon receptor,ANTAGONIST,Glucagon receptor antagonist,2
CHEMBL1940832,MILVETEROL,O=CNc1cc([C@@H](O)CNCCc2ccc(NC[C@H](O)c3ccccc3)cc2)ccc1O,CHEMBL210,Beta-2 adrenergic receptor,AGONIST,Beta-2 adrenergic receptor agonist,2
CHEMBL1950651,EVODENOSON,COC(=O)N1CCC(CC#Cc2nc(N)c3ncn([C@@H]4O[C@H](C(=O)NC5CC5)[C@@H](O)[C@H]4O)c3n2)CC1,CHEMBL251,Adenosine receptor A2a,AGONIST,Adenosine A2a receptor agonist,2
CHEMBL2012520,LY377604,CC(C)(Cc1ccc(Oc2ccc(C(N)=O)cn2)cc1)NC[C@H](O)COc1cccc2[nH]c3ccccc3c12,CHEMBL246,Beta-3 adrenergic receptor,AGONIST,Beta-3 adrenergic receptor agonist,2
CHEMBL2012520,LY377604,CC(C)(Cc1ccc(Oc2ccc(C(N)=O)cn2)cc1)NC[C@H](O)COc1cccc2[nH]c3ccccc3c12,CHEMBL210,Beta-2 adrenergic receptor,ANTAGONIST,Beta-2 adrenergic receptor antagonist,2
CHEMBL2012520,LY377604,CC(C)(Cc1ccc(Oc2ccc(C(N)=O)cn2)cc1)NC[C@H](O)COc1cccc2[nH]c3ccccc3c12,CHEMBL213,Beta-1 adrenergic receptor,ANTAGONIST,Beta-1 adrenergic receptor antagonist,2
CHEMBL2037511,EPELSIBAN,CC[C@H](C)[C@@H]1C(=O)N[C@H](C2Cc3ccccc3C2)C(=O)N1[C@@H](C(=O)N1CCOCC1)c1ccc(C)nc1C,CHEMBL2049,Oxytocin receptor,ANTAGONIST,Oxytocin receptor antagonist,2
CHEMBL2043437,GLASDEGIB,CN1CC[C@@H](NC(=O)Nc2ccc(C#N)cc2)C[C@@H]1c1nc2ccccc2[nH]1,CHEMBL5971,Protein smoothened,ANTAGONIST,Smoothened homolog antagonist,4
CHEMBL208427,SOLABEGRON,O=C(O)c1cccc(-c2cccc(NCCNC[C@H](O)c3cccc(Cl)c3)c2)c1,CHEMBL246,Beta-3 adrenergic receptor,AGONIST,Beta-3 adrenergic receptor agonist,2
CHEMBL2087337,VELUSETRAG,CC(C)n1c(=O)c(C(=O)N[C@H]2C[C@H]3CC[C@@H](C2)N3C[C@@H](O)CN(C)S(C)(=O)=O)cc2ccccc21,CHEMBL1875,5-hydroxytryptamine receptor 4,AGONIST,Serotonin 4 (5-HT4) receptor agonist,2
CHEMBL2308782,DAROTROPIUM BROMIDE,C[N+]1(C)[C@@H]2CC[C@H]1C[C@H](CC(C#N)(c1ccccc1)c1ccccc1)C2.[Br-],CHEMBL2094109,Muscarinic acetylcholine receptor,ANTAGONIST,Muscarinic acetylcholine receptor antagonist,2
CHEMBL2103828,ELINOGREL,CNc1cc2[nH]c(=O)n(-c3ccc(NC(=O)NS(=O)(=O)c4ccc(Cl)s4)cc3)c(=O)c2cc1F,CHEMBL2001,P2Y purinoceptor 12,ANTAGONIST,Purinergic receptor P2Y12 antagonist,2
CHEMBL2103858,NARONAPRIDE,COc1cc(N)c(Cl)cc1C(=O)N[C@@H]1CCN(CCCCCC(=O)O[C@H]2CN3CCC2CC3)C[C@@H]1OC,CHEMBL1875,5-hydroxytryptamine receptor 4,AGONIST,Serotonin 4 (5-HT4) receptor agonist,2
CHEMBL2103862,BAVISANT,O=C(c1ccc(CN2CCOCC2)cc1)N1CCN(C2CC2)CC1,CHEMBL264,Histamine H3 receptor,ANTAGONIST,Histamine H3 receptor antagonist,2
CHEMBL2103880,CERLAPIRDINE,CN(C)CCCOc1ccc2[nH]nc(S(=O)(=O)c3cccc4ccccc34)c2c1,CHEMBL3371,5-hydroxytryptamine receptor 6,ANTAGONIST,Serotonin 6 (5-HT6) receptor antagonist,2
CHEMBL2104986,TEDATIOXETINE,Cc1ccc(Sc2ccccc2C2CCNCC2)cc1,CHEMBL228,Sodium-dependent serotonin transporter,INHIBITOR,Serotonin transporter inhibitor,2
CHEMBL2104986,TEDATIOXETINE,Cc1ccc(Sc2ccccc2C2CCNCC2)cc1,CHEMBL222,Sodium-dependent noradrenaline transporter,INHIBITOR,Norepinephrine transporter inhibitor,2
CHEMBL2104986,TEDATIOXETINE,Cc1ccc(Sc2ccccc2C2CCNCC2)cc1,CHEMBL238,Sodium-dependent dopamine transporter,INHIBITOR,Dopamine transporter inhibitor,2
CHEMBL2104986,TEDATIOXETINE,Cc1ccc(Sc2ccccc2C2CCNCC2)cc1,CHEMBL224,5-hydroxytryptamine receptor 2A,ANTAGONIST,Serotonin 2a (5-HT2a) receptor antagonist,2
CHEMBL2104986,TEDATIOXETINE,Cc1ccc(Sc2ccccc2C2CCNCC2)cc1,CHEMBL225,5-hydroxytryptamine receptor 2C,ANTAGONIST,Serotonin 2c (5-HT2c) receptor antagonist,2
CHEMBL2104986,TEDATIOXETINE,Cc1ccc(Sc2ccccc2C2CCNCC2)cc1,CHEMBL229,Alpha-1A adrenergic receptor,ANTAGONIST,Alpha-1a adrenergic receptor antagonist,2
CHEMBL2104986,TEDATIOXETINE,Cc1ccc(Sc2ccccc2C2CCNCC2)cc1,CHEMBL2094132,Serotonin 3 (5-HT3) receptor,ANTAGONIST,Serotonin 3 (5-HT3) receptor antagonist,2
CHEMBL2105667,ORVEPITANT,Cc1cc(F)ccc1[C@H]1C[C@@H](N2CCN3C(=O)CC[C@H]3C2)CCN1C(=O)N(C)[C@H](C)c1cc(C(F)(F)F)cc(C(F)(F)F)c1,CHEMBL249,Substance-P receptor,ANTAGONIST,Neurokinin 1 receptor antagonist,2
CHEMBL2107371,SELODENOSON,CCNC(=O)[C@H]1O[C@@H](n2cnc3c(NC4CCCC4)ncnc32)[C@H](O)[C@@H]1O,CHEMBL226,Adenosine receptor A1,AGONIST,Adenosine A1 receptor agonist,2
CHEMBL2107826,VIBEGRON,O=C(Nc1ccc(C[C@@H]2CC[C@H]([C@H](O)c3ccccc3)N2)cc1)[C@@H]1CCc2nccc(=O)n21,CHEMBL246,Beta-3 adrenergic receptor,AGONIST,Beta-3 adrenergic receptor agonist,4
CHEMBL2110727,CENICRIVIROC,CCCCOCCOc1ccc(-c2ccc3c(c2)/C=C(/C(=O)Nc2ccc([S@@+]([O-])Cc4cncn4CCC)cc2)CCCN3CC(C)C)cc1,CHEMBL274,C-C chemokine receptor type 5,ANTAGONIST,C-C chemokine receptor type 5 antagonist,3
CHEMBL2110727,CENICRIVIROC,CCCCOCCOc1ccc(-c2ccc3c(c2)/C=C(/C(=O)Nc2ccc([S@@+]([O-])Cc4cncn4CCC)cc2)CCCN3CC(C)C)cc1,CHEMBL4015,C-C chemokine receptor type 2,ANTAGONIST,C-C chemokine receptor type 2 antagonist,3
CHEMBL2142592,TALADEGIB,CN(C(=O)c1ccc(F)cc1C(F)(F)F)C1CCN(c2nnc(-c3ccnn3C)c3ccccc23)CC1,CHEMBL5971,Protein smoothened,ANTAGONIST,Smoothened homolog antagonist,2
CHEMBL2151197,PF-03654746,CCNC(=O)[C@H]1C[C@@](F)(c2ccc(CN3CCCC3)c(F)c2)C1,CHEMBL264,Histamine H3 receptor,ANTAGONIST,Histamine H3 receptor antagonist,2
CHEMBL2103864,NAVARIXIN,CC[C@@H](Nc1c(Nc2cccc(C(=O)N(C)C)c2O)c(=O)c1=O)c1ccc(C)o1.O,CHEMBL4029,C-X-C chemokine receptor type 1,ANTAGONIST,Interleukin-8 receptor A antagonist,2
CHEMBL2103864,NAVARIXIN,CC[C@@H](Nc1c(Nc2cccc(C(=O)N(C)C)c2O)c(=O)c1=O)c1ccc(C)o1.O,CHEMBL2434,C-X-C chemokine receptor type 2,ANTAGONIST,Interleukin-8 receptor B antagonist,2
CHEMBL2178422,RIMEGEPANT,N[C@@H]1c2cccnc2[C@H](OC(=O)N2CCC(n3c(=O)[nH]c4ncccc43)CC2)CC[C@H]1c1cccc(F)c1F,CHEMBL3798,Calcitonin gene-related peptide type 1 receptor,ANTAGONIST,Calcitonin gene-related peptide type 1 receptor antagonist,4
CHEMBL2178579,ELUBRIXIN,O=C(Nc1ccc(Cl)c(S(=O)(=O)N2CCNCC2)c1O)Nc1cccc(F)c1Cl,CHEMBL2434,C-X-C chemokine receptor type 2,ANTAGONIST,Interleukin-8 receptor B antagonist,2
CHEMBL2206292,PF-03654764,CC(C)CNC(=O)[C@H]1C[C@@](F)(c2ccc(CN3CCCC3)c(F)c2)C1,CHEMBL264,Histamine H3 receptor,ANTAGONIST,Histamine H3 receptor antagonist,2
CHEMBL2364619,METHYLSAMIDORPHAN,C[N@+]1(CC2CC2)CC[C@]23CC(=O)CC[C@@]2(O)[C@H]1Cc1ccc(C(N)=O)c(O)c13,CHEMBL233,Mu-type opioid receptor,ANTAGONIST,Mu opioid receptor antagonist,2
CHEMBL2364638,UBROGEPANT,C[C@@H]1[C@H](c2ccccc2)C[C@H](NC(=O)c2cnc3c(c2)C[C@@]2(C3)C(=O)Nc3ncccc32)C(=O)N1CC(F)(F)F,CHEMBL3798,Calcitonin gene-related peptide type 1 receptor,ANTAGONIST,Calcitonin gene-related peptide type 1 receptor antagonist,4
CHEMBL291657,CRINECERFONT,C#CCN(c1nc(-c2cc(C)c(OC)cc2Cl)c(C)s1)[C@@H](CC1CC1)c1ccc(C)c(F)c1,CHEMBL1800,Corticotropin-releasing factor receptor 1,ANTAGONIST,Corticotropin releasing factor receptor 1 antagonist,4
CHEMBL3039518,BATEFENTEROL,COc1cc(NC(=O)CCN2CCC(OC(=O)Nc3ccccc3-c3ccccc3)CC2)c(Cl)cc1CNC[C@H](O)c1ccc(O)c2[nH]c(=O)ccc12,CHEMBL210,Beta-2 adrenergic receptor,AGONIST,Beta-2 adrenergic receptor agonist,2
CHEMBL3039518,BATEFENTEROL,COc1cc(NC(=O)CCN2CCC(OC(=O)Nc3ccccc3-c3ccccc3)CC2)c(Cl)cc1CNC[C@H](O)c1ccc(O)c2[nH]c(=O)ccc12,CHEMBL211,Muscarinic acetylcholine receptor M2,ANTAGONIST,Muscarinic acetylcholine receptor M2 antagonist,2
CHEMBL3039518,BATEFENTEROL,COc1cc(NC(=O)CCN2CCC(OC(=O)Nc3ccccc3-c3ccccc3)CC2)c(Cl)cc1CNC[C@H](O)c1ccc(O)c2[nH]c(=O)ccc12,CHEMBL245,Muscarinic acetylcholine receptor M3,ANTAGONIST,Muscarinic acetylcholine receptor M3 antagonist,2
CHEMBL3039520,LASMIDITAN,CN1CCC(C(=O)c2cccc(NC(=O)c3c(F)cc(F)cc3F)n2)CC1,CHEMBL1805,5-hydroxytryptamine receptor 1F,AGONIST,Serotonin 1f (5-HT1f) receptor agonist,4
CHEMBL3039530,ABEDITEROL,O=c1ccc2c([C@@H](O)CNCCCCCCOCC(F)(F)c3ccccc3)ccc(O)c2[nH]1,CHEMBL210,Beta-2 adrenergic receptor,AGONIST,Beta-2 adrenergic receptor agonist,2
CHEMBL3039531,DANIRIXIN,Cc1c(F)cccc1NC(=O)Nc1ccc(Cl)c(S(=O)(=O)[C@H]2CCCNC2)c1O,CHEMBL2434,C-X-C chemokine receptor type 2,ANTAGONIST,Interleukin-8 receptor B antagonist,2
CHEMBL3087515,MAVOGLURANT,COC(=O)N1CC[C@@H]2[C@H]1CCC[C@@]2(O)C#Cc1cccc(C)c1,CHEMBL3227,Metabotropic glutamate receptor 5,ANTAGONIST,Metabotropic glutamate receptor 5 antagonist,2
CHEMBL3092650,GSK239512,O=C1CCCN1c1ccc(Oc2ccc3c(c2)CCN(C2CCC2)CC3)nc1,CHEMBL264,Histamine H3 receptor,ANTAGONIST,Histamine H3 receptor antagonist,2
CHEMBL3137313,AXELOPRAN,NC(=O)c1cccc([C@H]2C[C@H]3CC[C@@H](C2)N3CCN(CC2CCCCC2)C(=O)[C@@H](O)CO)c1,CHEMBL233,Mu-type opioid receptor,ANTAGONIST,Mu opioid receptor antagonist,2
CHEMBL3301593,DECOGLURANT,Nc1ccc(C#Cc2cnn3c(C(F)(F)F)cc(-c4ccc(C(F)(F)F)cc4)nc23)cn1,CHEMBL5137,Metabotropic glutamate receptor 2,MODULATOR,Metabotropic glutamate receptor 2 modulator,2
CHEMBL3301593,DECOGLURANT,Nc1ccc(C#Cc2cnn3c(C(F)(F)F)cc(-c4ccc(C(F)(F)F)cc4)nc23)cn1,CHEMBL2888,Metabotropic glutamate receptor 3,MODULATOR,Metabotropic glutamate receptor 3 modulator,2
CHEMBL3301604,RALINEPAG,O=C(O)COC[C@H]1CC[C@H](COC(=O)N(c2ccccc2)c2ccc(Cl)cc2)CC1,CHEMBL1995,Prostacyclin receptor,AGONIST,Prostanoid IP receptor agonist,3
CHEMBL3301626,BASIMGLURANT,Cc1nc(C#Cc2ccnc(Cl)c2)c(C)n1-c1ccc(F)cc1,CHEMBL3227,Metabotropic glutamate receptor 5,MODULATOR,Metabotropic glutamate receptor 5 modulator,2
CHEMBL392149,TECADENOSON,OC[C@H]1O[C@@H](n2cnc3c(N[C@@H]4CCOC4)ncnc32)[C@H](O)[C@@H]1O,CHEMBL226,Adenosine receptor A1,AGONIST,Adenosine A1 receptor agonist,2
CHEMBL412262,IBIPINABANT,CN/C(=N\S(=O)(=O)c1ccc(Cl)cc1)N1C[C@H](c2ccccc2)C(c2ccc(Cl)cc2)=N1,CHEMBL218,Cannabinoid receptor 1,ANTAGONIST,Cannabinoid CB1 receptor antagonist,2
CHEMBL426084,SAMIDORPHAN,NC(=O)c1ccc2c(c1O)[C@]13CCN(CC4CC4)[C@H](C2)[C@]1(O)CCC(=O)C3,CHEMBL233,Mu-type opioid receptor,ANTAGONIST,Mu opioid receptor antagonist,4
CHEMBL429736,RETOSIBAN,CC[C@H](C)[C@@H]1C(=O)N[C@H](C2Cc3ccccc3C2)C(=O)N1[C@@H](C(=O)N1CCOCC1)c1coc(C)n1,CHEMBL2049,Oxytocin receptor,ANTAGONIST,Oxytocin receptor antagonist,3
CHEMBL447664,VIPADENANT,Cc1cc(Cn2nnc3c(-c4ccco4)nc(N)nc32)ccc1N,CHEMBL251,Adenosine receptor A2a,ANTAGONIST,Adenosine A2a receptor antagonist,2
CHEMBL447955,SERLOPITANT,C[C@@H](O[C@H]1CC[C@@H]2CN(C3=CC(=O)CC3)C[C@H]2[C@@H]1c1ccc(F)cc1)c1cc(C(F)(F)F)cc(C(F)(F)F)c1,CHEMBL249,Substance-P receptor,ANTAGONIST,Neurokinin 1 receptor antagonist,3
CHEMBL476323,MK-0249,Cc1nc2cccc(C(F)(F)F)c2c(=O)n1-c1ccc(OCCCN2CCCC2)cc1,CHEMBL264,Histamine H3 receptor,INVERSE AGONIST,Histamine H3 receptor inverse agonist,2
CHEMBL489095,CAMICINAL,C[C@H]1CN(Cc2ccc(CC(=O)N3CCC(Nc4cccc(F)c4)CC3)cc2)CCN1,CHEMBL2203,Motilin receptor,AGONIST,Motilin receptor agonist,3
CHEMBL514270,EMICERFONT,COc1ccc(N2CCc3c(-n4ccc(N5CCNC5=O)n4)cc(C)nc32)c(C)c1,CHEMBL1800,Corticotropin-releasing factor receptor 1,ANTAGONIST,Corticotropin releasing factor receptor 1 antagonist,2
CHEMBL517140,GSK189254,CNC(=O)c1ccc(Oc2ccc3c(c2)CCN(C2CCC2)CC3)nc1,CHEMBL264,Histamine H3 receptor,ANTAGONIST,Histamine H3 receptor antagonist,2
CHEMBL538867,PATIDEGIB,CC1=C2C[C@H]3[C@@H](CC[C@@H]4C[C@H](NS(C)(=O)=O)CC[C@@]43C)[C@@H]2CC[C@@]2(C1)O[C@@H]1C[C@H](C)CN[C@H]1[C@H]2C,CHEMBL5971,Protein smoothened,ANTAGONIST,Smoothened homolog antagonist,3
CHEMBL3545029,ABT-288,CN1CC2CCN(c3ccc(-c4ccc(-n5ncccc5=O)cc4)cc3)C2C1,CHEMBL264,Histamine H3 receptor,ANTAGONIST,Histamine H3 receptor antagonist,2
CHEMBL3545403,BMS-833923,CNCc1ccc(C)c(NC(=O)c2ccc(Nc3nc(-c4ccccc4)c4ccccc4n3)cc2)c1,CHEMBL5971,Protein smoothened,ANTAGONIST,Smoothened homolog antagonist,2
CHEMBL3989871,AVACOPAN,Cc1ccc(NC(=O)[C@H]2CCCN(C(=O)c3c(C)cccc3F)[C@H]2c2ccc(NC3CCCC3)cc2)cc1C(F)(F)F,CHEMBL2373,C5a anaphylatoxin chemotactic receptor 1,ANTAGONIST,C5a anaphylatoxin chemotactic receptor antagonist,4
CHEMBL2178573,ILACIRNON,Cc1cnc(C(=O)c2ncnc3[nH]ccc23)c(NS(=O)(=O)c2ccc(Cl)c(C(F)(F)F)c2)c1,CHEMBL4015,C-C chemokine receptor type 2,ANTAGONIST,C-C chemokine receptor type 2 antagonist,2
CHEMBL4444976,CCX354,COc1cc(N2CCN(C(=O)Cn3nc(-c4ncc[nH]4)c4cccnc43)CC2)ccc1Cl,CHEMBL2413,C-C chemokine receptor type 1,ANTAGONIST,C-C chemokine receptor type 1 antagonist,2
CHEMBL4297183,BALOVAPTAN,CN1Cc2cc(Cl)ccc2-n2c(nnc2[C@H]2CC[C@H](Oc3ccccn3)CC2)C1,CHEMBL1889,Vasopressin V1a receptor,ANTAGONIST,Vasopressin V1a receptor antagonist,3
CHEMBL5095029,PF-04634817,CO[C@@H]1COCC[C@@H]1N[C@@H]1CC[C@@](C(=O)N2C[C@@H]3C[C@H]2CN3c2cc(C(F)(F)F)ncn2)(C(C)C)C1,CHEMBL4015,C-C chemokine receptor type 2,ANTAGONIST,C-C chemokine receptor type 2 antagonist,2
CHEMBL5095029,PF-04634817,CO[C@@H]1COCC[C@@H]1N[C@@H]1CC[C@@](C(=O)N2C[C@@H]3C[C@H]2CN3c2cc(C(F)(F)F)ncn2)(C(C)C)C1,CHEMBL274,C-C chemokine receptor type 5,ANTAGONIST,C-C chemokine receptor type 5 antagonist,2
CHEMBL2381848,PF-06291874,CCC[C@H](Oc1cc(C)c(-n2cc(C(F)(F)F)cn2)c(C)c1)c1ccc(C(=O)NCCC(=O)O)cc1,CHEMBL1985,Glucagon receptor,ANTAGONIST,Glucagon receptor antagonist,2
CHEMBL3329435,PF-05212377,Cc1nc2c(N3CCNCC3)cccc2n1S(=O)(=O)c1ccccc1,CHEMBL3371,5-hydroxytryptamine receptor 6,ANTAGONIST,Serotonin 6 (5-HT6) receptor antagonist,2
CHEMBL5314392,BAY1067197,C[C@H](N)C(=O)N[C@@H](C)C(=O)OCCOc1ccc(-c2c(C#N)c(SCc3csc(-c4ccc(Cl)cc4)n3)nc(N3CCCC3)c2C#N)cc1,CHEMBL226,Adenosine receptor A1,AGONIST,Adenosine A1 receptor agonist,2
CHEMBL2137148,MOCRAVIMOD,NC(CO)(CO)CCc1ccc(Sc2cccc(OCc3ccccc3)c2)cc1Cl,CHEMBL4333,Sphingosine 1-phosphate receptor 1,AGONIST,Sphingosine 1-phosphate receptor Edg-1 agonist,3
CHEMBL5314393,LY2624803,CC(C)(CN1CCN(C2=Nc3ccccc3Oc3ccccc32)CC1)C(=O)O,CHEMBL231,Histamine H1 receptor,ANTAGONIST,Histamine H1 receptor antagonist,2
CHEMBL3139186,LY2828360,Cc1nc(N2CCN(C)CC2)c2nc(-c3ccccc3Cl)n(C3CCOCC3)c2n1,CHEMBL253,Cannabinoid receptor 2,AGONIST,Cannabinoid CB2 receptor agonist,2
CHEMBL3544984,TRADIPITANT,O=C(c1ccccc1Cl)c1cccnc1-c1nnn(Cc2cc(C(F)(F)F)cc(C(F)(F)F)c2)c1-c1ccncc1,CHEMBL249,Substance-P receptor,ANTAGONIST,Neurokinin 1 receptor antagonist,3
CHEMBL2107328,DASOLAMPANEL ETIBUTIL,CCC(CC)COC(=O)[C@@H]1C[C@H]2C[C@@H](Oc3cccc(Cl)c3-c3nnn[nH]3)CC[C@H]2CN1,CHEMBL3227,Metabotropic glutamate receptor 5,ANTAGONIST,Metabotropic glutamate receptor 5 antagonist,2
CHEMBL4297184,CIFORADENANT,Cc1ccc(-c2nc(N)nc3c2nnn3Cc2cccc(CO[C@H]3CCOC3)n2)o1,CHEMBL251,Adenosine receptor A2a,ANTAGONIST,Adenosine A2a receptor antagonist,2
CHEMBL1198855,RONACALERET,CC(C)(CC1Cc2ccccc2C1)NC[C@@H](O)COc1cc(CCC(=O)O)cc(F)c1F,CHEMBL1878,Extracellular calcium-sensing receptor,ANTAGONIST,Calcium sensing receptor antagonist,2
CHEMBL1272307,SB-649868,Cc1nc(C(=O)N2CCCC[C@H]2CNC(=O)c2cccc3occc23)c(-c2ccc(F)cc2)s1,CHEMBL5113,Orexin/Hypocretin receptor type 1,ANTAGONIST,Orexin receptor 1 antagonist,2
CHEMBL1272307,SB-649868,Cc1nc(C(=O)N2CCCC[C@H]2CNC(=O)c2cccc3occc23)c(-c2ccc(F)cc2)s1,CHEMBL4792,Orexin receptor type 2,ANTAGONIST,Orexin receptor 2 antagonist,2
CHEMBL5314394,SB-773812,COc1cc2c(cc1S(=O)(=O)c1ccc(OCc3ccc(Cl)cc3)cc1)CCN(C)CC2,CHEMBL224,5-hydroxytryptamine receptor 2A,ANTAGONIST,Serotonin 2a (5-HT2a) receptor antagonist,2
CHEMBL5314394,SB-773812,COc1cc2c(cc1S(=O)(=O)c1ccc(OCc3ccc(Cl)cc3)cc1)CCN(C)CC2,CHEMBL217,D(2) dopamine receptor,ANTAGONIST,Dopamine D2 receptor antagonist,2
CHEMBL225411,GW842166X,O=C(NCC1CCOCC1)c1cnc(Nc2ccc(Cl)cc2Cl)nc1C(F)(F)F,CHEMBL253,Cannabinoid receptor 2,AGONIST,Cannabinoid CB2 receptor agonist,2
CHEMBL1951914,AZD5672,CCN(C(=O)Cc1ccc(S(C)(=O)=O)cc1)C1CCN(CC[C@@H](c2cc(F)cc(F)c2)C2CCN(S(C)(=O)=O)CC2)CC1,CHEMBL274,C-C chemokine receptor type 5,ANTAGONIST,C-C chemokine receptor type 5 antagonist,2
CHEMBL1914489,AZD1981,CC(=O)Nc1cccc2c1c(Sc1ccc(Cl)cc1)c(C)n2CC(=O)O,CHEMBL5071,Prostaglandin D2 receptor 2,ANTAGONIST,G protein-coupled receptor 44 antagonist,2
CHEMBL2178570,AZD4818,CC(=O)Nc1ccc(O)cc1OC[C@@](C)(O)CNC1CCN(Cc2ccc(Cl)cc2)CC1,CHEMBL2413,C-C chemokine receptor type 1,ANTAGONIST,C-C chemokine receptor type 1 antagonist,2
CHEMBL5314395,GW493838,CC(C)(C)c1nnc([C@H]2O[C@@H](n3cnc4c(Nc5ccc(Cl)cc5F)ncnc43)[C@H](O)[C@@H]2O)o1,CHEMBL226,Adenosine receptor A1,AGONIST,Adenosine A1 receptor agonist,2
CHEMBL3545407,TRABODENOSON,O=[N+]([O-])OC[C@H]1O[C@@H](n2cnc3c(NC4CCCC4)ncnc32)[C@H](O)[C@@H]1O,CHEMBL226,Adenosine receptor A1,AGONIST,Adenosine A1 receptor agonist,3
CHEMBL431733,NAMODENOSON,CNC(=O)[C@H]1O[C@@H](n2cnc3c(NCc4cccc(I)c4)nc(Cl)nc32)[C@H](O)[C@@H]1O,CHEMBL256,Adenosine receptor A3,AGONIST,Adenosine A3 receptor agonist,3
CHEMBL244243,SRX246,C[C@@H](NC(=O)[C@@H](CC(=O)N1CCC(N2CCCCC2)CC1)N1C(=O)[C@@H](N2C(=O)OC[C@@H]2c2ccccc2)[C@H]1/C=C/c1ccccc1)c1cccc(C(F)(F)F)c1,CHEMBL1889,Vasopressin V1a receptor,ANTAGONIST,Vasopressin V1a receptor antagonist,2
CHEMBL1910936,MK3207,O=C(CN1C(=O)C2(CCCC2)NC[C@H]1c1cc(F)cc(F)c1)Nc1ccc2c(c1)C[C@@]1(C2)C(=O)Nc2ncccc21,CHEMBL3798,Calcitonin gene-related peptide type 1 receptor,ANTAGONIST,Calcitonin gene-related peptide type 1 receptor antagonist,2
CHEMBL207197,OLCEGEPANT,NCCCC[C@H](NC(=O)[C@@H](Cc1cc(Br)c(O)c(Br)c1)NC(=O)N1CCC(N2Cc3ccccc3NC2=O)CC1)C(=O)N1CCN(c2ccncc2)CC1,CHEMBL3798,Calcitonin gene-related peptide type 1 receptor,ANTAGONIST,Calcitonin gene-related peptide type 1 receptor antagonist,2
CHEMBL3137332,FEVIPIPRANT,Cc1c(CC(=O)O)c2cccnc2n1Cc1ccc(S(C)(=O)=O)cc1C(F)(F)F,CHEMBL5071,Prostaglandin D2 receptor 2,ANTAGONIST,G protein-coupled receptor 44 antagonist,3
CHEMBL2442750,QAV680,Cc1c(CC(=O)O)c2cccnc2n1Cc1ccc(S(C)(=O)=O)cc1,CHEMBL5071,Prostaglandin D2 receptor 2,ANTAGONIST,G protein-coupled receptor 44 antagonist,2
CHEMBL560993,TIMAPIPRANT,Cc1c(Cc2ccc3ccccc3n2)c2cc(F)ccc2n1CC(=O)O,CHEMBL5071,Prostaglandin D2 receptor 2,ANTAGONIST,G protein-coupled receptor 44 antagonist,3
CHEMBL3545367,LEMBOREXANT,Cc1ncc(OC[C@@]2(c3cccc(F)c3)C[C@H]2C(=O)Nc2ccc(F)cn2)c(C)n1,CHEMBL5113,Orexin/Hypocretin receptor type 1,ANTAGONIST,Orexin receptor 1 antagonist,4
CHEMBL3545367,LEMBOREXANT,Cc1ncc(OC[C@@]2(c3cccc(F)c3)C[C@H]2C(=O)Nc2ccc(F)cn2)c(C)n1,CHEMBL4792,Orexin receptor type 2,ANTAGONIST,Orexin receptor 2 antagonist,4
CHEMBL2103829,FAXELADOL,CN(C)C[C@@H]1CCCC[C@H]1c1cccc(O)c1,CHEMBL233,Mu-type opioid receptor,AGONIST,Mu opioid receptor agonist,2
CHEMBL2103829,FAXELADOL,CN(C)C[C@@H]1CCCC[C@H]1c1cccc(O)c1,CHEMBL222,Sodium-dependent noradrenaline transporter,INHIBITOR,Norepinephrine transporter inhibitor,2
CHEMBL2103829,FAXELADOL,CN(C)C[C@@H]1CCCC[C@H]1c1cccc(O)c1,CHEMBL228,Sodium-dependent serotonin transporter,INHIBITOR,Serotonin transporter inhibitor,2
CHEMBL3989680,AXOMADOL,COc1cccc(C2(O)CC(O)CCC2CN(C)C)c1,CHEMBL233,Mu-type opioid receptor,AGONIST,Mu opioid receptor agonist,2
CHEMBL3989680,AXOMADOL,COc1cccc(C2(O)CC(O)CCC2CN(C)C)c1,CHEMBL236,Delta-type opioid receptor,AGONIST,Delta opioid receptor agonist,2
CHEMBL3989680,AXOMADOL,COc1cccc(C2(O)CC(O)CCC2CN(C)C)c1,CHEMBL237,Kappa-type opioid receptor,AGONIST,Kappa opioid receptor agonist,2
CHEMBL539423,SPARSENTAN,CCCCC1=NC2(CCCC2)C(=O)N1Cc1ccc(-c2ccccc2S(=O)(=O)Nc2noc(C)c2C)c(COCC)c1,CHEMBL252,Endothelin-1 receptor,ANTAGONIST,Endothelin receptor ET-A antagonist,4
CHEMBL539423,SPARSENTAN,CCCCC1=NC2(CCCC2)C(=O)N1Cc1ccc(-c2ccccc2S(=O)(=O)Nc2noc(C)c2C)c(COCC)c1,CHEMBL227,Type-1 angiotensin II receptor,ANTAGONIST,Type-1 angiotensin II receptor antagonist,4
CHEMBL3301609,TOREFORANT,Cc1cc(C)c2nc(-c3cnc(NCCCC4CCN(C)CC4)nc3C)[nH]c2c1,CHEMBL3759,Histamine H4 receptor,ANTAGONIST,Histamine H4 receptor antagonist,2
CHEMBL5314396,UR-63325,CNC1CN(c2cc(N)nc(CC(C)C)n2)C1,CHEMBL3759,Histamine H4 receptor,ANTAGONIST,Histamine H4 receptor antagonist,2
CHEMBL1096146,PONESIMOD,CCC/N=C1\S/C(=C\c2ccc(OC[C@H](O)CO)c(Cl)c2)C(=O)N1c1ccccc1C,CHEMBL4333,Sphingosine 1-phosphate receptor 1,AGONIST,Sphingosine 1-phosphate receptor Edg-1 agonist,4
CHEMBL3545035,REVEXEPRIDE,COCCCN1CC[C@@H](CNC(=O)c2cc(Cl)c(N)c3c2OC(C)(C)C3)[C@H](O)C1,CHEMBL1875,5-hydroxytryptamine receptor 4,AGONIST,Serotonin 4 (5-HT4) receptor agonist,2
CHEMBL1800159,RELUGOLIX,CONC(=O)Nc1ccc(-c2sc3c(c2CN(C)C)c(=O)n(-c2ccc(OC)nn2)c(=O)n3Cc2c(F)cccc2F)cc1,CHEMBL1855,Gonadotropin-releasing hormone receptor,ANTAGONIST,Gonadotropin-releasing hormone receptor antagonist,4
CHEMBL232943,MK0686,COC(=O)c1c(Cl)cccc1-c1ccc([C@@H](C)NC(=O)C2(NC(=O)C(F)(F)F)CC2)c(F)c1,CHEMBL4308,B1 bradykinin receptor,ANTAGONIST,Bradykinin B1 receptor antagonist,2
CHEMBL2103878,ONDELOPRAN,NC(=O)c1ccc(Oc2ccc(CNCCC3CCOCC3)cc2F)nc1,CHEMBL2095181,Opioid receptors; mu/kappa/delta,ANTAGONIST,Opioid receptors; mu/kappa/delta antagonist,2
CHEMBL324547,NETAZEPIDE,CNc1cccc(NC(=O)N[C@@H]2N=C(c3ccccn3)c3ccccc3N(CC(=O)C(C)(C)C)C2=O)c1,CHEMBL298,Gastrin/cholecystokinin type B receptor,ANTAGONIST,Cholecystokinin B receptor antagonist,2
CHEMBL189475,LADARIXIN,C[C@@H](C(=O)NS(C)(=O)=O)c1ccc(OS(=O)(=O)C(F)(F)F)cc1,CHEMBL4029,C-X-C chemokine receptor type 1,MODULATOR,Interleukin-8 receptor A modulator,3
CHEMBL189475,LADARIXIN,C[C@@H](C(=O)NS(C)(=O)=O)c1ccc(OS(=O)(=O)C(F)(F)F)cc1,CHEMBL2434,C-X-C chemokine receptor type 2,MODULATOR,Interleukin-8 receptor B modulator,3
CHEMBL3545224,BURIXAFOR,Nc1cc(N2CCN(CCP(=O)(O)O)CC2)nc(NCC2CCC(CNCCCNC3CCCCC3)CC2)n1,CHEMBL2107,C-X-C chemokine receptor type 4,ANTAGONIST,C-X-C chemokine receptor type 4 antagonist,2
CHEMBL1950553,SONEDENOSON,Nc1nc(OCCc2ccc(Cl)cc2)nc2c1ncn2[C@@H]1O[C@H](CO)[C@@H](O)[C@H]1O,CHEMBL251,Adenosine receptor A2a,AGONIST,Adenosine A2a receptor agonist,2
CHEMBL470888,BVT.115959,COc1nc(N)c2ncn([C@@H]3O[C@H](CO)[C@@H](O)[C@H]3O)c2n1,CHEMBL251,Adenosine receptor A2a,AGONIST,Adenosine A2a receptor agonist,2
CHEMBL1096896,UK432097,CCNC(=O)[C@H]1O[C@@H](n2cnc3c(NCC(c4ccccc4)c4ccccc4)nc(C(=O)NCCNC(=O)NC4CCN(c5ccccn5)CC4)nc32)[C@H](O)[C@@H]1O,CHEMBL251,Adenosine receptor A2a,AGONIST,Adenosine A2a receptor agonist,2
CHEMBL592435,DERENOFYLLINE,OC1CCC(Nc2nc(-c3ccccc3)nc3[nH]ccc23)CC1,CHEMBL226,Adenosine receptor A1,ANTAGONIST,Adenosine A1 receptor antagonist,2
CHEMBL3545036,RASEGLURANT,Cc1cc(C)c(N)c(C#Cc2cccc(F)c2)n1,CHEMBL3227,Metabotropic glutamate receptor 5,MODULATOR,Metabotropic glutamate receptor 5 modulator,2
CHEMBL3642985,STX107,Cc1nc(C#Cc2ccc(-c3cc(F)cc(C#N)c3)nc2)cs1,CHEMBL3227,Metabotropic glutamate receptor 5,NEGATIVE ALLOSTERIC MODULATOR,Metabotropic glutamate receptor 5 negative allosteric modulator,2
CHEMBL3545164,AZD2066,C[C@@H](Oc1nnc(-c2ccncc2)n1C)c1cc(-c2cccc(Cl)c2)on1,CHEMBL3227,Metabotropic glutamate receptor 5,MODULATOR,Metabotropic glutamate receptor 5 modulator,2
CHEMBL598172,NELOTANSERIN,COc1ccc(NC(=O)Nc2ccc(F)cc2F)cc1-c1c(Br)cnn1C,CHEMBL224,5-hydroxytryptamine receptor 2A,INVERSE AGONIST,Serotonin 2a (5-HT2a) receptor inverse agonist,2
CHEMBL2346738,DIPRAGLURANT,Fc1ccc2nc(CCC#Cc3ccccn3)cn2c1,CHEMBL3227,Metabotropic glutamate receptor 5,MODULATOR,Metabotropic glutamate receptor 5 modulator,2
CHEMBL3544947,BURAPITANT,CC(C)(C(N)=O)C1CCN(CCC2(c3ccc(Cl)c(Cl)c3)CN(C(=O)Cc3cc(C(F)(F)F)cc(C(F)(F)F)c3)CCO2)CC1,CHEMBL249,Substance-P receptor,ANTAGONIST,Neurokinin 1 receptor antagonist,2
CHEMBL3545165,AFACIFENACIN,O=C1Nc2ccccc2C(c2ccccc2)N1C1CCN(Cc2cccc(OC(F)(F)F)c2)CC1,CHEMBL2094109,Muscarinic acetylcholine receptor,ANTAGONIST,Muscarinic acetylcholine receptor antagonist,2
CHEMBL3545165,AFACIFENACIN,O=C1Nc2ccccc2C(c2ccccc2)N1C1CCN(Cc2cccc(OC(F)(F)F)c2)CC1,CHEMBL5451,Sodium channel protein type 10 subunit alpha,BLOCKER,Sodium channel protein type X alpha subunit blocker,2
CHEMBL3545165,AFACIFENACIN,O=C1Nc2ccccc2C(c2ccccc2)N1C1CCN(Cc2cccc(OC(F)(F)F)c2)CC1,CHEMBL5167,Sodium channel protein type 11 subunit alpha,BLOCKER,Sodium channel protein type XI alpha subunit blocker,2
CHEMBL2016681,VELNEPERIT,CC(C)(C)S(=O)(=O)N[C@H]1CC[C@H](C(=O)Nc2ccc(C(F)(F)F)cn2)CC1,CHEMBL4561,Neuropeptide Y receptor type 5,ANTAGONIST,Neuropeptide Y receptor type 5 antagonist,2
CHEMBL1779046,TARAFENACIN,O=C(O[C@H]1CN2CCC1CC2)N(Cc1cc(F)c(F)c(F)c1)c1cccc(F)c1,CHEMBL245,Muscarinic acetylcholine receptor M3,ANTAGONIST,Muscarinic acetylcholine receptor M3 antagonist,2
CHEMBL3545166,DRINABANT,CS(=O)(=O)N(c1cc(F)cc(F)c1)C1CN(C(c2ccc(Cl)cc2)c2ccc(Cl)cc2)C1,CHEMBL218,Cannabinoid receptor 1,ANTAGONIST,Cannabinoid CB1 receptor antagonist,3
CHEMBL45305,BEFIRADOL,Cc1ccc(CNCC2(F)CCN(C(=O)c3ccc(F)c(Cl)c3)CC2)nc1,CHEMBL214,5-hydroxytryptamine receptor 1A,AGONIST,Serotonin 1a (5-HT1a) receptor agonist,2
CHEMBL582857,NELIVAPTAN,COc1ccc(S(=O)(=O)N2C(=O)[C@@](c3ccccc3OC)(N3C[C@H](O)C[C@H]3C(=O)N(C)C)c3cc(Cl)ccc32)c(OC)c1,CHEMBL1921,Vasopressin V1b receptor,ANTAGONIST,Vasopressin V1b receptor antagonist,2
CHEMBL3235279,CAPADENOSON,N#Cc1c(N)nc(SCc2csc(-c3ccc(Cl)cc3)n2)c(C#N)c1-c1ccc(OCCO)cc1,CHEMBL226,Adenosine receptor A1,PARTIAL AGONIST,Adenosine A1 receptor partial agonist,2
CHEMBL189676,SURINABANT,CCc1c(C(=O)NN2CCCCC2)nn(-c2ccc(Cl)cc2Cl)c1-c1ccc(Br)cc1,CHEMBL218,Cannabinoid receptor 1,ANTAGONIST,Cannabinoid CB1 receptor antagonist,2
CHEMBL2103856,ATOPAXAR,CCOc1cc2c(c(F)c1OCC)C(=N)N(CC(=O)c1cc(N3CCOCC3)c(OC)c(C(C)(C)C)c1)C2,CHEMBL3974,Proteinase-activated receptor 1,ANTAGONIST,Proteinase-activated receptor 1 antagonist,2
CHEMBL261244,REGRELOR DISODIUM,CCNC(=O)Nc1ncnc2c1ncn2[C@@H]1O[C@H](COP(=O)([O-])[O-])[C@H]2O[C@H](/C=C/c3ccccc3)O[C@H]21.[Na+].[Na+],CHEMBL2001,P2Y purinoceptor 12,ANTAGONIST,Purinergic receptor P2Y12 antagonist,2
CHEMBL303960,RIVENPROST,COCc1cccc(C[C@H](O)/C=C/[C@H]2[C@H](O)CC(=O)[C@@H]2CCSCCCC(=O)OC)c1,CHEMBL1836,Prostaglandin E2 receptor EP4 subtype,AGONIST,Prostanoid EP4 receptor agonist,2
CHEMBL2218893,BEDORADRINE SULFATE,CN(C)C(=O)COc1ccc2c(c1)C[C@@H](NC[C@H](O)c1ccc(O)c(CCO)c1)CC2.CN(C)C(=O)COc1ccc2c(c1)C[C@@H](NC[C@H](O)c1ccc(O)c(CCO)c1)CC2.O=S(=O)(O)O,CHEMBL210,Beta-2 adrenergic receptor,AGONIST,Beta-2 adrenergic receptor agonist,2
CHEMBL345237,PICLOZOTAN,O=C1c2ccccc2OC=C(Cl)N1CCCCN1CC=C(c2ccccn2)CC1,CHEMBL214,5-hydroxytryptamine receptor 1A,AGONIST,Serotonin 1a (5-HT1a) receptor agonist,2
CHEMBL3668014,LINZAGOLIX,COc1cc(F)c(-n2c(=O)[nH]c3csc(C(=O)O)c3c2=O)cc1OCc1c(OC)ccc(F)c1F,CHEMBL1855,Gonadotropin-releasing hormone receptor,ANTAGONIST,Gonadotropin-releasing hormone receptor antagonist,4
CHEMBL1094785,CARMOTEROL,COc1ccc(C[C@@H](C)NC[C@H](O)c2ccc(O)c3[nH]c(=O)ccc23)cc1,CHEMBL210,Beta-2 adrenergic receptor,AGONIST,Beta-2 adrenergic receptor agonist,2
CHEMBL2107760,NEBENTAN,COc1ccccc1Oc1c(NS(=O)(=O)/C=C/c2ccccc2)nc(-c2ncccn2)nc1OC,CHEMBL252,Endothelin-1 receptor,ANTAGONIST,Endothelin receptor ET-A antagonist,2
CHEMBL2218898,BARUSIBAN,CC[C@@H](C)[C@@H]1NC(=O)[C@H]([C@@H](C)CC)NC(=O)[C@@H](Cc2c[nH]c3ccccc23)NC(=O)CCSCC[C@@H](C(=O)N(C)[C@H](CO)CCCN)NC(=O)[C@H](CC(N)=O)NC1=O,CHEMBL2049,Oxytocin receptor,ANTAGONIST,Oxytocin receptor antagonist,2
CHEMBL1742420,AMELUBANT,CCOC(=O)NC(=N)c1ccc(OCc2cccc(COc3ccc(C(C)(C)c4ccc(O)cc4)cc3)c2)cc1,CHEMBL3911,Leukotriene B4 receptor 1,ANTAGONIST,Leukotriene B4 receptor 1 antagonist,2
CHEMBL329123,ETALOCIB,CCCc1c(OCCCOc2cc(O)c(-c3ccc(F)cc3)cc2CC)cccc1Oc1ccccc1C(=O)O,CHEMBL3911,Leukotriene B4 receptor 1,ANTAGONIST,Leukotriene B4 receptor 1 antagonist,2
CHEMBL329123,ETALOCIB,CCCc1c(OCCCOc2cc(O)c(-c3ccc(F)cc3)cc2CC)cccc1Oc1ccccc1C(=O)O,CHEMBL235,Peroxisome proliferator-activated receptor gamma,AGONIST,Peroxisome proliferator-activated receptor gamma agonist,2
CHEMBL522302,VOFOPITANT,COc1ccc(-n2nnnc2C(F)(F)F)cc1CN[C@H]1CCCN[C@H]1c1ccccc1,CHEMBL249,Substance-P receptor,ANTAGONIST,Neurokinin 1 receptor antagonist,2
CHEMBL10188,TALNETANT,CC[C@H](NC(=O)c1c(O)c(-c2ccccc2)nc2ccccc12)c1ccccc1,CHEMBL4429,Neuromedin-K receptor,ANTAGONIST,Neurokinin 3 receptor antagonist,2
CHEMBL1090488,PF-00446687,C[C@@H]1CN(C(=O)[C@@H]2CN(C(C)(C)C)C[C@H]2c2ccc(F)cc2F)C[C@H](C)[C@@]1(O)c1ccccc1,CHEMBL259,Melanocortin receptor 4,AGONIST,Melanocortin receptor 4 agonist,2
CHEMBL3301624,SETMELANOTIDE,CC(=O)N[C@@H](CCCNC(=N)N)C(=O)N[C@H]1CSSC[C@@H](C(N)=O)NC(=O)[C@H](Cc2c[nH]c3ccccc23)NC(=O)[C@H](CCCNC(=N)N)NC(=O)[C@@H](Cc2ccccc2)NC(=O)[C@H](Cc2c[nH]cn2)NC(=O)[C@@H](C)NC1=O,CHEMBL259,Melanocortin receptor 4,AGONIST,Melanocortin receptor 4 agonist,4
CHEMBL2105635,DAVALINTIDE,CC(C)C[C@H](NC(=O)[C@H](CCCNC(=N)N)NC(=O)CNC(=O)[C@H](CC(C)C)NC(=O)[C@@H](NC(=O)[C@@H]1CSSC[C@H](NC(=O)[C@@H](N)CCCCN)C(=O)N[C@@H](CC(N)=O)C(=O)N[C@@H]([C@H](C)O)C(=O)N[C@@H](C)C(=O)N[C@@H]([C@H](C)O)C(=O)N1)C(C)C)C(=O)N[C@@H](CO)C(=O)N[C@@H](CCC(N)=O)C(=O)N[C@@H](CCC(=O)O)C(=O)N[C@@H](CC(C)C)C(=O)N[C@@H](Cc1c[nH]cn1)C(=O)N[C@@H](CCCNC(=N)N)C(=O)N[C@@H](CC(C)C)C(=O)N[C@H](CCC(N)=O)C(=O)N[C@H](C(=O)N[C@@H](Cc1ccc(O)cc1)C(=O)N1CCC[C@H]1C(=O)N[C@@H](CCCNC(=N)N)C(=O)N[C@H](C(=O)N[C@@H](CC(N)=O)C(=O)N[C@H](C(=O)NCC(=O)N[C@@H](CO)C(=O)N[C@@H](CC(N)=O)C(=O)N[C@H](C(=O)N[C@@H](Cc1ccc(O)cc1)C(N)=O)[C@@H](C)O)[C@@H](C)O)[C@H](C)O)[C@H](C)O,CHEMBL3798,Calcitonin gene-related peptide type 1 receptor,AGONIST,Calcitonin gene-related peptide type 1 receptor agonist,2
CHEMBL2105635,DAVALINTIDE,CC(C)C[C@H](NC(=O)[C@H](CCCNC(=N)N)NC(=O)CNC(=O)[C@H](CC(C)C)NC(=O)[C@@H](NC(=O)[C@@H]1CSSC[C@H](NC(=O)[C@@H](N)CCCCN)C(=O)N[C@@H](CC(N)=O)C(=O)N[C@@H]([C@H](C)O)C(=O)N[C@@H](C)C(=O)N[C@@H]([C@H](C)O)C(=O)N1)C(C)C)C(=O)N[C@@H](CO)C(=O)N[C@@H](CCC(N)=O)C(=O)N[C@@H](CCC(=O)O)C(=O)N[C@@H](CC(C)C)C(=O)N[C@@H](Cc1c[nH]cn1)C(=O)N[C@@H](CCCNC(=N)N)C(=O)N[C@@H](CC(C)C)C(=O)N[C@H](CCC(N)=O)C(=O)N[C@H](C(=O)N[C@@H](Cc1ccc(O)cc1)C(=O)N1CCC[C@H]1C(=O)N[C@@H](CCCNC(=N)N)C(=O)N[C@H](C(=O)N[C@@H](CC(N)=O)C(=O)N[C@H](C(=O)NCC(=O)N[C@@H](CO)C(=O)N[C@@H](CC(N)=O)C(=O)N[C@H](C(=O)N[C@@H](Cc1ccc(O)cc1)C(N)=O)[C@@H](C)O)[C@@H](C)O)[C@H](C)O)[C@H](C)O,CHEMBL2111189,"Amylin receptor AMY1, CALCR/RAMP1",AGONIST,"Amylin receptor AMY1, CALCR/RAMP1 agonist",2
CHEMBL1817709,SELEPRESSIN,CC[C@H](C)[C@@H]1NC(=O)[C@H](Cc2ccccc2)NC(=O)[C@@H](N)CSSC[C@@H](C(=O)N2CCC[C@H]2C(=O)N[C@@H](CCCNC(C)C)C(=O)NCC(N)=O)NC(=O)[C@H](CC(N)=O)NC(=O)[C@H](CCCC(N)=O)NC1=O,CHEMBL1889,Vasopressin V1a receptor,AGONIST,Vasopressin V1a receptor agonist,2
CHEMBL3545347,TALFIRASTIDE,CC[C@H](C)[C@H](NC(=O)[C@H](Cc1ccc(O)cc1)NC(=O)[C@@H](NC(=O)[C@H](CCCNC(=N)N)NC(=O)[C@@H](N)CC(=O)O)C(C)C)C(=O)N[C@@H](Cc1c[nH]cn1)C(=O)N1CCC[C@H]1C(=O)O,CHEMBL3559701,Proto-oncogene Mas,AGONIST,Proto-oncogene Mas agonist,2
CHEMBL2105864,LABRADIMIL,COc1ccc(C[C@@H](CN[C@@H](CCCNC(=N)N)C(=O)O)NC(=O)[C@@H]2CCCN2C(=O)[C@H](CO)NC(=O)[C@H](Cc2cccs2)NC(=O)CNC(=O)[C@@H]2C[C@@H](O)CN2C(=O)[C@@H]2CCCN2C(=O)[C@@H](N)CCCNC(=N)N)cc1,CHEMBL3157,B2 bradykinin receptor,AGONIST,Bradykinin B2 receptor agonist,2
CHEMBL5095030,MOTIXAFORTIDE,N=C(N)NCCC[C@H](NC(=O)[C@@H]1CSSC[C@H](NC(=O)[C@H](Cc2ccc3ccccc3c2)NC(=O)[C@H](CCCNC(=N)N)NC(=O)[C@H](CCCNC(=N)N)NC(=O)c2ccc(F)cc2)C(=O)N[C@@H](Cc2ccc(O)cc2)C(=O)N[C@H](CCCNC(N)=O)C(=O)N[C@@H](CCCCN)C(=O)N[C@H](CCCCN)C(=O)N2CCC[C@H]2C(=O)N[C@@H](Cc2ccc(O)cc2)C(=O)N[C@@H](CCCNC(=N)N)C(=O)N[C@@H](CCCNC(N)=O)C(=O)N1)C(N)=O,CHEMBL2107,C-X-C chemokine receptor type 4,ANTAGONIST,C-X-C chemokine receptor type 4 antagonist,3
CHEMBL4802129,BALIXAFORTIDE,C[C@@H]1NC(=O)[C@H](Cc2c[nH]cn2)NC(=O)[C@H](Cc2ccc(O)cc2)NC(=O)[C@@H]2CCCN2C(=O)[C@H]2CCCN2C(=O)[C@H](CCCCN)NC(=O)[C@H](CCC(N)=O)NC(=O)[C@H](Cc2ccc(O)cc2)NC(=O)[C@@H]2CSSC[C@H](NC1=O)C(=O)N[C@@H](CO)C(=O)N[C@@H](C)C(=O)N1CCC[C@@H]1C(=O)N[C@@H](CCN)C(=O)N[C@@H](CCCNC(=N)N)C(=O)N[C@@H](Cc1ccc(O)cc1)C(=O)N2,CHEMBL2107,C-X-C chemokine receptor type 4,ANTAGONIST,C-X-C chemokine receptor type 4 antagonist,3
CHEMBL448343,LESOGABERAN,NC[C@@H](F)C[PH](=O)O,CHEMBL2064,Gamma-aminobutyric acid type B receptor subunit 1,AGONIST,GABA-B receptor 1 agonist,2
CHEMBL448343,LESOGABERAN,NC[C@@H](F)C[PH](=O)O,CHEMBL5034,Gamma-aminobutyric acid type B receptor subunit 2,AGONIST,GABA-B receptor 2 agonist,2
CHEMBL3622820,ITACITINIB,N#CCC1(n2cc(-c3ncnc4[nH]ccc34)cn2)CN(C2CCN(C(=O)c3ccnc(C(F)(F)F)c3F)CC2)C1,CHEMBL2835,Tyrosine-protein kinase JAK1,INHIBITOR,Tyrosine-protein kinase JAK1 inhibitor,3
CHEMBL3301622,GILTERITINIB,CCc1nc(C(N)=O)c(Nc2ccc(N3CCC(N4CCN(C)CC4)CC3)c(OC)c2)nc1NC1CCOCC1,CHEMBL1974,Receptor-type tyrosine-protein kinase FLT3,INHIBITOR,Tyrosine-protein kinase receptor FLT3 inhibitor,4
CHEMBL3301622,GILTERITINIB,CCc1nc(C(N)=O)c(Nc2ccc(N3CCC(N4CCN(C)CC4)CC3)c(OC)c2)nc1NC1CCOCC1,CHEMBL4895,Tyrosine-protein kinase receptor UFO,INHIBITOR,Tyrosine-protein kinase receptor UFO inhibitor,4
CHEMBL5314397,ACUMAPIMOD,Cc1ccc(C(=O)NC2CC2)cc1-n1ncc(C(=O)c2cccc(C#N)c2)c1N,CHEMBL260,Mitogen-activated protein kinase 14,INHIBITOR,MAP kinase p38 alpha inhibitor,2
CHEMBL207433,SB-705498,O=C(Nc1ccccc1Br)N[C@@H]1CCN(c2ccc(C(F)(F)F)cn2)C1,CHEMBL4794,Transient receptor potential cation channel subfamily V member 1,ANTAGONIST,Vanilloid receptor antagonist,2
CHEMBL3545039,AZD1386,Cc1cc(Cl)cc2c1N(Cc1cccc(C(F)(F)F)c1)C(=O)C21NC(=O)NC1=O,CHEMBL4794,Transient receptor potential cation channel subfamily V member 1,ANTAGONIST,Vanilloid receptor antagonist,2
CHEMBL214796,NGD-8243,FC(F)(F)c1ccc(Nc2ncnc3cc(-c4ncccc4C(F)(F)F)ccc23)cc1,CHEMBL4794,Transient receptor potential cation channel subfamily V member 1,ANTAGONIST,Vanilloid receptor antagonist,2
CHEMBL5314400,DWP05195,FC(F)(F)c1cccnc1-c1ccc(-c2nc3ccc(Br)cc3[nH]2)nc1,CHEMBL4794,Transient receptor potential cation channel subfamily V member 1,ANTAGONIST,Vanilloid receptor antagonist,2
CHEMBL1783282,AZD7325,CCCNC(=O)c1nnc2c(-c3c(F)cccc3OC)cccc2c1N,CHEMBL4956,Gamma-aminobutyric acid receptor subunit alpha-2,POSITIVE ALLOSTERIC MODULATOR,GABA receptor alpha-2 subunit positive allosteric modulator,2
CHEMBL1783282,AZD7325,CCCNC(=O)c1nnc2c(-c3c(F)cccc3OC)cccc2c1N,CHEMBL3026,Gamma-aminobutyric acid receptor subunit alpha-3,POSITIVE ALLOSTERIC MODULATOR,GABA receptor alpha-3 subunit positive allosteric modulator,2
CHEMBL3545040,AZD7009,CC(C)(C)OC(=O)NCCN1CC2CN(C[C@H](O)COc3ccc(C#N)cc3)CC(C1)O2,CHEMBL240,Voltage-gated inwardly rectifying potassium channel KCNH2,BLOCKER,HERG blocker,2
CHEMBL3545040,AZD7009,CC(C)(C)OC(=O)NCCN1CC2CN(C[C@H](O)COc3ccc(C#N)cc3)CC(C1)O2,CHEMBL1980,Sodium channel protein type 5 subunit alpha,BLOCKER,Sodium channel protein type V alpha subunit blocker,2
CHEMBL3545169,AZD1305,CC(C)(C)OC(=O)NCCN1CC2CN(CCOc3ccc(C#N)cc3F)CC(C1)O2,CHEMBL240,Voltage-gated inwardly rectifying potassium channel KCNH2,BLOCKER,HERG blocker,2
CHEMBL3545169,AZD1305,CC(C)(C)OC(=O)NCCN1CC2CN(CCOc3ccc(C#N)cc3F)CC(C1)O2,CHEMBL1980,Sodium channel protein type 5 subunit alpha,BLOCKER,Sodium channel protein type V alpha subunit blocker,2
CHEMBL3545169,AZD1305,CC(C)(C)OC(=O)NCCN1CC2CN(CCOc3ccc(C#N)cc3F)CC(C1)O2,CHEMBL2095229,Voltage-gated L-type calcium channel,BLOCKER,Voltage-gated L-type calcium channel blocker,2
CHEMBL188462,ISPRONICLINE,CN[C@@H](C)C/C=C/c1cncc(OC(C)C)c1,CHEMBL1907589,Neuronal acetylcholine receptor; alpha4/beta2,PARTIAL AGONIST,Neuronal acetylcholine receptor; alpha4/beta2 partial agonist,2
CHEMBL467084,LANICEMINE,N[C@@H](Cc1ccccn1)c1ccccc1,CHEMBL2094124,Glutamate [NMDA] receptor,BLOCKER,Glutamate [NMDA] receptor blocker,2
CHEMBL2151437,AZD0328,c1cnc2c(c1)C[C@@]1(CN3CCC1CC3)O2,CHEMBL2492,Neuronal acetylcholine receptor subunit alpha-7,AGONIST,Neuronal acetylcholine receptor protein alpha-7 subunit agonist,2
CHEMBL1207366,GW468816,O=C(O)C1C/C(=C2/CCN(c3ccccc3)C2=O)c2ccc(Cl)cc2N1,CHEMBL2094124,Glutamate [NMDA] receptor,ANTAGONIST,Glutamate [NMDA] receptor antagonist,2
CHEMBL2068839,RISLENEMDAZ,Cc1ccc(COC(=O)N2CC[C@H](CNc3ncccn3)[C@H](F)C2)cc1,CHEMBL1907603,Glutamate NMDA receptor; GRIN1/GRIN2B,ANTAGONIST,Glutamate NMDA receptor; GRIN1/GRIN2B antagonist,2
CHEMBL3545349,EVT-101,Cc1nccn1Cc1cc(-c2ccc(F)c(C(F)F)c2)cnn1.Cl.Cl,CHEMBL1907603,Glutamate NMDA receptor; GRIN1/GRIN2B,ANTAGONIST,Glutamate NMDA receptor; GRIN1/GRIN2B antagonist,2
CHEMBL3989872,APIMOSTINEL,C[C@@H](O)[C@H](N)C(=O)N1CCC[C@H]1C(=O)N1CCC[C@@]1(Cc1ccccc1)C(=O)N[C@H](C(N)=O)[C@@H](C)O,CHEMBL2094124,Glutamate [NMDA] receptor,PARTIAL AGONIST,Glutamate [NMDA] receptor partial agonist,2
CHEMBL3544917,RAPASTINEL,C[C@@H](O)[C@H](N)C(=O)N1CCC[C@H]1C(=O)N1CCC[C@H]1C(=O)N[C@H](C(N)=O)[C@@H](C)O,CHEMBL2094124,Glutamate [NMDA] receptor,PARTIAL AGONIST,Glutamate [NMDA] receptor partial agonist,3
CHEMBL3545351,AV-101,Nc1cc(Cl)ccc1C(=O)CC(N)C(=O)O,CHEMBL2094124,Glutamate [NMDA] receptor,ANTAGONIST,Glutamate [NMDA] receptor antagonist,3
CHEMBL3545108,AZD9056,O=C(NCC12CC3CC(CC(C3)C1)C2)c1cc(CCCNCCCO)ccc1Cl,CHEMBL4805,P2X purinoceptor 7,ANTAGONIST,P2X purinoceptor 7 antagonist,2
CHEMBL3716057,GEFAPIXANT,COc1cc(C(C)C)c(Oc2cnc(N)nc2N)cc1S(N)(=O)=O,CHEMBL2998,P2X purinoceptor 3,ANTAGONIST,P2X purinoceptor 3 antagonist,4
CHEMBL1823817,CE-224535,COC[C@H](O)Cn1c(=O)cnn(-c2ccc(Cl)c(C(=O)NCC3(O)CCCCCC3)c2)c1=O,CHEMBL4805,P2X purinoceptor 7,ANTAGONIST,P2X purinoceptor 7 antagonist,2
CHEMBL1258006,BRADANICLINE,O=C(N[C@@H]1C2CCN(CC2)[C@H]1Cc1cccnc1)c1cc2ccccc2o1,CHEMBL2492,Neuronal acetylcholine receptor subunit alpha-7,AGONIST,Neuronal acetylcholine receptor protein alpha-7 subunit agonist,2
CHEMBL17350,TRAXOPRODIL,C[C@@H]([C@@H](O)c1ccc(O)cc1)N1CCC(O)(c2ccccc2)CC1,CHEMBL1907603,Glutamate NMDA receptor; GRIN1/GRIN2B,ANTAGONIST,Glutamate NMDA receptor; GRIN1/GRIN2B antagonist,2
CHEMBL3545231,ABT-126,c1ccc(-c2nnc(O[C@@H]3C4CC5C[C@H]3CN(C5)C4)s2)cc1,CHEMBL2492,Neuronal acetylcholine receptor subunit alpha-7,AGONIST,Neuronal acetylcholine receptor protein alpha-7 subunit agonist,2
CHEMBL2325014,PF-05089771,Nc1[nH]ncc1-c1cc(Cl)ccc1Oc1cc(F)c(S(=O)(=O)Nc2cscn2)cc1Cl,CHEMBL4296,Sodium channel protein type 9 subunit alpha,BLOCKER,Sodium channel protein type IX alpha subunit blocker,2
CHEMBL3544913,VIXOTRIGINE,NC(=O)[C@@H]1CC[C@H](c2ccc(OCc3ccccc3F)cc2)N1,CHEMBL4296,Sodium channel protein type 9 subunit alpha,BLOCKER,Sodium channel protein type IX alpha subunit blocker,3
CHEMBL3589904,PF-04531083,COc1ccc(Cl)c(-c2ccc(NC(=O)c3ccnn3C)nc2N)c1,CHEMBL5451,Sodium channel protein type 10 subunit alpha,BLOCKER,Sodium channel protein type X alpha subunit blocker,2
CHEMBL5095031,IDREVLORIDE,CCCCCCN(CCOc1ccc(CCCCNC(=N)NC(=O)c2nc(Cl)c(N)nc2N)cc1)C[C@H](O)C(O)[C@H](O)[C@H](O)CO,CHEMBL2107836,"Amiloride-sensitive sodium channel, ENaC",BLOCKER,"Amiloride-sensitive sodium channel, ENaC blocker",2
CHEMBL5314401,CNV2197944,Cc1ncccc1C(=O)N1CCN(S(=O)(=O)c2ccc(C(F)(F)F)cc2)C[C@@H]1C,CHEMBL4478,Voltage-dependent N-type calcium channel subunit alpha-1B,BLOCKER,Voltage-gated N-type calcium channel alpha-1B subunit blocker,2
CHEMBL3545232,AQW051,Cc1ccc(-c2ccc(OC3CN4CCC3CC4)cn2)cc1,CHEMBL2492,Neuronal acetylcholine receptor subunit alpha-7,PARTIAL AGONIST,Neuronal acetylcholine receptor protein alpha-7 subunit partial agonist,2
CHEMBL3545291,JNJ-39393406,CN(C)C(=O)CCn1nc(Nc2ccc3c(c2)OC(F)(F)O3)nc1-c1ccncc1,CHEMBL2492,Neuronal acetylcholine receptor subunit alpha-7,POSITIVE ALLOSTERIC MODULATOR,Neuronal acetylcholine receptor protein alpha-7 subunit positive allosteric modulator,2
CHEMBL559478,SSR180711,O=C(Oc1ccc(Br)cc1)N1CCN2CCC1CC2,CHEMBL2492,Neuronal acetylcholine receptor subunit alpha-7,PARTIAL AGONIST,Neuronal acetylcholine receptor protein alpha-7 subunit partial agonist,2
CHEMBL5095032,FACINICLINE HYDROCHLORIDE,Cl.O=C(N[C@@H]1CN2CCC1CC2)c1n[nH]c2ccccc12,CHEMBL2492,Neuronal acetylcholine receptor subunit alpha-7,PARTIAL AGONIST,Neuronal acetylcholine receptor protein alpha-7 subunit partial agonist,2
CHEMBL5095032,FACINICLINE HYDROCHLORIDE,Cl.O=C(N[C@@H]1CN2CCC1CC2)c1n[nH]c2ccccc12,CHEMBL2094132,Serotonin 3 (5-HT3) receptor,ANTAGONIST,Serotonin 3 (5-HT3) receptor antagonist,2
CHEMBL5314402,TC-6987,O=C(N[C@@H]1C2CCN(CC2)[C@H]1Cc1cccnc1)c1cc(F)cc(F)c1,CHEMBL2492,Neuronal acetylcholine receptor subunit alpha-7,AGONIST,Neuronal acetylcholine receptor protein alpha-7 subunit agonist,2
CHEMBL127071,POZANICLINE,Cc1ncccc1OC[C@@H]1CCCN1,CHEMBL3038461,Nicotinic acetylcholine receptor alpha4/beta2/alpha5,PARTIAL AGONIST,Nicotinic acetylcholine receptor alpha4/beta2/alpha5 partial agonist,2
CHEMBL127071,POZANICLINE,Cc1ncccc1OC[C@@H]1CCCN1,CHEMBL2109237,Neuronal acetylcholine receptor; alpha6/beta2,PARTIAL AGONIST,Neuronal acetylcholine receptor; alpha6/beta2 partial agonist,2
CHEMBL238465,SOFINICLINE,Clc1cc(N2C[C@@H]3CN[C@@H]3C2)cnc1Cl,CHEMBL1907589,Neuronal acetylcholine receptor; alpha4/beta2,AGONIST,Neuronal acetylcholine receptor; alpha4/beta2 agonist,2
CHEMBL4594254,SIMPINICLINE,C(=C/[C@H]1CCNC1)\c1cncnc1,CHEMBL1907589,Neuronal acetylcholine receptor; alpha4/beta2,AGONIST,Neuronal acetylcholine receptor; alpha4/beta2 agonist,2
CHEMBL4594254,SIMPINICLINE,C(=C/[C@H]1CCNC1)\c1cncnc1,CHEMBL1907594,Neuronal acetylcholine receptor; alpha3/beta4,AGONIST,Neuronal acetylcholine receptor; alpha3/beta4 agonist,2
CHEMBL2179529,AZD1446,O=C(c1ccc(Cl)o1)N1CC2CNCC2C1,CHEMBL1907589,Neuronal acetylcholine receptor; alpha4/beta2,AGONIST,Neuronal acetylcholine receptor; alpha4/beta2 agonist,2
CHEMBL3545042,SELURAMPANEL,CC(C)c1cc2[nH]c(=O)n(NS(C)(=O)=O)c(=O)c2cc1-c1ccnn1C,CHEMBL2096670,Glutamate receptor ionotropic AMPA,ANTAGONIST,Glutamate receptor ionotropic AMPA antagonist,2
CHEMBL3545042,SELURAMPANEL,CC(C)c1cc2[nH]c(=O)n(NS(C)(=O)=O)c(=O)c2cc1-c1ccnn1C,CHEMBL2109241,Glutamate receptor ionotropic kainate,ANTAGONIST,Glutamate receptor ionotropic kainate antagonist,2
CHEMBL182066,RADIPRODIL,O=C(Nc1ccc2nc(O)oc2c1)C(=O)N1CCC(Cc2ccc(F)cc2)CC1,CHEMBL1907603,Glutamate NMDA receptor; GRIN1/GRIN2B,ANTAGONIST,Glutamate NMDA receptor; GRIN1/GRIN2B antagonist,2
CHEMBL4650318,ICENTICAFTOR,COc1nc(C(=O)NC[C@](C)(O)C(F)(F)F)c(N)cc1C(F)(F)F,CHEMBL4051,Cystic fibrosis transmembrane conductance regulator,ACTIVATOR,Cystic fibrosis transmembrane conductance regulator activator,2
CHEMBL3544914,TEZACAFTOR,CC(C)(CO)c1cc2cc(NC(=O)C3(c4ccc5c(c4)OC(F)(F)O5)CC3)c(F)cc2n1C[C@@H](O)CO,CHEMBL4051,Cystic fibrosis transmembrane conductance regulator,POSITIVE MODULATOR,Cystic fibrosis transmembrane conductance regulator positive modulator,4
CHEMBL604710,Z160,O=C(CC(c1ccccc1)c1ccccc1)N1CCN(C(c2ccccc2)c2ccccc2)CC1,CHEMBL4478,Voltage-dependent N-type calcium channel subunit alpha-1B,BLOCKER,Voltage-gated N-type calcium channel alpha-1B subunit blocker,2
CHEMBL426559,LAROPIPRANT,CS(=O)(=O)c1cc(F)cc2c3c(n(Cc4ccc(Cl)cc4)c12)[C@@H](CC(=O)O)CC3,CHEMBL4427,Prostaglandin D2 receptor,ANTAGONIST,Prostanoid DP receptor antagonist,4
CHEMBL1951575,VIDUPIPRANT,CC(C)(C)NC(=O)c1ccc(Oc2cc(F)c(CC(=O)O)cc2Cl)c(NS(=O)(=O)c2ccc(C3CC3)cc2Cl)c1,CHEMBL4427,Prostaglandin D2 receptor,ANTAGONIST,Prostanoid DP receptor antagonist,2
CHEMBL1951575,VIDUPIPRANT,CC(C)(C)NC(=O)c1ccc(Oc2cc(F)c(CC(=O)O)cc2Cl)c(NS(=O)(=O)c2ccc(C3CC3)cc2Cl)c1,CHEMBL5071,Prostaglandin D2 receptor 2,ANTAGONIST,G protein-coupled receptor 44 antagonist,2
CHEMBL1688243,INCB-9471,CCO[C@@H]1Cc2cc(C(F)(F)F)ccc2[C@H]1N1CCN(C2(C)CCN(C(=O)c3c(C)ncnc3C)CC2)C[C@@H]1C,CHEMBL274,C-C chemokine receptor type 5,ANTAGONIST,C-C chemokine receptor type 5 antagonist,2
CHEMBL3545233,PAVINETANT,CC[C@H](NC(=O)c1c(NS(C)(=O)=O)c(-c2ccccc2)nc2ccccc12)c1ccccc1,CHEMBL4429,Neuromedin-K receptor,ANTAGONIST,Neurokinin 3 receptor antagonist,2
CHEMBL3137316,FOSDAGROCORAT,Cc1ncccc1NC(=O)c1ccc2c(c1)CC[C@@H]1C[C@@](OP(=O)(O)O)(C(F)(F)F)CC[C@@]21Cc1ccccc1,CHEMBL2034,Glucocorticoid receptor,MODULATOR,Glucocorticoid receptor modulator,2
CHEMBL3908979,FGF401,COCCNc1cc(NC(=O)N2CCCc3cc(CN4CCN(C)CC4=O)c(C=O)nc32)ncc1C#N,CHEMBL3973,Fibroblast growth factor receptor 4,INHIBITOR,Fibroblast growth factor receptor 4 inhibitor,2
CHEMBL3787344,NAZARTINIB,Cc1cc(C(=O)Nc2nc3cccc(Cl)c3n2[C@@H]2CCCCN(C(=O)/C=C/CN(C)C)C2)ccn1,CHEMBL203,Epidermal growth factor receptor,INHIBITOR,Epidermal growth factor receptor erbB1 inhibitor,2
CHEMBL3809489,BEMCENTINIB,Nc1nc(Nc2ccc3c(c2)CC[C@@H](N2CCCC2)CC3)nn1-c1cc2c(nn1)-c1ccccc1CCC2,CHEMBL4895,Tyrosine-protein kinase receptor UFO,INHIBITOR,Tyrosine-protein kinase receptor UFO inhibitor,2
CHEMBL3341965,CP-601927,FC(F)(F)c1ccc2c(c1)[C@H]1CNC[C@@H]2C1,CHEMBL1907589,Neuronal acetylcholine receptor; alpha4/beta2,PARTIAL AGONIST,Neuronal acetylcholine receptor; alpha4/beta2 partial agonist,2
CHEMBL2107762,NERISPIRDINE,CCCN(c1ccncc1F)n1cc(C)c2ccccc21,CHEMBL2362996,Voltage-gated potassium channel,BLOCKER,Voltage-gated potassium channel blocker,2
CHEMBL2107762,NERISPIRDINE,CCCN(c1ccncc1F)n1cc(C)c2ccccc21,CHEMBL2331043,Sodium channel alpha subunit,BLOCKER,Sodium channel alpha subunit blocker,2
CHEMBL1276138,FARAMPATOR,O=C(c1ccc2nonc2c1)N1CCCCC1,CHEMBL2096670,Glutamate receptor ionotropic AMPA,POSITIVE ALLOSTERIC MODULATOR,Glutamate receptor ionotropic AMPA positive allosteric modulator,2
CHEMBL1277001,MIBAMPATOR,CC(C)S(=O)(=O)NC[C@H](C)c1ccc(-c2ccc(CCNS(C)(=O)=O)cc2)cc1,CHEMBL2096670,Glutamate receptor ionotropic AMPA,POSITIVE ALLOSTERIC MODULATOR,Glutamate receptor ionotropic AMPA positive allosteric modulator,2
CHEMBL593430,ATAGABALIN,C[C@H]1CC(CN)(CC(=O)O)C[C@@H]1C,CHEMBL2363032,Voltage-gated calcium channel,MODULATOR,Voltage-gated calcium channel modulator,2
CHEMBL2103791,ADIPIPLON,CCCc1c(Cn2ccnc2-c2ncccc2F)ncn2nc(C)nc12,CHEMBL2093872,GABA-A receptor; anion channel,PARTIAL AGONIST,GABA-A receptor; anion channel partial agonist,2
CHEMBL2107801,RESEQUINIL,COc1cccc(-c2nccc3[nH]c(=O)c(-c4noc(C)n4)cc23)c1,CHEMBL2093872,GABA-A receptor; anion channel,INVERSE AGONIST,GABA-A receptor; anion channel inverse agonist,2
CHEMBL3647536,DARIGABAT,CCn1cnc2c(-c3ccc(F)c(-c4ccc(S(=O)(=O)CC)cc4OC)c3)cnnc21,CHEMBL2093872,GABA-A receptor; anion channel,AGONIST,GABA-A receptor; anion channel agonist,2
CHEMBL356388,ETAZOLATE,CCOC(=O)c1cnc2c(cnn2CC)c1NN=C(C)C,CHEMBL1847,Gamma-aminobutyric acid receptor subunit beta-3,POSITIVE ALLOSTERIC MODULATOR,GABA receptor beta-3 subunit positive allosteric modulator,2
CHEMBL4297185,DAROLUTAMIDE,CC(O)c1cc(C(=O)N[C@@H](C)Cn2ccc(-c3ccc(C#N)c(Cl)c3)n2)n[nH]1,CHEMBL1871,Androgen receptor,ANTAGONIST,Androgen Receptor antagonist,4
CHEMBL1738889,ENOBOSARM,C[C@](O)(COc1ccc(C#N)cc1)C(=O)Nc1ccc(C#N)c(C(F)(F)F)c1,CHEMBL1871,Androgen receptor,MODULATOR,Androgen Receptor modulator,3
CHEMBL3183409,APALUTAMIDE,CNC(=O)c1ccc(N2C(=S)N(c3cnc(C#N)c(C(F)(F)F)c3)C(=O)C23CCC3)cc1F,CHEMBL1871,Androgen receptor,ANTAGONIST,Androgen Receptor antagonist,4
CHEMBL566315,OBETICHOLIC ACID,CC[C@H]1[C@@H](O)[C@@H]2[C@H](CC[C@]3(C)[C@@H]([C@H](C)CCC(=O)O)CC[C@@H]23)[C@@]2(C)CC[C@@H](O)C[C@@H]12,CHEMBL2047,Bile acid receptor,AGONIST,Bile acid receptor FXR agonist,4
CHEMBL2103876,MAPRACORAT,Cc1ccc2c(NC[C@](O)(CC(C)(C)c3cc(F)cc4c3OCC4)C(F)(F)F)cccc2n1,CHEMBL2034,Glucocorticoid receptor,AGONIST,Glucocorticoid receptor agonist,3
CHEMBL267431,ASOPRISNIL,COC[C@]1(OC)CC[C@H]2[C@@H]3CCC4=CC(=O)CCC4=C3[C@@H](c3ccc(/C=N/O)cc3)C[C@@]21C,CHEMBL208,Progesterone receptor,MODULATOR,Progesterone receptor modulator,3
CHEMBL592054,IMIGLITAZAR,Cc1oc(-c2ccccc2)nc1COc1ccc(CO/N=C(\CCC(=O)O)c2ccccc2)cc1,CHEMBL239,Peroxisome proliferator-activated receptor alpha,AGONIST,Peroxisome proliferator-activated receptor alpha agonist,3
CHEMBL592054,IMIGLITAZAR,Cc1oc(-c2ccccc2)nc1COc1ccc(CO/N=C(\CCC(=O)O)c2ccccc2)cc1,CHEMBL235,Peroxisome proliferator-activated receptor gamma,AGONIST,Peroxisome proliferator-activated receptor gamma agonist,3
CHEMBL519504,ALEGLITAZAR,CO[C@@H](Cc1ccc(OCCc2nc(-c3ccccc3)oc2C)c2ccsc12)C(=O)O,CHEMBL239,Peroxisome proliferator-activated receptor alpha,AGONIST,Peroxisome proliferator-activated receptor alpha agonist,3
CHEMBL519504,ALEGLITAZAR,CO[C@@H](Cc1ccc(OCCc2nc(-c3ccccc3)oc2C)c2ccsc12)C(=O)O,CHEMBL235,Peroxisome proliferator-activated receptor gamma,AGONIST,Peroxisome proliferator-activated receptor gamma agonist,3
CHEMBL186179,MURAGLITAZAR,COc1ccc(OC(=O)N(CC(=O)O)Cc2ccc(OCCc3nc(-c4ccccc4)oc3C)cc2)cc1,CHEMBL239,Peroxisome proliferator-activated receptor alpha,AGONIST,Peroxisome proliferator-activated receptor alpha agonist,3
CHEMBL186179,MURAGLITAZAR,COc1ccc(OC(=O)N(CC(=O)O)Cc2ccc(OCCc3nc(-c4ccccc4)oc3C)cc2)cc1,CHEMBL235,Peroxisome proliferator-activated receptor gamma,AGONIST,Peroxisome proliferator-activated receptor gamma agonist,3
CHEMBL282686,TESAGLITAZAR,CCO[C@@H](Cc1ccc(OCCc2ccc(OS(C)(=O)=O)cc2)cc1)C(=O)O,CHEMBL239,Peroxisome proliferator-activated receptor alpha,AGONIST,Peroxisome proliferator-activated receptor alpha agonist,3
CHEMBL282686,TESAGLITAZAR,CCO[C@@H](Cc1ccc(OCCc2ccc(OS(C)(=O)=O)cc2)cc1)C(=O)O,CHEMBL235,Peroxisome proliferator-activated receptor gamma,AGONIST,Peroxisome proliferator-activated receptor gamma agonist,3
CHEMBL2103991,BALAGLITAZONE,Cn1c(COc2ccc(CC3SC(=O)NC3=O)cc2)nc2ccccc2c1=O,CHEMBL235,Peroxisome proliferator-activated receptor gamma,PARTIAL AGONIST,Peroxisome proliferator-activated receptor gamma partial agonist,3
CHEMBL2104753,RIVOGLITAZONE,COc1ccc2nc(COc3ccc(CC4SC(=O)NC4=O)cc3)n(C)c2c1,CHEMBL235,Peroxisome proliferator-activated receptor gamma,AGONIST,Peroxisome proliferator-activated receptor gamma agonist,3
CHEMBL1762621,BARDOXOLONE METHYL,COC(=O)[C@]12CCC(C)(C)C[C@H]1[C@H]1C(=O)C=C3[C@@]4(C)C=C(C#N)C(=O)C(C)(C)[C@@H]4CC[C@@]3(C)[C@]1(C)CC2,CHEMBL235,Peroxisome proliferator-activated receptor gamma,ANTAGONIST,Peroxisome proliferator-activated receptor gamma antagonist,3
CHEMBL1762621,BARDOXOLONE METHYL,COC(=O)[C@]12CCC(C)(C)C[C@H]1[C@H]1C(=O)C=C3[C@@]4(C)C=C(C#N)C(=O)C(C)(C)[C@@H]4CC[C@@]3(C)[C@]1(C)CC2,CHEMBL1991,Inhibitor of nuclear factor kappa-B kinase subunit beta,INHIBITOR,Inhibitor of nuclear factor kappa B kinase beta subunit inhibitor,3
CHEMBL1762621,BARDOXOLONE METHYL,COC(=O)[C@]12CCC(C)(C)C[C@H]1[C@H]1C(=O)C=C3[C@@]4(C)C=C(C#N)C(=O)C(C)(C)[C@@H]4CC[C@@]3(C)[C@]1(C)CC2,CHEMBL3038498,Keap1/Nrf2,INHIBITOR,Keap1/Nrf2 inhibitor,3
CHEMBL2035874,EPROTIROME,CC(C)c1cc(Oc2c(Br)cc(NC(=O)CC(=O)O)cc2Br)ccc1O,CHEMBL1947,Thyroid hormone receptor beta,AGONIST,Thyroid hormone receptor beta-1 agonist,3
CHEMBL1908376,SEOCALCITOL,C=C1/C(=C\C=C2/CCC[C@]3(C)[C@@H]([C@H](C)/C=C/C=C/C(O)(CC)CC)CC[C@@H]23)C[C@@H](O)C[C@@H]1O,CHEMBL1977,Vitamin D3 receptor,AGONIST,Vitamin D receptor agonist,3
CHEMBL3989862,PEFCALCITOL,C=C1/C(=C\C=C2/CCC[C@]3(C)C([C@H](C)OCC(=O)NCC(F)(F)C(F)(F)F)=CC[C@@H]23)C[C@@H](O)C[C@@H]1O,CHEMBL1977,Vitamin D3 receptor,AGONIST,Vitamin D receptor agonist,3
CHEMBL1908391,MASITINIB,Cc1ccc(NC(=O)c2ccc(CN3CCN(C)CC3)cc2)cc1Nc1nc(-c2cccnc2)cs1,CHEMBL2742,Fibroblast growth factor receptor 3,INHIBITOR,Fibroblast growth factor receptor 3 inhibitor,3
CHEMBL1908391,MASITINIB,Cc1ccc(NC(=O)c2ccc(CN3CCN(C)CC3)cc2)cc1Nc1nc(-c2cccnc2)cs1,CHEMBL1936,Mast/stem cell growth factor receptor Kit,INHIBITOR,Stem cell growth factor receptor inhibitor,3
CHEMBL1908391,MASITINIB,Cc1ccc(NC(=O)c2ccc(CN3CCN(C)CC3)cc2)cc1Nc1nc(-c2cccnc2)cs1,CHEMBL2095189,Platelet-derived growth factor receptor,INHIBITOR,Platelet-derived growth factor receptor inhibitor,3
CHEMBL223360,LINIFANIB,Cc1ccc(F)c(NC(=O)Nc2ccc(-c3cccc4[nH]nc(N)c34)cc2)c1,CHEMBL1844,Macrophage colony-stimulating factor 1 receptor,INHIBITOR,Macrophage colony stimulating factor receptor inhibitor,3
CHEMBL223360,LINIFANIB,Cc1ccc(F)c(NC(=O)Nc2ccc(-c3cccc4[nH]nc(N)c34)cc2)c1,CHEMBL1974,Receptor-type tyrosine-protein kinase FLT3,INHIBITOR,Tyrosine-protein kinase receptor FLT3 inhibitor,3
CHEMBL223360,LINIFANIB,Cc1ccc(F)c(NC(=O)Nc2ccc(-c3cccc4[nH]nc(N)c34)cc2)c1,CHEMBL2095189,Platelet-derived growth factor receptor,INHIBITOR,Platelet-derived growth factor receptor inhibitor,3
CHEMBL223360,LINIFANIB,Cc1ccc(F)c(NC(=O)Nc2ccc(-c3cccc4[nH]nc(N)c34)cc2)c1,CHEMBL2095227,Vascular endothelial growth factor receptor,INHIBITOR,Vascular endothelial growth factor receptor inhibitor,3
CHEMBL576982,QUIZARTINIB,CC(C)(C)c1cc(NC(=O)Nc2ccc(-c3cn4c(n3)sc3cc(OCCN5CCOCC5)ccc34)cc2)no1,CHEMBL1844,Macrophage colony-stimulating factor 1 receptor,INHIBITOR,Macrophage colony stimulating factor receptor inhibitor,4
CHEMBL576982,QUIZARTINIB,CC(C)(C)c1cc(NC(=O)Nc2ccc(-c3cn4c(n3)sc3cc(OCCN5CCOCC5)ccc34)cc2)no1,CHEMBL1974,Receptor-type tyrosine-protein kinase FLT3,INHIBITOR,Tyrosine-protein kinase receptor FLT3 inhibitor,4
CHEMBL576982,QUIZARTINIB,CC(C)(C)c1cc(NC(=O)Nc2ccc(-c3cn4c(n3)sc3cc(OCCN5CCOCC5)ccc34)cc2)no1,CHEMBL1936,Mast/stem cell growth factor receptor Kit,INHIBITOR,Stem cell growth factor receptor inhibitor,4
CHEMBL576982,QUIZARTINIB,CC(C)(C)c1cc(NC(=O)Nc2ccc(-c3cn4c(n3)sc3cc(OCCN5CCOCC5)ccc34)cc2)no1,CHEMBL2095189,Platelet-derived growth factor receptor,INHIBITOR,Platelet-derived growth factor receptor inhibitor,4
CHEMBL576982,QUIZARTINIB,CC(C)(C)c1cc(NC(=O)Nc2ccc(-c3cn4c(n3)sc3cc(OCCN5CCOCC5)ccc34)cc2)no1,CHEMBL2041,Proto-oncogene tyrosine-protein kinase receptor Ret,INHIBITOR,Tyrosine-protein kinase receptor RET inhibitor,4
CHEMBL2103882,TIVANTINIB,O=C1NC(=O)[C@@H](c2cn3c4c(cccc24)CCC3)[C@@H]1c1c[nH]c2ccccc12,CHEMBL3717,Hepatocyte growth factor receptor,INHIBITOR,Hepatocyte growth factor receptor inhibitor,3
CHEMBL217092,SARACATINIB,CN1CCN(CCOc2cc(OC3CCOCC3)c3c(Nc4c(Cl)ccc5c4OCO5)ncnc3c2)CC1,CHEMBL1862,Tyrosine-protein kinase ABL1,INHIBITOR,Tyrosine-protein kinase ABL inhibitor,3
CHEMBL217092,SARACATINIB,CN1CCN(CCOc2cc(OC3CCOCC3)c3c(Nc4c(Cl)ccc5c4OCO5)ncnc3c2)CC1,CHEMBL267,Proto-oncogene tyrosine-protein kinase Src,INHIBITOR,Tyrosine-protein kinase SRC inhibitor,3
CHEMBL415049,BARASERTIB,CCN(CCCOc1ccc2c(Nc3cc(CC(=O)Nc4cccc(F)c4)[nH]n3)ncnc2c1)CCOP(=O)(O)O,CHEMBL2185,Aurora kinase B,INHIBITOR,Serine/threonine-protein kinase Aurora-B inhibitor,3
CHEMBL491473,CEDIRANIB,COc1cc2c(Oc3ccc4[nH]c(C)cc4c3F)ncnc2cc1OCCCN1CCCC1,CHEMBL1936,Mast/stem cell growth factor receptor Kit,INHIBITOR,Stem cell growth factor receptor inhibitor,3
CHEMBL491473,CEDIRANIB,COc1cc2c(Oc3ccc4[nH]c(C)cc4c3F)ncnc2cc1OCCCN1CCCC1,CHEMBL2095189,Platelet-derived growth factor receptor,INHIBITOR,Platelet-derived growth factor receptor inhibitor,3
CHEMBL491473,CEDIRANIB,COc1cc2c(Oc3ccc4[nH]c(C)cc4c3F)ncnc2cc1OCCCN1CCCC1,CHEMBL2095227,Vascular endothelial growth factor receptor,INHIBITOR,Vascular endothelial growth factor receptor inhibitor,3
CHEMBL3353410,OSIMERTINIB,C=CC(=O)Nc1cc(Nc2nccc(-c3cn(C)c4ccccc34)n2)c(OC)cc1N(C)CCN(C)C,CHEMBL203,Epidermal growth factor receptor,INHIBITOR,Epidermal growth factor receptor erbB1 inhibitor,4
CHEMBL1233528,VOLASERTIB,CC[C@@H]1C(=O)N(C)c2cnc(Nc3ccc(C(=O)N[C@H]4CC[C@H](N5CCN(CC6CC6)CC5)CC4)cc3OC)nc2N1C(C)C,CHEMBL3024,Serine/threonine-protein kinase PLK1,INHIBITOR,Serine/threonine-protein kinase PLK1 inhibitor,3
CHEMBL377300,BRIVANIB,Cc1cc2c(F)c(Oc3ncnn4cc(OC[C@@H](C)O)c(C)c34)ccc2[nH]1,CHEMBL2095217,Fibroblast growth factor receptor,INHIBITOR,Fibroblast growth factor receptor inhibitor,3
CHEMBL377300,BRIVANIB,Cc1cc2c(F)c(Oc3ncnn4cc(OC[C@@H](C)O)c(C)c34)ccc2[nH]1,CHEMBL2095227,Vascular endothelial growth factor receptor,INHIBITOR,Vascular endothelial growth factor receptor inhibitor,3
CHEMBL270995,BRIVANIB ALANINATE,Cc1cc2c(F)c(Oc3ncnn4cc(OC[C@@H](C)OC(=O)[C@H](C)N)c(C)c34)ccc2[nH]1,CHEMBL2095217,Fibroblast growth factor receptor,INHIBITOR,Fibroblast growth factor receptor inhibitor,3
CHEMBL270995,BRIVANIB ALANINATE,Cc1cc2c(F)c(Oc3ncnn4cc(OC[C@@H](C)OC(=O)[C@H](C)N)c(C)c34)ccc2[nH]1,CHEMBL2095227,Vascular endothelial growth factor receptor,INHIBITOR,Vascular endothelial growth factor receptor inhibitor,3
CHEMBL290352,CEP-1347,CCSCc1ccc2c(c1)c1c3c(c4c5cc(CSCC)ccc5n5c4c1n2[C@H]1C[C@](O)(C(=O)OC)[C@]5(C)O1)CNC3=O,CHEMBL2708,Mitogen-activated protein kinase kinase kinase 11,INHIBITOR,Mitogen-activated protein kinase kinase kinase 11 inhibitor,3
CHEMBL290352,CEP-1347,CCSCc1ccc2c(c1)c1c3c(c4c5cc(CSCC)ccc5n5c4c1n2[C@H]1C[C@](O)(C(=O)OC)[C@]5(C)O1)CNC3=O,CHEMBL2873,Mitogen-activated protein kinase kinase kinase 10,INHIBITOR,Mitogen-activated protein kinase kinase kinase 10 inhibitor,3
CHEMBL290352,CEP-1347,CCSCc1ccc2c(c1)c1c3c(c4c5cc(CSCC)ccc5n5c4c1n2[C@H]1C[C@](O)(C(=O)OC)[C@]5(C)O1)CNC3=O,CHEMBL2872,Mitogen-activated protein kinase kinase kinase 9,INHIBITOR,Mitogen-activated protein kinase kinase kinase 9 inhibitor,3
CHEMBL290352,CEP-1347,CCSCc1ccc2c(c1)c1c3c(c4c5cc(CSCC)ccc5n5c4c1n2[C@H]1C[C@](O)(C(=O)OC)[C@]5(C)O1)CNC3=O,CHEMBL1163124,Mitogen-activated protein kinase kinase kinase 13,INHIBITOR,Mitogen-activated protein kinase kinase kinase 13 inhibitor,3
CHEMBL290352,CEP-1347,CCSCc1ccc2c(c1)c1c3c(c4c5cc(CSCC)ccc5n5c4c1n2[C@H]1C[C@](O)(C(=O)OC)[C@]5(C)O1)CNC3=O,CHEMBL1908389,Mitogen-activated protein kinase kinase kinase 12,INHIBITOR,Mitogen-activated protein kinase kinase kinase 12 inhibitor,3
CHEMBL603469,LESTAURTINIB,C[C@]12O[C@H](C[C@]1(O)CO)n1c3ccccc3c3c4c(c5c6ccccc6n2c5c31)CNC4=O,CHEMBL1974,Receptor-type tyrosine-protein kinase FLT3,INHIBITOR,Tyrosine-protein kinase receptor FLT3 inhibitor,3
CHEMBL603469,LESTAURTINIB,C[C@]12O[C@H](C[C@]1(O)CO)n1c3ccccc3c3c4c(c5c6ccccc6n2c5c31)CNC4=O,CHEMBL2971,Tyrosine-protein kinase JAK2,INHIBITOR,Tyrosine-protein kinase JAK2 inhibitor,3
CHEMBL603469,LESTAURTINIB,C[C@]12O[C@H](C[C@]1(O)CO)n1c3ccccc3c3c4c(c5c6ccccc6n2c5c31)CNC4=O,CHEMBL2815,High affinity nerve growth factor receptor,INHIBITOR,Nerve growth factor receptor Trk-A inhibitor,3
CHEMBL603469,LESTAURTINIB,C[C@]12O[C@H](C[C@]1(O)CO)n1c3ccccc3c3c4c(c5c6ccccc6n2c5c31)CNC4=O,CHEMBL4898,BDNF/NT-3 growth factors receptor,INHIBITOR,Neurotrophic tyrosine kinase receptor type 2 inhibitor,3
CHEMBL603469,LESTAURTINIB,C[C@]12O[C@H](C[C@]1(O)CO)n1c3ccccc3c3c4c(c5c6ccccc6n2c5c31)CNC4=O,CHEMBL5608,NT-3 growth factor receptor,INHIBITOR,NT-3 growth factor receptor inhibitor,3
CHEMBL603469,LESTAURTINIB,C[C@]12O[C@H](C[C@]1(O)CO)n1c3ccccc3c3c4c(c5c6ccccc6n2c5c31)CNC4=O,CHEMBL2041,Proto-oncogene tyrosine-protein kinase receptor Ret,INHIBITOR,Tyrosine-protein kinase receptor RET inhibitor,3
CHEMBL545315,CANERTINIB DIHYDROCHLORIDE,C=CC(=O)Nc1cc2c(Nc3ccc(F)c(Cl)c3)ncnc2cc1OCCCN1CCOCC1.Cl.Cl,CHEMBL203,Epidermal growth factor receptor,INHIBITOR,Epidermal growth factor receptor erbB1 inhibitor,3
CHEMBL545315,CANERTINIB DIHYDROCHLORIDE,C=CC(=O)Nc1cc2c(Nc3ccc(F)c(Cl)c3)ncnc2cc1OCCCN1CCOCC1.Cl.Cl,CHEMBL1824,Receptor tyrosine-protein kinase erbB-2,INHIBITOR,Receptor protein-tyrosine kinase erbB-2 inhibitor,3
CHEMBL545315,CANERTINIB DIHYDROCHLORIDE,C=CC(=O)Nc1cc2c(Nc3ccc(F)c(Cl)c3)ncnc2cc1OCCCN1CCOCC1.Cl.Cl,CHEMBL3009,Receptor tyrosine-protein kinase erbB-4,INHIBITOR,Receptor protein-tyrosine kinase erbB-4 inhibitor,3
CHEMBL1078178,MOMELOTINIB,N#CCNC(=O)c1ccc(-c2ccnc(Nc3ccc(N4CCOCC4)cc3)n2)cc1,CHEMBL2835,Tyrosine-protein kinase JAK1,INHIBITOR,Tyrosine-protein kinase JAK1 inhibitor,4
CHEMBL1078178,MOMELOTINIB,N#CCNC(=O)c1ccc(-c2ccnc(Nc3ccc(N4CCOCC4)cc3)n2)cc1,CHEMBL2971,Tyrosine-protein kinase JAK2,INHIBITOR,Tyrosine-protein kinase JAK2 inhibitor,4
CHEMBL1088752,LOSMAPIMOD,Cc1c(F)cc(C(=O)NC2CC2)cc1-c1ccc(C(=O)NCC(C)(C)C)cn1,CHEMBL260,Mitogen-activated protein kinase 14,INHIBITOR,MAP kinase p38 alpha inhibitor,3
CHEMBL1088752,LOSMAPIMOD,Cc1c(F)cc(C(=O)NC2CC2)cc1-c1ccc(C(=O)NCC(C)(C)C)cn1,CHEMBL3961,Mitogen-activated protein kinase 11,INHIBITOR,MAP kinase p38 beta inhibitor,3
CHEMBL3545413,FLUMATINIB,Cc1ncc(NC(=O)c2ccc(CN3CCN(C)CC3)c(C(F)(F)F)c2)cc1Nc1nccc(-c2cccnc2)n1,CHEMBL1862,Tyrosine-protein kinase ABL1,INHIBITOR,Tyrosine-protein kinase ABL inhibitor,3
CHEMBL180022,NERATINIB,CCOc1cc2ncc(C#N)c(Nc3ccc(OCc4ccccn4)c(Cl)c3)c2cc1NC(=O)/C=C/CN(C)C,CHEMBL203,Epidermal growth factor receptor,INHIBITOR,Epidermal growth factor receptor erbB1 inhibitor,4
CHEMBL180022,NERATINIB,CCOc1cc2ncc(C#N)c(Nc3ccc(OCc4ccccn4)c(Cl)c3)c2cc1NC(=O)/C=C/CN(C)C,CHEMBL1824,Receptor tyrosine-protein kinase erbB-2,INHIBITOR,Receptor protein-tyrosine kinase erbB-2 inhibitor,4
CHEMBL428690,ALVOCIDIB,CN1CC[C@H](c2c(O)cc(O)c3c(=O)cc(-c4ccccc4Cl)oc23)[C@H](O)C1,CHEMBL301,Cyclin-dependent kinase 2,INHIBITOR,Cyclin-dependent kinase 2 inhibitor,3
CHEMBL428690,ALVOCIDIB,CN1CC[C@H](c2c(O)cc(O)c3c(=O)cc(-c4ccccc4Cl)oc23)[C@H](O)C1,CHEMBL331,Cyclin-dependent kinase 4,INHIBITOR,Cyclin-dependent kinase 4 inhibitor,3
CHEMBL428690,ALVOCIDIB,CN1CC[C@H](c2c(O)cc(O)c3c(=O)cc(-c4ccccc4Cl)oc23)[C@H](O)C1,CHEMBL2508,Cyclin-dependent kinase 6,INHIBITOR,Cyclin-dependent kinase 6 inhibitor,3
CHEMBL428690,ALVOCIDIB,CN1CC[C@H](c2c(O)cc(O)c3c(=O)cc(-c4ccccc4Cl)oc23)[C@H](O)C1,CHEMBL3116,Cyclin-dependent kinase 9,INHIBITOR,Cyclin-dependent kinase 9 inhibitor,3
CHEMBL428690,ALVOCIDIB,CN1CC[C@H](c2c(O)cc(O)c3c(=O)cc(-c4ccccc4Cl)oc23)[C@H](O)C1,CHEMBL308,Cyclin-dependent kinase 1,INHIBITOR,Cyclin-dependent kinase 1 inhibitor,3
CHEMBL428690,ALVOCIDIB,CN1CC[C@H](c2c(O)cc(O)c3c(=O)cc(-c4ccccc4Cl)oc23)[C@H](O)C1,CHEMBL3055,Cyclin-dependent kinase 7,INHIBITOR,Cyclin-dependent kinase 7 inhibitor,3
CHEMBL2105759,BARICITINIB,CCS(=O)(=O)N1CC(CC#N)(n2cc(-c3ncnc4[nH]ccc34)cn2)C1,CHEMBL2835,Tyrosine-protein kinase JAK1,INHIBITOR,Tyrosine-protein kinase JAK1 inhibitor,4
CHEMBL2105759,BARICITINIB,CCS(=O)(=O)N1CC(CC#N)(n2cc(-c3ncnc4[nH]ccc34)cn2)C1,CHEMBL2971,Tyrosine-protein kinase JAK2,INHIBITOR,Tyrosine-protein kinase JAK2 inhibitor,4
CHEMBL1289494,TIVOZANIB,COc1cc2nccc(Oc3ccc(NC(=O)Nc4cc(C)on4)c(Cl)c3)c2cc1OC,CHEMBL2095227,Vascular endothelial growth factor receptor,INHIBITOR,Vascular endothelial growth factor receptor inhibitor,4
CHEMBL3545110,RIBOCICLIB,CN(C)C(=O)c1cc2cnc(Nc3ccc(N4CCNCC4)cn3)nc2n1C1CCCC1,CHEMBL331,Cyclin-dependent kinase 4,INHIBITOR,Cyclin-dependent kinase 4 inhibitor,4
CHEMBL3545110,RIBOCICLIB,CN(C)C(=O)c1cc2cnc(Nc3ccc(N4CCNCC4)cn3)nc2n1C1CCCC1,CHEMBL2508,Cyclin-dependent kinase 6,INHIBITOR,Cyclin-dependent kinase 6 inhibitor,4
CHEMBL3301612,ENCORAFENIB,COC(=O)N[C@@H](C)CNc1nccc(-c2cn(C(C)C)nc2-c2cc(Cl)cc(NS(C)(=O)=O)c2F)n1,CHEMBL5145,Serine/threonine-protein kinase B-raf,INHIBITOR,Serine/threonine-protein kinase B-raf inhibitor,4
CHEMBL300138,ENZASTAURIN,Cn1cc(C2=C(c3cn(C4CCN(Cc5ccccn5)CC4)c4ccccc34)C(=O)NC2=O)c2ccccc21,CHEMBL3045,Protein kinase C beta type,INHIBITOR,Protein kinase C beta inhibitor,3
CHEMBL91829,RUBOXISTAURIN,CN(C)C[C@@H]1CCn2cc(c3ccccc32)C2=C(C(=O)NC2=O)c2cn(c3ccccc23)CCO1,CHEMBL3045,Protein kinase C beta type,INHIBITOR,Protein kinase C beta inhibitor,3
CHEMBL3187723,BINIMETINIB,Cn1cnc2c(F)c(Nc3ccc(Br)cc3F)c(C(=O)NOCCO)cc21,CHEMBL3587,Dual specificity mitogen-activated protein kinase kinase 1,INHIBITOR,Dual specificity mitogen-activated protein kinase kinase 1 inhibitor,4
CHEMBL3187723,BINIMETINIB,Cn1cnc2c(F)c(Nc3ccc(Br)cc3F)c(C(=O)NOCCO)cc21,CHEMBL2964,Dual specificity mitogen-activated protein kinase kinase 2,INHIBITOR,Dual specificity mitogen-activated protein kinase kinase 2 inhibitor,4
CHEMBL2103840,DINACICLIB,CCc1cnn2c(NCc3ccc[n+]([O-])c3)cc(N3CCCC[C@H]3CCO)nc12,CHEMBL308,Cyclin-dependent kinase 1,INHIBITOR,Cyclin-dependent kinase 1 inhibitor,3
CHEMBL2103840,DINACICLIB,CCc1cnn2c(NCc3ccc[n+]([O-])c3)cc(N3CCCC[C@H]3CCO)nc12,CHEMBL301,Cyclin-dependent kinase 2,INHIBITOR,Cyclin-dependent kinase 2 inhibitor,3
CHEMBL2103840,DINACICLIB,CCc1cnn2c(NCc3ccc[n+]([O-])c3)cc(N3CCCC[C@H]3CCO)nc12,CHEMBL4036,Cyclin-dependent kinase 5,INHIBITOR,Cyclin-dependent kinase 5 inhibitor,3
CHEMBL2103840,DINACICLIB,CCc1cnn2c(NCc3ccc[n+]([O-])c3)cc(N3CCCC[C@H]3CCO)nc12,CHEMBL3116,Cyclin-dependent kinase 9,INHIBITOR,Cyclin-dependent kinase 9 inhibitor,3
CHEMBL483158,ALISERTIB,COc1cc(Nc2ncc3c(n2)-c2ccc(Cl)cc2C(c2c(F)cccc2OC)=NC3)ccc1C(=O)O,CHEMBL4722,Aurora kinase A,INHIBITOR,Serine/threonine-protein kinase Aurora-A inhibitor,3
CHEMBL1091644,LINSITINIB,C[C@]1(O)C[C@@H](c2nc(-c3ccc4ccc(-c5ccccc5)nc4c3)c3c(N)nccn32)C1,CHEMBL1957,Insulin-like growth factor 1 receptor,INHIBITOR,Insulin-like growth factor I receptor inhibitor,3
CHEMBL1091644,LINSITINIB,C[C@]1(O)C[C@@H](c2nc(-c3ccc4ccc(-c5ccccc5)nc4c3)c3c(N)nccn32)C1,CHEMBL1981,Insulin receptor,INHIBITOR,Insulin receptor inhibitor,3
CHEMBL2105719,DACOMITINIB,COc1cc2ncnc(Nc3ccc(F)c(Cl)c3)c2cc1NC(=O)/C=C/CN1CCCCC1.O,CHEMBL203,Epidermal growth factor receptor,INHIBITOR,Epidermal growth factor receptor erbB1 inhibitor,4
CHEMBL2105719,DACOMITINIB,COc1cc2ncnc(Nc3ccc(F)c(Cl)c3)c2cc1NC(=O)/C=C/CN1CCCCC1.O,CHEMBL1824,Receptor tyrosine-protein kinase erbB-2,INHIBITOR,Receptor protein-tyrosine kinase erbB-2 inhibitor,4
CHEMBL2105719,DACOMITINIB,COc1cc2ncnc(Nc3ccc(F)c(Cl)c3)c2cc1NC(=O)/C=C/CN1CCCCC1.O,CHEMBL3009,Receptor tyrosine-protein kinase erbB-4,INHIBITOR,Receptor protein-tyrosine kinase erbB-4 inhibitor,4
CHEMBL608533,MIDOSTAURIN,CO[C@@H]1[C@H](N(C)C(=O)c2ccccc2)C[C@H]2O[C@]1(C)n1c3ccccc3c3c4c(c5c6ccccc6n2c5c31)C(=O)NC4,CHEMBL1974,Receptor-type tyrosine-protein kinase FLT3,INHIBITOR,Tyrosine-protein kinase receptor FLT3 inhibitor,4
CHEMBL608533,MIDOSTAURIN,CO[C@@H]1[C@H](N(C)C(=O)c2ccccc2)C[C@H]2O[C@]1(C)n1c3ccccc3c3c4c(c5c6ccccc6n2c5c31)C(=O)NC4,CHEMBL1936,Mast/stem cell growth factor receptor Kit,INHIBITOR,Stem cell growth factor receptor inhibitor,4
CHEMBL608533,MIDOSTAURIN,CO[C@@H]1[C@H](N(C)C(=O)c2ccccc2)C[C@H]2O[C@]1(C)n1c3ccccc3c3c4c(c5c6ccccc6n2c5c31)C(=O)NC4,CHEMBL2095189,Platelet-derived growth factor receptor,INHIBITOR,Platelet-derived growth factor receptor inhibitor,4
CHEMBL608533,MIDOSTAURIN,CO[C@@H]1[C@H](N(C)C(=O)c2ccccc2)C[C@H]2O[C@]1(C)n1c3ccccc3c3c4c(c5c6ccccc6n2c5c31)C(=O)NC4,CHEMBL2093867,Protein kinase C (PKC),INHIBITOR,Protein kinase C (PKC) inhibitor,4
CHEMBL608533,MIDOSTAURIN,CO[C@@H]1[C@H](N(C)C(=O)c2ccccc2)C[C@H]2O[C@]1(C)n1c3ccccc3c3c4c(c5c6ccccc6n2c5c31)C(=O)NC4,CHEMBL279,Vascular endothelial growth factor receptor 2,INHIBITOR,Vascular endothelial growth factor receptor 2 inhibitor,4
CHEMBL101253,VATALANIB,Clc1ccc(Nc2nnc(Cc3ccncc3)c3ccccc23)cc1,CHEMBL1936,Mast/stem cell growth factor receptor Kit,INHIBITOR,Stem cell growth factor receptor inhibitor,3
CHEMBL101253,VATALANIB,Clc1ccc(Nc2nnc(Cc3ccncc3)c3ccccc23)cc1,CHEMBL2095189,Platelet-derived growth factor receptor,INHIBITOR,Platelet-derived growth factor receptor inhibitor,3
CHEMBL101253,VATALANIB,Clc1ccc(Nc2nnc(Cc3ccncc3)c3ccccc23)cc1,CHEMBL2095227,Vascular endothelial growth factor receptor,INHIBITOR,Vascular endothelial growth factor receptor inhibitor,3
CHEMBL101253,VATALANIB,Clc1ccc(Nc2nnc(Cc3ccncc3)c3ccccc23)cc1,CHEMBL1844,Macrophage colony-stimulating factor 1 receptor,INHIBITOR,Macrophage colony stimulating factor receptor inhibitor,3
CHEMBL2103830,FOSTAMATINIB,COc1cc(Nc2ncc(F)c(Nc3ccc4c(n3)N(COP(=O)(O)O)C(=O)C(C)(C)O4)n2)cc(OC)c1OC,CHEMBL2599,Tyrosine-protein kinase SYK,INHIBITOR,Tyrosine-protein kinase SYK inhibitor,4
CHEMBL2146883,COBIMETINIB,O=C(c1ccc(F)c(F)c1Nc1ccc(I)cc1F)N1CC(O)([C@@H]2CCCCN2)C1,CHEMBL3587,Dual specificity mitogen-activated protein kinase kinase 1,INHIBITOR,Dual specificity mitogen-activated protein kinase kinase 1 inhibitor,4
CHEMBL2146883,COBIMETINIB,O=C(c1ccc(F)c(F)c1Nc1ccc(I)cc1F)N1CC(O)([C@@H]2CCCCN2)C1,CHEMBL2964,Dual specificity mitogen-activated protein kinase kinase 2,INHIBITOR,Dual specificity mitogen-activated protein kinase kinase 2 inhibitor,4
CHEMBL1287853,FEDRATINIB,Cc1cnc(Nc2ccc(OCCN3CCCC3)cc2)nc1Nc1cccc(S(=O)(=O)NC(C)(C)C)c1,CHEMBL1974,Receptor-type tyrosine-protein kinase FLT3,INHIBITOR,Tyrosine-protein kinase receptor FLT3 inhibitor,4
CHEMBL1287853,FEDRATINIB,Cc1cnc(Nc2ccc(OCCN3CCCC3)cc2)nc1Nc1cccc(S(=O)(=O)NC(C)(C)C)c1,CHEMBL2971,Tyrosine-protein kinase JAK2,INHIBITOR,Tyrosine-protein kinase JAK2 inhibitor,4
CHEMBL2035187,PACRITINIB,C1=N/C2=N/c3ccc(OCCN4CCCC4)c(c3)COC/C=C/COCc3cccc(c3)C(=C1)N2,CHEMBL2971,Tyrosine-protein kinase JAK2,INHIBITOR,Tyrosine-protein kinase JAK2 inhibitor,4
CHEMBL2035187,PACRITINIB,C1=N/C2=N/c3ccc(OCCN4CCCC4)c(c3)COC/C=C/COCc3cccc(c3)C(=C1)N2,CHEMBL1974,Receptor-type tyrosine-protein kinase FLT3,INHIBITOR,Tyrosine-protein kinase receptor FLT3 inhibitor,4
CHEMBL3545235,SIMOTINIB,COc1cc2ncnc(Nc3ccc(F)c(Cl)c3)c2cc1OCCN1CC2(CC2)C2(C1)OCCO2,CHEMBL203,Epidermal growth factor receptor,INHIBITOR,Epidermal growth factor receptor erbB1 inhibitor,3
CHEMBL276711,SEMAXANIB,Cc1cc(C)c(/C=C2\C(=O)Nc3ccccc32)[nH]1,CHEMBL1936,Mast/stem cell growth factor receptor Kit,INHIBITOR,Stem cell growth factor receptor inhibitor,3
CHEMBL276711,SEMAXANIB,Cc1cc(C)c(/C=C2\C(=O)Nc3ccccc32)[nH]1,CHEMBL2095227,Vascular endothelial growth factor receptor,INHIBITOR,Vascular endothelial growth factor receptor inhibitor,3
CHEMBL274654,ORANTINIB,Cc1[nH]c(/C=C2\C(=O)Nc3ccccc32)c(C)c1CCC(=O)O,CHEMBL2095217,Fibroblast growth factor receptor,INHIBITOR,Fibroblast growth factor receptor inhibitor,3
CHEMBL274654,ORANTINIB,Cc1[nH]c(/C=C2\C(=O)Nc3ccccc32)c(C)c1CCC(=O)O,CHEMBL2095189,Platelet-derived growth factor receptor,INHIBITOR,Platelet-derived growth factor receptor inhibitor,3
CHEMBL274654,ORANTINIB,Cc1[nH]c(/C=C2\C(=O)Nc3ccccc32)c(C)c1CCC(=O)O,CHEMBL279,Vascular endothelial growth factor receptor 2,INHIBITOR,Vascular endothelial growth factor receptor 2 inhibitor,3
CHEMBL522892,DOVITINIB,CN1CCN(c2ccc3nc(-c4c(N)c5c(F)cccc5[nH]c4=O)[nH]c3c2)CC1,CHEMBL2742,Fibroblast growth factor receptor 3,INHIBITOR,Fibroblast growth factor receptor 3 inhibitor,3
CHEMBL522892,DOVITINIB,CN1CCN(c2ccc3nc(-c4c(N)c5c(F)cccc5[nH]c4=O)[nH]c3c2)CC1,CHEMBL1974,Receptor-type tyrosine-protein kinase FLT3,INHIBITOR,Tyrosine-protein kinase receptor FLT3 inhibitor,3
CHEMBL522892,DOVITINIB,CN1CCN(c2ccc3nc(-c4c(N)c5c(F)cccc5[nH]c4=O)[nH]c3c2)CC1,CHEMBL1936,Mast/stem cell growth factor receptor Kit,INHIBITOR,Stem cell growth factor receptor inhibitor,3
CHEMBL522892,DOVITINIB,CN1CCN(c2ccc3nc(-c4c(N)c5c(F)cccc5[nH]c4=O)[nH]c3c2)CC1,CHEMBL2095189,Platelet-derived growth factor receptor,INHIBITOR,Platelet-derived growth factor receptor inhibitor,3
CHEMBL522892,DOVITINIB,CN1CCN(c2ccc3nc(-c4c(N)c5c(F)cccc5[nH]c4=O)[nH]c3c2)CC1,CHEMBL2095227,Vascular endothelial growth factor receptor,INHIBITOR,Vascular endothelial growth factor receptor inhibitor,3
CHEMBL3545414,RIVOCERANIB MESYLATE,CS(=O)(=O)O.N#CC1(c2ccc(NC(=O)c3cccnc3NCc3ccncc3)cc2)CCCC1,CHEMBL279,Vascular endothelial growth factor receptor 2,INHIBITOR,Vascular endothelial growth factor receptor 2 inhibitor,3
CHEMBL405821,SENICAPOC,NC(=O)C(c1ccccc1)(c1ccc(F)cc1)c1ccc(F)cc1,CHEMBL4305,Intermediate conductance calcium-activated potassium channel protein 4,BLOCKER,Intermediate conductance calcium-activated potassium channel protein 4 blocker,3
CHEMBL1208155,ELAGOLIX,COc1cccc(-c2c(C)n(Cc3c(F)cccc3C(F)(F)F)c(=O)n(C[C@H](NCCCC(=O)O)c3ccccc3)c2=O)c1F,CHEMBL1855,Gonadotropin-releasing hormone receptor,ANTAGONIST,Gonadotropin-releasing hormone receptor antagonist,4
CHEMBL1628688,ZIBOTENTAN,COc1nc(C)cnc1NS(=O)(=O)c1cccnc1-c1ccc(-c2nnco2)cc1,CHEMBL252,Endothelin-1 receptor,ANTAGONIST,Endothelin receptor ET-A antagonist,3
CHEMBL1668019,APLAVIROC HYDROCHLORIDE,CCCCN1C(=O)[C@@H]([C@H](O)C2CCCCC2)NC(=O)C12CCN(Cc1ccc(Oc3ccc(C(=O)O)cc3)cc1)CC2.Cl,CHEMBL274,C-C chemokine receptor type 5,ANTAGONIST,C-C chemokine receptor type 5 antagonist,3
CHEMBL1672054,CASOPITANT,CC(=O)N1CCN([C@H]2CCN(C(=O)N(C)[C@H](C)c3cc(C(F)(F)F)cc(C(F)(F)F)c3)[C@@H](c3ccc(F)cc3C)C2)CC1,CHEMBL249,Substance-P receptor,ANTAGONIST,Neurokinin 1 receptor antagonist,3
CHEMBL191413,REPARIXIN,CC(C)Cc1ccc([C@@H](C)C(=O)NS(C)(=O)=O)cc1,CHEMBL4029,C-X-C chemokine receptor type 1,MODULATOR,Interleukin-8 receptor A modulator,3
CHEMBL191413,REPARIXIN,CC(C)Cc1ccc([C@@H](C)C(=O)NS(C)(=O)=O)cc1,CHEMBL2434,C-X-C chemokine receptor type 2,MODULATOR,Interleukin-8 receptor B modulator,3
CHEMBL1923502,ULIMORELIN HYDROCHLORIDE,C[C@@H]1CN[C@@H](C2CC2)C(=O)N(C)[C@H](C)C(=O)N[C@H](Cc2ccc(F)cc2)C(=O)NCCCc2ccccc2O1.Cl.O,CHEMBL4616,Growth hormone secretagogue receptor type 1,AGONIST,Ghrelin receptor agonist,3
CHEMBL209821,NALUZOTAN,CC(=O)Nc1cccc(N2CCN(CCCCNS(=O)(=O)CC3CCCCC3)CC2)c1,CHEMBL214,5-hydroxytryptamine receptor 1A,AGONIST,Serotonin 1a (5-HT1a) receptor agonist,3
CHEMBL2103794,ANAMORELIN HYDROCHLORIDE,CN(C)N(C)C(=O)[C@@]1(Cc2ccccc2)CCCN(C(=O)[C@@H](Cc2c[nH]c3ccccc23)NC(=O)C(C)(C)N)C1.Cl,CHEMBL4616,Growth hormone secretagogue receptor type 1,AGONIST,Ghrelin receptor agonist,3
CHEMBL562668,OTENABANT,CCNC1(C(N)=O)CCN(c2ncnc3c2nc(-c2ccccc2Cl)n3-c2ccc(Cl)cc2)CC1,CHEMBL218,Cannabinoid receptor 1,ANTAGONIST,Cannabinoid CB1 receptor antagonist,3
CHEMBL2105747,TOZADENANT,COc1ccc(N2CCOCC2)c2sc(NC(=O)N3CCC(C)(O)CC3)nc12,CHEMBL251,Adenosine receptor A2a,ANTAGONIST,Adenosine A2a receptor antagonist,3
CHEMBL2105755,NALDEMEDINE,CC(C)(NC(=O)C1=C(O)[C@@H]2Oc3c(O)ccc4c3[C@@]23CCN(CC2CC2)[C@H](C4)[C@]3(O)C1)c1nc(-c2ccccc2)no1,CHEMBL233,Mu-type opioid receptor,ANTAGONIST,Mu opioid receptor antagonist,4
CHEMBL2107339,ESMIRTAZAPINE MALEATE,CN1CCN2c3ncccc3Cc3ccccc3[C@H]2C1.O=C(O)/C=C\C(=O)O,CHEMBL231,Histamine H1 receptor,ANTAGONIST,Histamine H1 receptor antagonist,3
CHEMBL2107339,ESMIRTAZAPINE MALEATE,CN1CCN2c3ncccc3Cc3ccccc3[C@H]2C1.O=C(O)/C=C\C(=O)O,CHEMBL224,5-hydroxytryptamine receptor 2A,ANTAGONIST,Serotonin 2a (5-HT2a) receptor antagonist,3
CHEMBL2107339,ESMIRTAZAPINE MALEATE,CN1CCN2c3ncccc3Cc3ccccc3[C@H]2C1.O=C(O)/C=C\C(=O)O,CHEMBL225,5-hydroxytryptamine receptor 2C,ANTAGONIST,Serotonin 2c (5-HT2c) receptor antagonist,3
CHEMBL2107339,ESMIRTAZAPINE MALEATE,CN1CCN2c3ncccc3Cc3ccccc3[C@H]2C1.O=C(O)/C=C\C(=O)O,CHEMBL2095158,Adrenergic receptor alpha-2,ANTAGONIST,Adrenergic receptor alpha-2 antagonist,3
CHEMBL2107349,LECOZOTAN HYDROCHLORIDE,C[C@H](CN(C(=O)c1ccc(C#N)cc1)c1ccccn1)N1CCN(c2cccc3c2OCCO3)CC1.Cl,CHEMBL214,5-hydroxytryptamine receptor 1A,ANTAGONIST,Serotonin 1a (5-HT1a) receptor antagonist,3
CHEMBL2107384,VICRIVIROC MALEATE,COC[C@@H](c1ccc(C(F)(F)F)cc1)N1CCN(C2(C)CCN(C(=O)c3c(C)ncnc3C)CC2)C[C@@H]1C.O=C(O)/C=C\C(=O)O,CHEMBL274,C-C chemokine receptor type 5,ANTAGONIST,C-C chemokine receptor type 5 antagonist,3
CHEMBL2110730,POMAGLUMETAD METHIONIL ANHYDROUS,CSCC[C@H](N)C(=O)N[C@@]1(C(=O)O)CS(=O)(=O)[C@H]2[C@H](C(=O)O)[C@H]21,CHEMBL5137,Metabotropic glutamate receptor 2,AGONIST,Metabotropic glutamate receptor 2 agonist,3
CHEMBL2110730,POMAGLUMETAD METHIONIL ANHYDROUS,CSCC[C@H](N)C(=O)N[C@@]1(C(=O)O)CS(=O)(=O)[C@H]2[C@H](C(=O)O)[C@H]21,CHEMBL2888,Metabotropic glutamate receptor 3,AGONIST,Metabotropic glutamate receptor 3 agonist,3
CHEMBL2146110,SARIZOTAN HYDROCHLORIDE,Cl.Fc1ccc(-c2cncc(CNC[C@H]3CCc4ccccc4O3)c2)cc1,CHEMBL214,5-hydroxytryptamine receptor 1A,AGONIST,Serotonin 1a (5-HT1a) receptor agonist,3
CHEMBL2146110,SARIZOTAN HYDROCHLORIDE,Cl.Fc1ccc(-c2cncc(CNC[C@H]3CCc4ccccc4O3)c2)cc1,CHEMBL217,D(2) dopamine receptor,PARTIAL AGONIST,Dopamine D2 receptor partial agonist,3
CHEMBL2146110,SARIZOTAN HYDROCHLORIDE,Cl.Fc1ccc(-c2cncc(CNC[C@H]3CCc4ccccc4O3)c2)cc1,CHEMBL234,D(3) dopamine receptor,AGONIST,Dopamine D3 receptor agonist,3
CHEMBL2146110,SARIZOTAN HYDROCHLORIDE,Cl.Fc1ccc(-c2cncc(CNC[C@H]3CCc4ccccc4O3)c2)cc1,CHEMBL219,D(4) dopamine receptor,AGONIST,Dopamine D4 receptor agonist,3
CHEMBL2178578,VERCIRNON,CC(C)(C)c1ccc(S(=O)(=O)Nc2ccc(Cl)cc2C(=O)c2cc[n+]([O-])cc2)cc1,CHEMBL5815,C-C chemokine receptor type 9,ANTAGONIST,C-C chemokine receptor type 9 antagonist,3
CHEMBL220360,TARANABANT,C[C@H](NC(=O)C(C)(C)Oc1ccc(C(F)(F)F)cn1)[C@@H](Cc1ccc(Cl)cc1)c1cccc(C#N)c1,CHEMBL218,Cannabinoid receptor 1,INVERSE AGONIST,Cannabinoid CB1 receptor inverse agonist,3
CHEMBL2336071,SIPONIMOD,CCc1cc(/C(C)=N/OCc2ccc(C3CCCCC3)c(C(F)(F)F)c2)ccc1CN1CC(C(=O)O)C1,CHEMBL4333,Sphingosine 1-phosphate receptor 1,AGONIST,Sphingosine 1-phosphate receptor Edg-1 agonist,4
CHEMBL2364612,LATANOPROSTENE BUNOD,O=C(CCC/C=C\C[C@@H]1[C@@H](CC[C@@H](O)CCc2ccccc2)[C@H](O)C[C@@H]1O)OCCCCO[N+](=O)[O-],CHEMBL1987,Prostaglandin F2-alpha receptor,AGONIST,Prostanoid FP receptor agonist,4
CHEMBL236593,TELCAGEPANT,O=C(N[C@@H]1CC[C@@H](c2cccc(F)c2F)CN(CC(F)(F)F)C1=O)N1CCC(n2c(=O)[nH]c3ncccc32)CC1,CHEMBL3798,Calcitonin gene-related peptide type 1 receptor,ANTAGONIST,Calcitonin gene-related peptide type 1 receptor antagonist,3
CHEMBL240624,PRELADENANT,COCCOc1ccc(N2CCN(CCn3ncc4c3nc(N)n3nc(-c5ccco5)nc43)CC2)cc1,CHEMBL251,Adenosine receptor A2a,ANTAGONIST,Adenosine A2a receptor antagonist,3
CHEMBL278623,MACIMORELIN,CC(C)(N)C(=O)N[C@H](Cc1c[nH]c2ccccc12)C(=O)N[C@H](Cc1c[nH]c2ccccc12)NC=O,CHEMBL4616,Growth hormone secretagogue receptor type 1,AGONIST,Ghrelin receptor agonist,4
CHEMBL3039511,BEVENOPRAN,COc1cc(CNCCC2CCOCC2)ccc1Oc1cnc(C(N)=O)cn1,CHEMBL233,Mu-type opioid receptor,ANTAGONIST,Mu opioid receptor antagonist,3
CHEMBL3137314,ESUBERAPROST,CC#CC[C@H](C)[C@H](O)/C=C/[C@@H]1[C@H]2c3cccc(CCCC(=O)O)c3O[C@H]2C[C@H]1O,CHEMBL1995,Prostacyclin receptor,AGONIST,Prostanoid IP receptor agonist,3
CHEMBL3286580,IDALOPIRDINE,Fc1ccc2c(CCNCc3cccc(OCC(F)(F)C(F)F)c3)c[nH]c2c1,CHEMBL3371,5-hydroxytryptamine receptor 6,ANTAGONIST,Serotonin 6 (5-HT6) receptor antagonist,3
CHEMBL414157,TONAPOFYLLINE,CCCn1c(=O)c2[nH]c(C34CCC(CCC(=O)O)(CC3)CC4)nc2n(CCC)c1=O,CHEMBL226,Adenosine receptor A1,ANTAGONIST,Adenosine A1 receptor antagonist,3
CHEMBL462605,PITOLISANT,Clc1ccc(CCCOCCCN2CCCCC2)cc1,CHEMBL264,Histamine H3 receptor,INVERSE AGONIST,Histamine H3 receptor inverse agonist,4
CHEMBL482950,PEXACERFONT,CC[C@@H](C)Nc1nc(C)nc2c(-c3ccc(OC)nc3C)c(C)nn12,CHEMBL1800,Corticotropin-releasing factor receptor 1,ANTAGONIST,Corticotropin releasing factor receptor 1 antagonist,3
CHEMBL52333,ROLOFYLLINE,CCCn1c(=O)c2nc(C34CC5CC(CC3C5)C4)[nH]c2n(CCC)c1=O,CHEMBL226,Adenosine receptor A1,ANTAGONIST,Adenosine A1 receptor antagonist,3
CHEMBL2106068,ATRASENTAN HYDROCHLORIDE,CCCCN(CCCC)C(=O)CN1C[C@H](c2ccc3c(c2)OCO3)[C@@H](C(=O)O)[C@@H]1c1ccc(OC)cc1.Cl,CHEMBL252,Endothelin-1 receptor,ANTAGONIST,Endothelin receptor ET-A antagonist,3
CHEMBL3989873,PICLIDENOSON,CNC(=O)[C@H]1O[C@@H](n2cnc3c(NCc4ccc(I)cc4)ncnc32)[C@H](O)[C@@H]1O,CHEMBL256,Adenosine receptor A3,AGONIST,Adenosine A3 receptor agonist,3
CHEMBL2364605,CEBRANOPADOL,CN(C)[C@]1(c2ccccc2)CC[C@]2(CC1)OCCc1c3cc(F)ccc3[nH]c12,CHEMBL2014,Nociceptin receptor,AGONIST,Nociceptin receptor agonist,3
CHEMBL2364605,CEBRANOPADOL,CN(C)[C@]1(c2ccccc2)CC[C@]2(CC1)OCCc1c3cc(F)ccc3[nH]c12,CHEMBL2095181,Opioid receptors; mu/kappa/delta,AGONIST,Opioid receptors; mu/kappa/delta agonist,3
CHEMBL2448613,PIMAVANSERIN TARTRATE,CC(C)COc1ccc(CNC(=O)N(Cc2ccc(F)cc2)C2CCN(C)CC2)cc1.CC(C)COc1ccc(CNC(=O)N(Cc2ccc(F)cc2)C2CCN(C)CC2)cc1.O=C(O)C(O)C(O)C(=O)O,CHEMBL224,5-hydroxytryptamine receptor 2A,INVERSE AGONIST,Serotonin 2a (5-HT2a) receptor inverse agonist,4
CHEMBL266125,IBODUTANT,Cc1ccc2cc(C(=O)NC3(C(=O)N[C@H](Cc4ccccc4)C(=O)NCC4CCN(CC5CCOCC5)CC4)CCCC3)sc2c1,CHEMBL2327,Substance-K receptor,ANTAGONIST,Neurokinin 2 receptor antagonist,3
CHEMBL74355,VOLINANSERIN,COc1cccc([C@H](O)C2CCN(CCc3ccc(F)cc3)CC2)c1OC,CHEMBL224,5-hydroxytryptamine receptor 2A,ANTAGONIST,Serotonin 2a (5-HT2a) receptor antagonist,3
CHEMBL61780,TEZOSENTAN,COc1ccccc1Oc1c(NS(=O)(=O)c2ccc(C(C)C)cn2)nc(-c2ccnc(-c3nnn[nH]3)c2)nc1OCCO,CHEMBL252,Endothelin-1 receptor,ANTAGONIST,Endothelin receptor ET-A antagonist,3
CHEMBL61780,TEZOSENTAN,COc1ccccc1Oc1c(NS(=O)(=O)c2ccc(C(C)C)cn2)nc(-c2ccnc(-c3nnn[nH]3)c2)nc1OCCO,CHEMBL1785,Endothelin receptor type B,ANTAGONIST,Endothelin receptor ET-B antagonist,3
CHEMBL2107777,SATAVAPTAN,CCOc1ccc2c(c1)[C@]1(CC[C@H](CCN3CCOCC3)CC1)C(=O)N2S(=O)(=O)c1ccc(C(=O)NC(C)(C)C)cc1OC,CHEMBL1790,Vasopressin V2 receptor,ANTAGONIST,Vasopressin V2 receptor antagonist,3
CHEMBL3989834,AVOSENTAN,COc1ccccc1Oc1c(NS(=O)(=O)c2ccc(C)cn2)nc(-c2ccncc2)nc1OC,CHEMBL252,Endothelin-1 receptor,ANTAGONIST,Endothelin receptor ET-A antagonist,3
CHEMBL2107773,RITOBEGRON,Cc1cc(OCC(=O)O)c(C)cc1CCN[C@@H](C)[C@H](O)c1ccc(O)cc1,CHEMBL246,Beta-3 adrenergic receptor,AGONIST,Beta-3 adrenergic receptor agonist,3
CHEMBL3989686,IFERANSERIN,CN1CCCC[C@H]1CCc1ccccc1NC(=O)/C=C/c1ccccc1,CHEMBL224,5-hydroxytryptamine receptor 2A,ANTAGONIST,Serotonin 2a (5-HT2a) receptor antagonist,3
CHEMBL109648,CLAZOSENTAN,COc1ccccc1Oc1c(NS(=O)(=O)c2ccc(C)cn2)nc(-c2ccnc(-c3nnn[nH]3)c2)nc1OCCO,CHEMBL252,Endothelin-1 receptor,ANTAGONIST,Endothelin receptor ET-A antagonist,3
CHEMBL506981,REMINERTANT,COc1cccc(OC)c1-c1cc(C(=O)NC2(C(=O)O)C3CC4CC(C3)CC2C4)nn1-c1ccnc2cc(Cl)ccc12,CHEMBL4123,Neurotensin receptor type 1,ANTAGONIST,Neurotensin receptor 1 antagonist,3
CHEMBL49429,LIXIVAPTAN,Cc1ccc(F)cc1C(=O)Nc1ccc(C(=O)N2Cc3cccn3Cc3ccccc32)c(Cl)c1,CHEMBL1790,Vasopressin V2 receptor,ANTAGONIST,Vasopressin V2 receptor antagonist,3
CHEMBL23261,DARUSENTAN,COc1cc(OC)nc(O[C@H](C(=O)O)C(OC)(c2ccccc2)c2ccccc2)n1,CHEMBL252,Endothelin-1 receptor,ANTAGONIST,Endothelin receptor ET-A antagonist,3
CHEMBL23261,DARUSENTAN,COc1cc(OC)nc(O[C@H](C(=O)O)C(OC)(c2ccccc2)c2ccccc2)n1,CHEMBL1785,Endothelin receptor type B,ANTAGONIST,Endothelin receptor ET-B antagonist,3
CHEMBL2070241,BREMELANOTIDE,CCCC[C@H](NC(C)=O)C(=O)N[C@H]1CC(=O)NCCCC[C@@H](C(=O)O)NC(=O)[C@H](Cc2c[nH]c3ccccc23)NC(=O)[C@H](CCCNC(=N)N)NC(=O)[C@@H](Cc2ccccc2)NC(=O)[C@H](Cc2c[nH]cn2)NC1=O,CHEMBL259,Melanocortin receptor 4,AGONIST,Melanocortin receptor 4 agonist,4
CHEMBL3545184,ETELCALCETIDE,CC(=O)N[C@H](CSSC[C@H](N)C(=O)O)C(=O)N[C@H](C)C(=O)N[C@H](CCCNC(=N)N)C(=O)N[C@H](CCCNC(=N)N)C(=O)N[C@H](CCCNC(=N)N)C(=O)N[C@H](C)C(=O)N[C@H](CCCNC(=N)N)C(N)=O,CHEMBL1878,Extracellular calcium-sensing receptor,AGONIST,Calcium sensing receptor agonist,4
CHEMBL3349523,VAPREOTIDE,CC(C)[C@@H]1NC(=O)[C@H](CCCCN)NC(=O)[C@@H](Cc2c[nH]c3ccccc23)NC(=O)[C@H](Cc2ccc(O)cc2)NC(=O)[C@@H](NC(=O)[C@H](N)Cc2ccccc2)CSSC[C@@H](C(=O)N[C@@H](Cc2c[nH]c3ccccc23)C(N)=O)NC1=O,CHEMBL1804,Somatostatin receptor type 2,AGONIST,Somatostatin receptor 2 agonist,3
CHEMBL3349523,VAPREOTIDE,CC(C)[C@@H]1NC(=O)[C@H](CCCCN)NC(=O)[C@@H](Cc2c[nH]c3ccccc23)NC(=O)[C@H](Cc2ccc(O)cc2)NC(=O)[C@@H](NC(=O)[C@H](N)Cc2ccccc2)CSSC[C@@H](C(=O)N[C@@H](Cc2c[nH]c3ccccc23)C(N)=O)NC1=O,CHEMBL2028,Somatostatin receptor type 3,AGONIST,Somatostatin receptor 3 agonist,3
CHEMBL3349523,VAPREOTIDE,CC(C)[C@@H]1NC(=O)[C@H](CCCCN)NC(=O)[C@@H](Cc2c[nH]c3ccccc23)NC(=O)[C@H](Cc2ccc(O)cc2)NC(=O)[C@@H](NC(=O)[C@H](N)Cc2ccccc2)CSSC[C@@H](C(=O)N[C@@H](Cc2c[nH]c3ccccc23)C(N)=O)NC1=O,CHEMBL1792,Somatostatin receptor type 5,AGONIST,Somatostatin receptor 5 agonist,3
CHEMBL3544954,ZOPTARELIN DOXORUBICIN,COc1cccc2c1C(=O)c1c(O)c3c(c(O)c1C2=O)C[C@@](O)(C(=O)COC(=O)CCCC(=O)NCCCC[C@@H](NC(=O)[C@H](Cc1ccc(O)cc1)NC(=O)[C@H](CO)NC(=O)[C@H](Cc1c[nH]c2ccccc12)NC(=O)[C@H](Cc1c[nH]cn1)NC(=O)[C@@H]1CCC(=O)N1)C(=O)N[C@@H](CC(C)C)C(=O)N[C@@H](CCCNC(=N)N)C(=O)N1CCC[C@H]1C(=O)NCC(N)=O)C[C@@H]3O[C@H]1C[C@H](N)[C@H](O)[C@H](C)O1,CHEMBL1855,Gonadotropin-releasing hormone receptor,AGONIST,Gonadotropin-releasing hormone receptor agonist,3
CHEMBL596802,PRIDOPIDINE,CCCN1CCC(c2cccc(S(C)(=O)=O)c2)CC1,CHEMBL217,D(2) dopamine receptor,MODULATOR,Dopamine D2 receptor modulator,3
CHEMBL2151572,ENCENICLINE,O=C(N[C@H]1CN2CCC1CC2)c1cc2cccc(Cl)c2s1,CHEMBL2492,Neuronal acetylcholine receptor subunit alpha-7,PARTIAL AGONIST,Neuronal acetylcholine receptor protein alpha-7 subunit partial agonist,3
CHEMBL2107771,RALFINAMIDE,C[C@H](NCc1ccc(OCc2ccccc2F)cc1)C(N)=O,CHEMBL4478,Voltage-dependent N-type calcium channel subunit alpha-1B,BLOCKER,Voltage-gated N-type calcium channel alpha-1B subunit blocker,3
CHEMBL2107771,RALFINAMIDE,C[C@H](NCc1ccc(OCc2ccccc2F)cc1)C(N)=O,CHEMBL2039,Amine oxidase [flavin-containing] B,INHIBITOR,Monoamine oxidase B inhibitor,3
CHEMBL2107771,RALFINAMIDE,C[C@H](NCc1ccc(OCc2ccccc2F)cc1)C(N)=O,CHEMBL2331043,Sodium channel alpha subunit,BLOCKER,Sodium channel alpha subunit blocker,3
CHEMBL2107771,RALFINAMIDE,C[C@H](NCc1ccc(OCc2ccccc2F)cc1)C(N)=O,CHEMBL2094124,Glutamate [NMDA] receptor,ANTAGONIST,Glutamate [NMDA] receptor antagonist,3
CHEMBL2103881,DEXMECAMYLAMINE,CN[C@@]1(C)[C@@H]2CC[C@@H](C2)C1(C)C,CHEMBL1907589,Neuronal acetylcholine receptor; alpha4/beta2,ANTAGONIST,Neuronal acetylcholine receptor; alpha4/beta2 antagonist,3
CHEMBL2386081,SETIPIPRANT,O=C(O)Cn1c2c(c3cc(F)ccc31)CN(C(=O)c1cccc3ccccc13)CC2,CHEMBL5071,Prostaglandin D2 receptor 2,ANTAGONIST,G protein-coupled receptor 44 antagonist,3
CHEMBL3545043,ASAPIPRANT,CC(C)Oc1ccc(S(=O)(=O)N2CCN(c3ccc(-c4ncco4)c(OCC(=O)O)c3)CC2)cc1,CHEMBL4427,Prostaglandin D2 receptor,ANTAGONIST,Prostanoid DP receptor antagonist,3
CHEMBL572881,MOTESANIB,CC1(C)CNc2cc(NC(=O)c3cccnc3NCc3ccncc3)ccc21,CHEMBL1936,Mast/stem cell growth factor receptor Kit,INHIBITOR,Stem cell growth factor receptor inhibitor,3
CHEMBL572881,MOTESANIB,CC1(C)CNc2cc(NC(=O)c3cccnc3NCc3ccncc3)ccc21,CHEMBL2041,Proto-oncogene tyrosine-protein kinase receptor Ret,INHIBITOR,Tyrosine-protein kinase receptor RET inhibitor,3
CHEMBL572881,MOTESANIB,CC1(C)CNc2cc(NC(=O)c3cccnc3NCc3ccncc3)ccc21,CHEMBL2095227,Vascular endothelial growth factor receptor,INHIBITOR,Vascular endothelial growth factor receptor inhibitor,3
CHEMBL572881,MOTESANIB,CC1(C)CNc2cc(NC(=O)c3cccnc3NCc3ccncc3)ccc21,CHEMBL2095189,Platelet-derived growth factor receptor,INHIBITOR,Platelet-derived growth factor receptor inhibitor,3
CHEMBL3306803,LUMATEPERONE,CN1CCN2c3c(cccc31)[C@@H]1CN(CCCC(=O)c3ccc(F)cc3)CC[C@@H]12,CHEMBL224,5-hydroxytryptamine receptor 2A,ANTAGONIST,Serotonin 2a (5-HT2a) receptor antagonist,4
CHEMBL3306803,LUMATEPERONE,CN1CCN2c3c(cccc31)[C@@H]1CN(CCCC(=O)c3ccc(F)cc3)CC[C@@H]12,CHEMBL217,D(2) dopamine receptor,ANTAGONIST,Dopamine D2 receptor antagonist,4
CHEMBL3306803,LUMATEPERONE,CN1CCN2c3c(cccc31)[C@@H]1CN(CCCC(=O)c3ccc(F)cc3)CC[C@@H]12,CHEMBL228,Sodium-dependent serotonin transporter,INHIBITOR,Serotonin transporter inhibitor,4
CHEMBL2103836,IMAGABALIN,CCC[C@@H](C)C[C@H](N)CC(=O)O,CHEMBL2363032,Voltage-gated calcium channel,MODULATOR,Voltage-gated calcium channel modulator,3
CHEMBL262075,INDIPLON,CC(=O)N(C)c1cccc(-c2ccnc3c(C(=O)c4cccs4)cnn23)c1,CHEMBL1962,Gamma-aminobutyric acid receptor subunit alpha-1,POSITIVE ALLOSTERIC MODULATOR,GABA receptor alpha-1 subunit positive allosteric modulator,3
CHEMBL3039514,ELBASVIR,COC(=O)N[C@H](C(=O)N1CCC[C@H]1c1nc(-c2ccc3c(c2)O[C@@H](c2ccccc2)n2c-3cc3cc(-c4c[nH]c([C@@H]5CCCN5C(=O)[C@@H](NC(=O)OC)C(C)C)n4)ccc32)c[nH]1)C(C)C,CHEMBL3307224,Nonstructural protein 5A,INHIBITOR,Nonstructural protein 5A inhibitor,4
CHEMBL2063090,GRAZOPREVIR ANHYDROUS,C=C[C@@H]1C[C@]1(NC(=O)[C@@H]1C[C@@H]2CN1C(=O)[C@H](C(C)(C)C)NC(=O)O[C@@H]1C[C@H]1CCCCCc1nc3ccc(OC)cc3nc1O2)C(=O)NS(=O)(=O)C1CC1,CHEMBL2095231,"Hepatitis C virus serine protease, NS3/NS4A",INHIBITOR,"Hepatitis C virus serine protease, NS3/NS4A inhibitor",4
CHEMBL607400,BRIVARACETAM,CCC[C@@H]1CC(=O)N([C@@H](CC)C(N)=O)C1,CHEMBL1998,Synaptic vesicle glycoprotein 2A,MODULATOR,Synaptic vesicle glycoprotein 2A modulator,4
CHEMBL3137309,VENETOCLAX,CC1(C)CCC(CN2CCN(c3ccc(C(=O)NS(=O)(=O)c4ccc(NCC5CCOCC5)c([N+](=O)[O-])c4)c(Oc4cnc5[nH]ccc5c4)c3)CC2)=C(c2ccc(Cl)cc2)C1,CHEMBL4860,Apoptosis regulator Bcl-2,INHIBITOR,Apoptosis regulator Bcl-2 inhibitor,4
CHEMBL1255654,TETRACAINE HYDROCHLORIDE,CCCCNc1ccc(C(=O)OCCN(C)C)cc1.Cl,CHEMBL2331043,Sodium channel alpha subunit,BLOCKER,Sodium channel alpha subunit blocker,4
CHEMBL1201341,ECHOTHIOPHATE,CCOP(=O)(OCC)SCC[N+](C)(C)C,CHEMBL220,Acetylcholinesterase,INHIBITOR,Acetylcholinesterase inhibitor,4
CHEMBL1083390,INTEPIRDINE,O=S(=O)(c1ccccc1)c1cnc2c(N3CCNCC3)cccc2c1,CHEMBL3371,5-hydroxytryptamine receptor 6,ANTAGONIST,Serotonin 6 (5-HT6) receptor antagonist,3
CHEMBL113461,TEDISAMIL,C1CCC2(C1)C1CN(CC3CC3)CC2CN(CC2CC2)C1,CHEMBL2362996,Voltage-gated potassium channel,BLOCKER,Voltage-gated potassium channel blocker,3
CHEMBL2107359,PAFURAMIDINE MALEATE,CONC(=N)c1ccc(-c2ccc(-c3ccc(C(=N)NOC)cc3)o2)cc1.O=C(O)/C=C\C(=O)O,CHEMBL2366047,Kinetoplast DNA,INHIBITOR,Kinetoplast DNA inhibitor,3
CHEMBL1516,OLMESARTAN,CCCc1nc(C(C)(C)O)c(C(=O)O)n1Cc1ccc(-c2ccccc2-c2nnn[nH]2)cc1,CHEMBL227,Type-1 angiotensin II receptor,ANTAGONIST,Type-1 angiotensin II receptor antagonist,3
CHEMBL289228,TIPIFARNIB,Cn1cncc1[C@@](N)(c1ccc(Cl)cc1)c1ccc2c(c1)c(-c1cccc(Cl)c1)cc(=O)n2C,CHEMBL2094108,Protein farnesyltransferase,INHIBITOR,Protein farnesyltransferase inhibitor,3
CHEMBL2103778,CILANSETRON,Cc1nccn1C[C@H]1CCc2c(c3cccc4c3n2CCC4)C1=O,CHEMBL2111332,Serotonin 3 (5-HT3) receptor,ANTAGONIST,Serotonin 3 (5-HT3) receptor antagonist,2
CHEMBL348475,TARIQUIDAR,COc1cc2c(cc1OC)CN(CCc1ccc(NC(=O)c3cc(OC)c(OC)cc3NC(=O)c3cnc4ccccc4c3)cc1)CC2,CHEMBL4302,ATP-dependent translocase ABCB1,INHIBITOR,P-glycoprotein 1 inhibitor,3
CHEMBL395091,ESKETAMINE,CN[C@]1(c2ccccc2Cl)CCCCC1=O,CHEMBL2094124,Glutamate [NMDA] receptor,NEGATIVE ALLOSTERIC MODULATOR,Glutamate [NMDA] receptor negative allosteric modulator,4
CHEMBL2103793,AGATOLIMOD SODIUM,Cc1cn([C@H]2C[C@H](OP([O-])(=S)OC[C@H]3O[C@@H](n4cc(C)c(=O)[nH]c4=O)C[C@@H]3OP([O-])(=S)OC[C@H]3O[C@@H](n4cnc5c(=O)[nH]c(N)nc54)C[C@@H]3OP([O-])(=S)OC[C@H]3O[C@@H](n4ccc(N)nc4=O)C[C@@H]3OP([O-])(=S)OC[C@H]3O[C@@H](n4cc(C)c(=O)[nH]c4=O)C[C@@H]3OP([O-])(=S)OC[C@H]3O[C@@H](n4cnc5c(=O)[nH]c(N)nc54)C[C@@H]3OP([O-])(=S)OC[C@H]3O[C@@H](n4cc(C)c(=O)[nH]c4=O)C[C@@H]3OP([O-])(=S)OC[C@H]3O[C@@H](n4cc(C)c(=O)[nH]c4=O)C[C@@H]3OP([O-])(=S)OC[C@H]3O[C@@H](n4cc(C)c(=O)[nH]c4=O)C[C@@H]3OP([O-])(=S)OC[C@H]3O[C@@H](n4cc(C)c(=O)[nH]c4=O)C[C@@H]3OP([O-])(=S)OC[C@H]3O[C@@H](n4cnc5c(=O)[nH]c(N)nc54)C[C@@H]3OP([O-])(=S)OC[C@H]3O[C@@H](n4ccc(N)nc4=O)C[C@@H]3OP([O-])(=S)OC[C@H]3O[C@@H](n4cc(C)c(=O)[nH]c4=O)C[C@@H]3OP([O-])(=S)OC[C@H]3O[C@@H](n4cnc5c(=O)[nH]c(N)nc54)C[C@@H]3OP([O-])(=S)OC[C@H]3O[C@@H](n4cc(C)c(=O)[nH]c4=O)C[C@@H]3OP([O-])(=S)OC[C@H]3O[C@@H](n4cc(C)c(=O)[nH]c4=O)C[C@@H]3OP([O-])(=S)OC[C@H]3O[C@@H](n4cc(C)c(=O)[nH]c4=O)C[C@@H]3OP([O-])(=S)OC[C@H]3O[C@@H](n4cc(C)c(=O)[nH]c4=O)C[C@@H]3OP([O-])(=S)OC[C@H]3O[C@@H](n4cnc5c(=O)[nH]c(N)nc54)C[C@@H]3OP([O-])(=S)OC[C@H]3O[C@@H](n4ccc(N)nc4=O)C[C@@H]3OP([O-])(=S)OC[C@H]3O[C@@H](n4cc(C)c(=O)[nH]c4=O)C[C@@H]3OP([O-])(=S)OC[C@H]3O[C@@H](n4cnc5c(=O)[nH]c(N)nc54)C[C@@H]3OP([O-])(=S)OC[C@H]3O[C@@H](n4ccc(N)nc4=O)C[C@@H]3OP([O-])(=S)OC[C@H]3O[C@@H](n4cc(C)c(=O)[nH]c4=O)C[C@@H]3O)[C@@H](CO)O2)c(=O)[nH]c1=O.[Na+].[Na+].[Na+].[Na+].[Na+].[Na+].[Na+].[Na+].[Na+].[Na+].[Na+].[Na+].[Na+].[Na+].[Na+].[Na+].[Na+].[Na+].[Na+].[Na+].[Na+].[Na+].[Na+],CHEMBL5804,Toll-like receptor 9,AGONIST,Toll-like receptor 9 agonist,3
CHEMBL1800807,ANACETRAPIB,COc1cc(F)c(C(C)C)cc1-c1ccc(C(F)(F)F)cc1CN1C(=O)O[C@H](c2cc(C(F)(F)F)cc(C(F)(F)F)c2)[C@@H]1C,CHEMBL3572,Cholesteryl ester transfer protein,INHIBITOR,Cholesteryl ester transfer protein inhibitor,3
CHEMBL57242,AZILSARTAN,CCOc1nc2cccc(C(=O)O)c2n1Cc1ccc(-c2ccccc2-c2noc(=O)[nH]2)cc1,CHEMBL227,Type-1 angiotensin II receptor,ANTAGONIST,Type-1 angiotensin II receptor antagonist,3
CHEMBL2103796,BERUBICIN HYDROCHLORIDE,COc1cccc2c1C(=O)c1c(O)c3c(c(O)c1C2=O)C[C@@](O)(C(=O)CO)C[C@@H]3O[C@H]1C[C@H](N)[C@H](OCc2ccccc2)[C@H](C)O1.Cl,CHEMBL2094255,DNA topoisomerase II,INHIBITOR,DNA topoisomerase II inhibitor,2
CHEMBL512351,BETRIXABAN,COc1ccc(NC(=O)c2ccc(C(=N)N(C)C)cc2)c(C(=O)Nc2ccc(Cl)cn2)c1,CHEMBL244,Coagulation factor X,INHIBITOR,Coagulation factor X inhibitor,4
CHEMBL313006,DALCETRAPIB,CCC(CC)CC1(C(=O)Nc2ccccc2SC(=O)C(C)C)CCCCC1,CHEMBL3572,Cholesteryl ester transfer protein,INHIBITOR,Cholesteryl ester transfer protein inhibitor,3
CHEMBL2103810,EZATIOSTAT HYDROCHLORIDE,CCOC(=O)[C@@H](N)CCC(=O)N[C@@H](CSCc1ccccc1)C(=O)N[C@@H](C(=O)OCC)c1ccccc1.Cl,CHEMBL3902,Glutathione S-transferase P,INHIBITOR,Glutathione S-transferase Pi inhibitor,2
CHEMBL49642,INDIBULIN,O=C(Nc1ccncc1)C(=O)c1cn(Cc2ccc(Cl)cc2)c2ccccc12,CHEMBL2095182,Tubulin,INHIBITOR,Tubulin inhibitor,2
CHEMBL2103815,LARAZOTIDE ACETATE,CC(=O)O.CC(C)C[C@H](NC(=O)[C@@H](NC(=O)CNC(=O)CN)C(C)C)C(=O)N[C@H](C(=O)N[C@@H](CCC(N)=O)C(=O)N1CCC[C@H]1C(=O)NCC(=O)O)C(C)C,CHEMBL1907594,Neuronal acetylcholine receptor; alpha3/beta4,PARTIAL AGONIST,Neuronal acetylcholine receptor; alpha3/beta4 partial agonist,3
CHEMBL481611,ODANACATIB,CC(C)(F)C[C@H](N[C@@H](c1ccc(-c2ccc(S(C)(=O)=O)cc2)cc1)C(F)(F)F)C(=O)NC1(C#N)CC1,CHEMBL268,Cathepsin K,INHIBITOR,Cathepsin K inhibitor,3
CHEMBL459505,TALAROZOLE,CCC(CC)C(c1ccc(Nc2nc3ccccc3s2)cc1)n1cncn1,CHEMBL5141,Cytochrome P450 26A1,INHIBITOR,Cytochrome P450 26A1 inhibitor,2
CHEMBL48361,DABIGATRAN,Cn1c(CNc2ccc(C(=N)N)cc2)nc2cc(C(=O)N(CCC(=O)O)c3ccccn3)ccc21,CHEMBL204,Prothrombin,INHIBITOR,Thrombin inhibitor,3
CHEMBL2103826,DAVUNETIDE,CC[C@H](C)[C@H](NC(=O)[C@H](CO)NC(=O)[C@@H](NC(=O)[C@@H]1CCCN1C(=O)[C@H](C)NC(=O)[C@@H](N)CC(N)=O)C(C)C)C(=O)N1CCC[C@H]1C(=O)N[C@@H](CCC(N)=O)C(=O)O,CHEMBL2095182,Tubulin,STABILISER,Tubulin stabiliser,2
CHEMBL515387,GOSOGLIPTIN,O=C([C@@H]1C[C@H](N2CCN(c3ncccn3)CC2)CN1)N1CCC(F)(F)C1,CHEMBL284,Dipeptidyl peptidase 4,INHIBITOR,Dipeptidyl peptidase IV inhibitor,4
CHEMBL2103831,NAPROXCINOD,COc1ccc2cc([C@H](C)C(=O)OCCCCO[N+](=O)[O-])ccc2c1,CHEMBL2094253,Cyclooxygenase,INHIBITOR,Cyclooxygenase inhibitor,3
CHEMBL889,PALIFOSFAMIDE,O=P(O)(NCCCl)NCCCl,CHEMBL2311221,DNA,CROSS-LINKING AGENT,DNA cross-linking agent,3
CHEMBL2103832,PARDOPRUNOX,CN1CCN(c2cccc3[nH]c(=O)oc23)CC1,CHEMBL2095169,Dopamine receptors; D2 & D3,PARTIAL AGONIST,Dopamine receptors; D2 & D3 partial agonist,3
CHEMBL148674,VARESPLADIB,CCc1c(C(=O)C(N)=O)c2c(OCC(=O)O)cccc2n1Cc1ccccc1,CHEMBL3474,"Phospholipase A2, membrane associated",INHIBITOR,Phospholipase A2 group IIA inhibitor,2
CHEMBL2103837,TAFAMIDIS,O=C(O)c1ccc2nc(-c3cc(Cl)cc(Cl)c3)oc2c1,CHEMBL3194,Transthyretin,STABILISER,Transthyretin stabiliser,4
CHEMBL2103839,RIDAFOROLIMUS,CO[C@H]1C[C@@H]2CC[C@@H](C)[C@@](O)(O2)C(=O)C(=O)N2CCCC[C@H]2C(=O)O[C@H]([C@H](C)C[C@@H]2CC[C@@H](OP(C)(C)=O)[C@H](OC)C2)CC(=O)[C@H](C)/C=C(\C)[C@@H](O)[C@@H](OC)C(=O)[C@H](C)C[C@H](C)/C=C/C=C/C=C/1C,CHEMBL2842,Serine/threonine-protein kinase mTOR,INHIBITOR,Serine/threonine-protein kinase mTOR inhibitor,3
CHEMBL2103844,PIXANTRONE DIMALEATE,NCCNc1ccc(NCCN)c2c1C(=O)c1ccncc1C2=O.O=C(O)/C=C\C(=O)O.O=C(O)/C=C\C(=O)O,CHEMBL2311221,DNA,CROSS-LINKING AGENT,DNA cross-linking agent,4
CHEMBL2103846,ULIPRISTAL,CC(=O)[C@@]1(O)CC[C@H]2[C@@H]3CCC4=CC(=O)CCC4=C3[C@@H](c3ccc(N(C)C)cc3)C[C@@]21C,CHEMBL208,Progesterone receptor,MODULATOR,Progesterone receptor modulator,3
CHEMBL2103847,TOSEDOSTAT,CC(C)C[C@@H](C(=O)N[C@H](C(=O)OC1CCCC1)c1ccccc1)[C@H](O)C(=O)NO,CHEMBL3831223,Aminopeptidase,INHIBITOR,Aminopeptidase inhibitor,2
CHEMBL2103849,UDENAFIL,CCCOc1ccc(S(=O)(=O)NCCC2CCCN2C)cc1-c1nc2c(CCC)nn(C)c2c(=O)[nH]1,CHEMBL1827,"cGMP-specific 3',5'-cyclic phosphodiesterase",INHIBITOR,Phosphodiesterase 5A inhibitor,3
CHEMBL2103852,CROLIBULIN,COc1cc([C@H]2C(C#N)=C(N)Oc3c2ccc(N)c3N)cc(Br)c1OC,CHEMBL2095182,Tubulin,INHIBITOR,Tubulin inhibitor,2
CHEMBL286738,IROSUSTAT,NS(=O)(=O)Oc1ccc2c3c(c(=O)oc2c1)CCCCC3,CHEMBL3559,Steryl-sulfatase,INHIBITOR,Steryl-sulfatase inhibitor,2
CHEMBL2103855,TELOTRISTAT,Cc1ccn(-c2cc(Cl)ccc2[C@@H](Oc2cc(-c3ccc(C[C@H](N)C(=O)O)cc3)nc(N)n2)C(F)(F)F)n1,CHEMBL3831287,Tryptophan 5-hydroxylase,INHIBITOR,Tryptophan 5-hydroxylase inhibitor,3
CHEMBL2103857,EDIVOXETINE,COc1ccc(F)cc1C[C@@](O)(C1CCOCC1)[C@@H]1CNCCO1,CHEMBL222,Sodium-dependent noradrenaline transporter,INHIBITOR,Norepinephrine transporter inhibitor,3
CHEMBL218650,DELAMANID,C[C@]1(COc2ccc(N3CCC(Oc4ccc(OC(F)(F)F)cc4)CC3)cc2)Cn2cc([N+](=O)[O-])nc2O1,CHEMBL2111188,Mycobacterium tuberculosis H37Rv,INHIBITOR,Mycobacterium tuberculosis H37Rv inhibitor,4
CHEMBL1922660,FIBOFLAPON,CCOc1ccc(-c2ccc(Cn3c(CC(C)(C)C(=O)O)c(SC(C)(C)C)c4cc(OCc5ccc(C)cn5)ccc43)cc2)cn1,CHEMBL4550,Arachidonate 5-lipoxygenase-activating protein,INHIBITOR,5-lipoxygenase activating protein inhibitor,3
CHEMBL552212,LEXIBULIN,CCC[C@H](Nc1nc(-c2ccc(NC(=O)NCC)c(OC)c2)ncc1C)c1cccnc1,CHEMBL2095182,Tubulin,INHIBITOR,Tubulin inhibitor,2
CHEMBL2103867,PLECANATIDE,CC(C)C[C@H](NC(=O)[C@@H]1CSSC[C@@H]2NC(=O)[C@H](CC(C)C)NC(=O)[C@H](CCC(=O)O)NC(=O)[C@@H](NC(=O)[C@H](CCC(=O)O)NC(=O)[C@H](CC(=O)O)NC(=O)[C@@H](N)CC(N)=O)CSSC[C@H](NC(=O)[C@H](C)NC(=O)[C@H](C(C)C)NC(=O)[C@H](CC(N)=O)NC(=O)[C@H](C(C)C)NC2=O)C(=O)N[C@@H]([C@@H](C)O)C(=O)NCC(=O)N1)C(=O)O,CHEMBL1795197,Guanylyl cyclase C,AGONIST,Heat-stable enterotoxin receptor agonist,4
CHEMBL1922673,FIBOFLAPON SODIUM,CCOc1ccc(-c2ccc(Cn3c(CC(C)(C)C(=O)[O-])c(SC(C)(C)C)c4cc(OCc5ccc(C)cn5)ccc43)cc2)cn1.[Na+],CHEMBL4550,Arachidonate 5-lipoxygenase-activating protein,INHIBITOR,5-lipoxygenase activating protein inhibitor,3
CHEMBL2017179,EVACETRAPIB,Cc1cc(C)c2c(c1)[C@@H](N(Cc1cc(C(F)(F)F)cc(C(F)(F)F)c1)c1nnn(C)n1)CCCN2C[C@H]1CC[C@H](C(=O)O)CC1,CHEMBL3572,Cholesteryl ester transfer protein,INHIBITOR,Cholesteryl ester transfer protein inhibitor,3
CHEMBL2103879,GANETESPIB,CC(C)c1cc(-c2n[nH]c(=O)n2-c2ccc3c(ccn3C)c2)c(O)cc1O,CHEMBL2095165,Heat shock protein HSP90,INHIBITOR,Heat shock protein HSP90 inhibitor,3
CHEMBL117287,PRUCALOPRIDE,COCCCN1CCC(NC(=O)c2cc(Cl)c(N)c3c2OCC3)CC1,CHEMBL1875,5-hydroxytryptamine receptor 4,AGONIST,Serotonin 4 (5-HT4) receptor agonist,4
CHEMBL2103883,AVATROMBOPAG,O=C(Nc1nc(-c2cc(Cl)cs2)c(N2CCN(C3CCCCC3)CC2)s1)c1cnc(N2CCC(C(=O)O)CC2)c(Cl)c1,CHEMBL1864,Thrombopoietin receptor,AGONIST,Thrombopoietin receptor agonist,4
CHEMBL2103884,OPROZOMIB,COC[C@H](NC(=O)c1cnc(C)s1)C(=O)N[C@@H](COC)C(=O)N[C@@H](Cc1ccccc1)C(=O)[C@@]1(C)CO1,CHEMBL2364701,26S proteasome,INHIBITOR,26S proteasome inhibitor,2
CHEMBL298734,LONAFARNIB,NC(=O)N1CCC(CC(=O)N2CCC([C@H]3c4ncc(Br)cc4CCc4cc(Cl)cc(Br)c43)CC2)CC1,CHEMBL2094108,Protein farnesyltransferase,INHIBITOR,Protein farnesyltransferase inhibitor,4
CHEMBL3301672,ERITORAN TETRASODIUM,CCCCCC/C=C\CCCCCCCCCC(=O)N[C@H]1[C@H](OC[C@H]2O[C@H](OP(=O)([O-])[O-])[C@H](NC(=O)CC(=O)CCCCCCCCCCC)[C@@H](OCCCCCCCCCC)[C@@H]2O)O[C@H](COC)[C@@H](OP(=O)([O-])[O-])[C@@H]1OCC[C@@H](CCCCCCC)OC.[Na+].[Na+].[Na+].[Na+],CHEMBL3038512,Toll-like receptor 4/MD-2,ANTAGONIST,Toll-like receptor 4/MD-2 antagonist,3
CHEMBL2104967,FIRATEGRAST,CCOCc1cc(OC)c(-c2ccc(C[C@H](NC(=O)c3c(F)cccc3F)C(=O)O)cc2)c(OC)c1,CHEMBL1907599,Integrin alpha-4/beta-1,ANTAGONIST,Integrin alpha-4/beta-1 antagonist,2
CHEMBL2104981,RILAPLADIB,COCCN1CCC(N(Cc2ccc(-c3ccc(C(F)(F)F)cc3)cc2)C(=O)Cn2c(SCc3cccc(F)c3F)cc(=O)c3ccccc32)CC1,CHEMBL3514,Platelet-activating factor acetylhydrolase,INHIBITOR,LDL-associated phospholipase A2 inhibitor,2
CHEMBL90983,TERAMEPROCOL,COc1ccc(C[C@@H](C)[C@@H](C)Cc2ccc(OC)c(OC)c2)cc1OC,CHEMBL2311221,DNA,INHIBITOR,DNA inhibitor,2
CHEMBL3989496,TEZACITABINE,Nc1ccn([C@@H]2O[C@H](CO)[C@@H](O)/C2=C\F)c(=O)n1.O,CHEMBL2095215,Ribonucleoside-diphosphate reductase RR1,INHIBITOR,Ribonucleoside-diphosphate reductase RR1 inhibitor,2
CHEMBL235191,TACEDINALINE,CC(=O)Nc1ccc(C(=O)Nc2ccccc2N)cc1,CHEMBL2093865,Histone deacetylase,INHIBITOR,Histone deacetylase inhibitor,3
CHEMBL5314374,IDRAPARINUX SODIUM,CO[C@H]1O[C@H](COS(=O)(=O)[O-])[C@@H](O[C@@H]2O[C@@H](C(=O)[O-])[C@@H](O[C@H]3O[C@H](COS(=O)(=O)[O-])[C@@H](O[C@@H]4O[C@H](C(=O)[O-])[C@@H](O[C@H]5O[C@H](COS(=O)(=O)[O-])[C@@H](OC)[C@H](OC)[C@H]5OC)[C@H](OC)[C@H]4OC)[C@H](OS(=O)(=O)[O-])[C@H]3OS(=O)(=O)[O-])[C@H](OC)[C@H]2OC)[C@H](OS(=O)(=O)[O-])[C@H]1OS(=O)(=O)[O-].[Na+].[Na+].[Na+].[Na+].[Na+].[Na+].[Na+].[Na+].[Na+],CHEMBL244,Coagulation factor X,INHIBITOR,Coagulation factor X inhibitor,3
CHEMBL2110725,VINFLUNINE,CC[C@]12C=CCN3CC[C@@]4(c5cc([C@@]6(C(=O)OC)C[C@@H]7C[C@@H](C(C)(F)F)CN(Cc8c6[nH]c6ccccc86)C7)c(OC)cc5N(C)[C@H]4[C@@](O)(C(=O)OC)[C@@H]1OC(C)=O)[C@@H]32,CHEMBL2095182,Tubulin,INHIBITOR,Tubulin inhibitor,4
CHEMBL429876,CILENGITIDE,CC(C)[C@H]1C(=O)N[C@@H](CCCNC(=N)N)C(=O)NCC(=O)N[C@@H](CC(=O)O)C(=O)N[C@H](Cc2ccccc2)C(=O)N1C,CHEMBL1907598,Integrin alpha-V/beta-3,ANTAGONIST,Integrin alpha-V/beta-3 antagonist,3
CHEMBL325424,ALEPLASININ,Cc1cccc(-c2ccc3c(c2)c(C(=O)C(=O)O)cn3Cc2ccc(C(C)(C)C)cc2)c1,CHEMBL3475,Plasminogen activator inhibitor 1,INHIBITOR,Plasminogen activator inhibitor-1 inhibitor,2
CHEMBL591118,CARMEGLIPTIN,COc1cc2c(cc1OC)[C@@H]1C[C@H](N)[C@@H](N3C[C@@H](CF)CC3=O)CN1CC2,CHEMBL284,Dipeptidyl peptidase 4,INHIBITOR,Dipeptidyl peptidase IV inhibitor,2
CHEMBL27759,ENTINOSTAT,Nc1ccccc1NC(=O)c1ccc(CNC(=O)OCc2cccnc2)cc1,CHEMBL2093865,Histone deacetylase,INHIBITOR,Histone deacetylase inhibitor,3
CHEMBL315985,ESLICARBAZEPINE,NC(=O)N1c2ccccc2C[C@H](O)c2ccccc21,CHEMBL2331043,Sodium channel alpha subunit,BLOCKER,Sodium channel alpha subunit blocker,2
CHEMBL289351,FOSBRETABULIN DISODIUM,COc1ccc(/C=C\c2cc(OC)c(OC)c(OC)c2)cc1OP(=O)([O-])[O-].[Na+].[Na+],CHEMBL2095182,Tubulin,INHIBITOR,Tubulin inhibitor,2
CHEMBL2105643,FOSBRETABULIN TROMETHAMINE,COc1ccc(/C=C\c2cc(OC)c(OC)c(OC)c2)cc1OP(=O)(O)O.NC(CO)(CO)CO,CHEMBL2095182,Tubulin,DISRUPTING AGENT,Tubulin disrupting agent,2
CHEMBL272980,MOCETINOSTAT,Nc1ccccc1NC(=O)c1ccc(CNc2nccc(-c3cccnc3)n2)cc1,CHEMBL325,Histone deacetylase 1,INHIBITOR,Histone deacetylase 1 inhibitor,2
CHEMBL2028665,REMOGLIFLOZIN ETABONATE,CCOC(=O)OC[C@H]1O[C@@H](Oc2nn(C(C)C)c(C)c2Cc2ccc(OC(C)C)cc2)[C@H](O)[C@@H](O)[C@@H]1O,CHEMBL3884,Sodium/glucose cotransporter 2,INHIBITOR,Sodium/glucose cotransporter 2 inhibitor,2
CHEMBL377559,RETASPIMYCIN HYDROCHLORIDE,C=CCNc1c(O)cc2c(O)c1C[C@@H](C)C[C@H](OC)[C@H](O)[C@@H](C)/C=C(\C)[C@H](OC(N)=O)[C@@H](OC)/C=C\C=C(/C)C(=O)N2.Cl,CHEMBL2095165,Heat shock protein HSP90,INHIBITOR,Heat shock protein HSP90 inhibitor,3
CHEMBL2304041,SAGOPILONE,C=CC[C@H]1C(=O)C(C)(C)[C@@H](O)CC(=O)O[C@H](c2ccc3sc(C)nc3c2)C[C@@H]2O[C@]2(C)CCC[C@H](C)[C@@H]1O,CHEMBL2095182,Tubulin,STABILISER,Tubulin stabiliser,2
CHEMBL2105659,VARESPLADIB METHYL,CCc1c(C(=O)C(N)=O)c2c(OCC(=O)OC)cccc2n1Cc1ccccc1,CHEMBL3474,"Phospholipase A2, membrane associated",INHIBITOR,Phospholipase A2 group IIA inhibitor,3
CHEMBL2105661,LITRONESIB,CCNCCS(=O)(=O)NC[C@@]1(c2ccccc2)SC(NC(=O)C(C)(C)C)=NN1C(=O)C(C)(C)C,CHEMBL4581,Kinesin-like protein KIF11,INHIBITOR,Kinesin-like protein 1 inhibitor,2
CHEMBL2105665,ELACYTARABINE,CCCCCCCC/C=C/CCCCCCCC(=O)OC[C@H]1O[C@@H](n2ccc(N)nc2=O)[C@@H](O)[C@@H]1O,CHEMBL2311221,DNA,INHIBITOR,DNA inhibitor,3
CHEMBL190412,TEGLARINAD CHLORIDE,COCCOCCOCCOCCOC(=O)OC[n+]1ccc(N/C(=N/C#N)NCCCCCCOc2ccc(Cl)cc2)cc1.[Cl-],CHEMBL1744525,Nicotinamide phosphoribosyltransferase,INHIBITOR,Nicotinamide phosphoribosyltransferase inhibitor,2
CHEMBL371405,MARIZOMIB,C[C@@]12OC(=O)[C@]1([C@@H](O)[C@@H]1C=CCCC1)NC(=O)[C@@H]2CCCl,CHEMBL3831201,20S proteasome,INHIBITOR,20S proteasome inhibitor,3
CHEMBL1800955,OMECAMTIV MECARBIL,COC(=O)N1CCN(Cc2cccc(NC(=O)Nc3ccc(C)nc3)c2F)CC1,CHEMBL3831286,Cardiac myosin,ACTIVATOR,Cardiac myosin activator,3
CHEMBL1096380,PLINABULIN,CC(C)(C)c1[nH]cnc1/C=c1\[nH]c(=O)/c(=C/c2ccccc2)[nH]c1=O,CHEMBL2095182,Tubulin,INHIBITOR,Tubulin inhibitor,3
CHEMBL506871,VELIPARIB,C[C@]1(c2nc3c(C(N)=O)cccc3[nH]2)CCCN1,CHEMBL3390820,"PARP 1, 2 and 3",INHIBITOR,"PARP 1, 2 and 3 inhibitor",3
CHEMBL2105671,AFEGOSTAT TARTRATE,O=C(O)C(O)C(O)C(=O)O.OC[C@H]1CNC[C@@H](O)[C@@H]1O,CHEMBL2179,Lysosomal acid glucosylceramidase,STABILISER,Beta-glucocerebrosidase stabiliser,2
CHEMBL2105675,TAFAMIDIS MEGLUMINE,CNC[C@H](O)[C@@H](O)[C@H](O)[C@H](O)CO.O=C(O)c1ccc2nc(-c3cc(Cl)cc(Cl)c3)oc2c1,CHEMBL3194,Transthyretin,STABILISER,Transthyretin stabiliser,4
CHEMBL460785,DUVOGLUSTAT HYDROCHLORIDE,Cl.OC[C@H]1NC[C@H](O)[C@@H](O)[C@@H]1O,CHEMBL2608,Lysosomal alpha-glucosidase,STABILISER,Lysosomal alpha-glucosidase stabiliser,2
CHEMBL2105681,SAPACITABINE,CCCCCCCCCCCCCCCC(=O)Nc1ccn([C@@H]2O[C@H](CO)[C@@H](O)[C@@H]2C#N)c(=O)n1,CHEMBL2311221,DNA,INHIBITOR,DNA inhibitor,3
CHEMBL2105683,NAPROXEN ETEMESIL,COc1ccc2cc([C@H](C)C(=O)OCCS(C)(=O)=O)ccc2c1,CHEMBL2094253,Cyclooxygenase,INHIBITOR,Cyclooxygenase inhibitor,2
CHEMBL1095032,LETAXABAN,O=C([C@H](O)CS(=O)(=O)c1ccc2cc(Cl)ccc2c1)N1CCC(N2CCCNC2=O)CC1,CHEMBL244,Coagulation factor X,INHIBITOR,Coagulation factor X inhibitor,2
CHEMBL301742,ARBACLOFEN,NC[C@H](CC(=O)O)c1ccc(Cl)cc1,CHEMBL2111463,GABA-B receptor,AGONIST,GABA-B receptor agonist,3
CHEMBL2105711,TOFOGLIFLOZIN,CCc1ccc(Cc2ccc3c(c2)[C@]2(OC3)O[C@H](CO)[C@@H](O)[C@H](O)[C@H]2O)cc1.O,CHEMBL3884,Sodium/glucose cotransporter 2,INHIBITOR,Sodium/glucose cotransporter 2 inhibitor,4
CHEMBL2105721,NIVOCASAN,CC(C)[C@@]1(C(=O)N[C@H]2CC(=O)O[C@]2(O)CF)CC(c2nccc3ccccc23)=NO1,CHEMBL3776,Caspase-8,INHIBITOR,Caspase-8 inhibitor,2
CHEMBL1173055,RUCAPARIB,CNCc1ccc(-c2[nH]c3cc(F)cc4c3c2CCNC4=O)cc1,CHEMBL3390820,"PARP 1, 2 and 3",INHIBITOR,"PARP 1, 2 and 3 inhibitor",4
CHEMBL3989801,FORIGERIMOD ACETATE,CC(=O)O.CC[C@H](C)[C@H](NC(=O)[C@H](Cc1ccccc1)NC(=O)[C@H](C)NC(=O)[C@H](Cc1ccc(O)cc1)NC(=O)CNC(=O)[C@H](CCCN=C(N)N)NC(=O)[C@@H]1CCCN1C(=O)[C@H](CCCCN)NC(=O)CNC(=O)[C@H](COP(=O)(O)O)NC(=O)[C@H](CCCN=C(N)N)NC(=O)[C@H](CCCCN)NC(=O)[C@H](CO)NC(=O)[C@H](Cc1ccc(O)cc1)NC(=O)[C@@H](NC(=O)[C@H](CCSC)NC(=O)[C@H](Cc1c[nH]cn1)NC(=O)[C@@H](NC(=O)[C@@H](N)CCCN=C(N)N)[C@@H](C)CC)C(C)C)C(=O)N[C@@H](CCC(=O)O)C(=O)N[C@@H](Cc1ccc(O)cc1)C(=O)O,CHEMBL1275223,Heat shock cognate 71 kDa protein,INHIBITOR,Heat shock cognate 71 kDa protein inhibitor,3
CHEMBL1921976,ORTERONEL,CNC(=O)c1ccc2cc([C@@]3(O)CCn4cncc43)ccc2c1,CHEMBL3522,"Steroid 17-alpha-hydroxylase/17,20 lyase",INHIBITOR,Cytochrome P450 17A1 inhibitor,3
CHEMBL1094636,NIRAPARIB,NC(=O)c1cccc2cn(-c3ccc([C@@H]4CCCNC4)cc3)nc12,CHEMBL5366,Poly [ADP-ribose] polymerase 2,INHIBITOR,Poly [ADP-ribose] polymerase 2 inhibitor,4
CHEMBL2105754,TRELAGLIPTIN SUCCINATE,Cn1c(=O)cc(N2CCC[C@@H](N)C2)n(Cc2cc(F)ccc2C#N)c1=O.O=C(O)CCC(=O)O,CHEMBL284,Dipeptidyl peptidase 4,INHIBITOR,Dipeptidyl peptidase IV inhibitor,4
CHEMBL1770248,ERTUGLIFLOZIN,CCOc1ccc(Cc2cc([C@]34OC[C@](CO)(O3)[C@@H](O)[C@H](O)[C@H]4O)ccc2Cl)cc1,CHEMBL3884,Sodium/glucose cotransporter 2,INHIBITOR,Sodium/glucose cotransporter 2 inhibitor,4
CHEMBL2105762,OMARIGLIPTIN,CS(=O)(=O)n1cc2c(n1)CN([C@H]1CO[C@H](c3cc(F)ccc3F)[C@@H](N)C1)C2,CHEMBL284,Dipeptidyl peptidase 4,INHIBITOR,Dipeptidyl peptidase IV inhibitor,4
CHEMBL431770,ISTRADEFYLLINE,CCn1c(=O)c2c(nc(/C=C/c3ccc(OC)c(OC)c3)n2C)n(CC)c1=O,CHEMBL251,Adenosine receptor A2a,ANTAGONIST,Adenosine A2a receptor antagonist,4
CHEMBL416146,ETORICOXIB,Cc1ccc(-c2ncc(Cl)cc2-c2ccc(S(C)(=O)=O)cc2)cn1,CHEMBL230,Prostaglandin G/H synthase 2,INHIBITOR,Cyclooxygenase-2 inhibitor,4
CHEMBL218166,BIFEPRUNOX,O=c1[nH]c2cccc(N3CCN(Cc4cccc(-c5ccccc5)c4)CC3)c2o1,CHEMBL214,5-hydroxytryptamine receptor 1A,PARTIAL AGONIST,Serotonin 1a (5-HT1a) receptor partial agonist,3
CHEMBL2106798,NERAMEXANE MESYLATE,CC1(C)CC(C)(C)CC(C)(N)C1.CS(=O)(=O)O,CHEMBL2109238,Neuronal acetylcholine receptor; alpha9/alpha10,ANTAGONIST,Neuronal acetylcholine receptor; alpha9/alpha10 antagonist,3
CHEMBL2107312,ARBACLOFEN PLACARBIL,CC(C)C(=O)O[C@@H](OC(=O)NC[C@H](CC(=O)O)c1ccc(Cl)cc1)C(C)C,CHEMBL2111463,GABA-B receptor,AGONIST,GABA-B receptor agonist,3
CHEMBL2107313,BECATECARIN,CCN(CC)CCN1C(=O)c2c(c3c4cccc(Cl)c4n([C@@H]4O[C@H](CO)[C@@H](OC)[C@H](O)[C@H]4O)c3c3[nH]c4c(Cl)cccc4c23)C1=O,CHEMBL1781,DNA topoisomerase 1,INHIBITOR,DNA topoisomerase I inhibitor,3
CHEMBL1767407,DENUFOSOL TETRASODIUM,Nc1ccn([C@H]2C[C@H](O)[C@@H](COP(=O)([O-])OP(=O)([O-])OP(=O)([O-])OP(=O)([O-])OC[C@H]3O[C@@H](n4ccc(=O)[nH]c4=O)[C@H](O)[C@@H]3O)O2)c(=O)n1.[Na+].[Na+].[Na+].[Na+],CHEMBL4398,P2Y purinoceptor 2,AGONIST,Purinergic receptor P2Y2 agonist,3
CHEMBL550755,FORODESINE HYDROCHLORIDE,Cl.O=c1[nH]cnc2c([C@@H]3N[C@H](CO)[C@@H](O)[C@H]3O)c[nH]c12,CHEMBL4338,Purine nucleoside phosphorylase,INHIBITOR,Purine nucleoside phosphorylase inhibitor,4
CHEMBL2107354,MIFAMURTIDE,CCCCCCCCCCCCCCCC(=O)OC[C@H](COP(=O)([O-])OCCNC(=O)[C@H](C)NC(=O)CC[C@@H](NC(=O)[C@H](C)NC(=O)[C@@H](C)O[C@H]1[C@H](O)[C@@H](CO)OC(O)[C@@H]1NC(C)=O)C(N)=O)OC(=O)CCCCCCCCCCCCCCC.O.[Na+],CHEMBL1293266,Nucleotide-binding oligomerization domain-containing protein 2,OTHER,Nucleotide-binding oligomerization domain-containing protein 2 other,4
CHEMBL2107358,OBATOCLAX MESYLATE,COC1=CC(c2cc3ccccc3[nH]2)=N/C1=C\c1[nH]c(C)cc1C.CS(=O)(=O)O,CHEMBL4860,Apoptosis regulator Bcl-2,INHIBITOR,Apoptosis regulator Bcl-2 inhibitor,3
CHEMBL190083,TARENFLURBIL,C[C@@H](C(=O)O)c1ccc(-c2ccccc2)c(F)c1,CHEMBL2094135,Gamma-secretase,MODULATOR,Gamma-secretase modulator,3
CHEMBL197672,EMRICASAN,C[C@H](NC(=O)C(=O)Nc1ccccc1C(C)(C)C)C(=O)N[C@@H](CC(=O)O)C(=O)COc1c(F)c(F)cc(F)c1F,CHEMBL3831289,Caspase,INHIBITOR,Caspase inhibitor,2
CHEMBL180101,ESREBOXETINE,CCOc1ccccc1O[C@@H](c1ccccc1)[C@@H]1CNCCO1,CHEMBL222,Sodium-dependent noradrenaline transporter,INHIBITOR,Norepinephrine transporter inhibitor,3
CHEMBL520733,SEMAGACESTAT,CC(C)[C@H](O)C(=O)N[C@@H](C)C(=O)N[C@@H]1C(=O)N(C)CCc2ccccc21,CHEMBL2094135,Gamma-secretase,INHIBITOR,Gamma-secretase inhibitor,3
CHEMBL1835207,APRICOXIB,CCOc1ccc(-c2cc(C)cn2-c2ccc(S(N)(=O)=O)cc2)cc1,CHEMBL230,Prostaglandin G/H synthase 2,INHIBITOR,Cyclooxygenase-2 inhibitor,2
CHEMBL68117,VOSAROXIN,CN[C@H]1CN(c2ccc3c(=O)c(C(=O)O)cn(-c4nccs4)c3n2)C[C@@H]1OC,CHEMBL2094255,DNA topoisomerase II,INHIBITOR,DNA topoisomerase II inhibitor,3
CHEMBL257704,EPLIVANSERIN,CN(C)CCO/N=C(/C=C/c1ccc(O)cc1)c1ccccc1F,CHEMBL224,5-hydroxytryptamine receptor 2A,ANTAGONIST,Serotonin 2a (5-HT2a) receptor antagonist,3
CHEMBL492399,VERUBULIN,COc1ccc(N(C)c2nc(C)nc3ccccc23)cc1,CHEMBL2095182,Tubulin,DISRUPTING AGENT,Tubulin disrupting agent,2
CHEMBL1090771,AVAGACESTAT,NC(=O)[C@@H](CCC(F)(F)F)N(Cc1ccc(-c2ncon2)cc1F)S(=O)(=O)c1ccc(Cl)cc1,CHEMBL2094135,Gamma-secretase,INHIBITOR,Gamma-secretase inhibitor,2
CHEMBL396778,SAFINAMIDE,C[C@H](NCc1ccc(OCc2cccc(F)c2)cc1)C(N)=O,CHEMBL2039,Amine oxidase [flavin-containing] B,INHIBITOR,Monoamine oxidase B inhibitor,4
CHEMBL1171829,BITOPERTIN,C[C@H](Oc1ccc(S(C)(=O)=O)cc1C(=O)N1CCN(c2ncc(C(F)(F)F)cc2F)CC1)C(F)(F)F,CHEMBL2337,Sodium- and chloride-dependent glycine transporter 1,INHIBITOR,Glycine transporter 1 inhibitor,3
CHEMBL18901,EFAPROXIRAL,Cc1cc(C)cc(NC(=O)Cc2ccc(OC(C)(C)C(=O)O)cc2)c1,CHEMBL2095168,Hemoglobin HbA,NEGATIVE MODULATOR,Hemoglobin HbA negative modulator,3
CHEMBL463981,BEGACESTAT,O=S(=O)(N[C@H](CO)C(C(F)(F)F)C(F)(F)F)c1ccc(Cl)s1,CHEMBL2094135,Gamma-secretase,INHIBITOR,Gamma-secretase inhibitor,2
CHEMBL204021,DARAPLADIB,CCN(CC)CCN(Cc1ccc(-c2ccc(C(F)(F)F)cc2)cc1)C(=O)Cn1c(SCc2ccc(F)cc2)nc(=O)c2c1CCC2,CHEMBL3514,Platelet-activating factor acetylhydrolase,INHIBITOR,LDL-associated phospholipase A2 inhibitor,3
CHEMBL167731,PIXANTRONE,NCCNc1ccc(NCCN)c2c1C(=O)c1ccncc1C2=O,CHEMBL2311221,DNA,CROSS-LINKING AGENT,DNA cross-linking agent,4
CHEMBL3989689,SQUALAMINE LACTATE,CC(C)[C@@H](CC[C@@H](C)[C@H]1CC[C@H]2[C@@H]3[C@H](O)C[C@H]4C[C@@H](NCCCNCCCCN)CC[C@]4(C)[C@H]3CC[C@]12C)OS(=O)(=O)O.C[C@H](O)C(=O)O.O,CHEMBL3273,Sodium/hydrogen exchanger 3,INHIBITOR,Sodium/hydrogen exchanger 3 inhibitor,3
CHEMBL109480,TANESPIMYCIN,C=CCNC1=C2C[C@@H](C)C[C@H](OC)[C@H](O)[C@@H](C)/C=C(\C)[C@H](OC(N)=O)[C@@H](OC)/C=C\C=C(/C)C(=O)NC(=CC1=O)C2=O,CHEMBL2095165,Heat shock protein HSP90,INHIBITOR,Heat shock protein HSP90 inhibitor,3
CHEMBL142703,VILDAGLIPTIN,N#C[C@@H]1CCCN1C(=O)CNC12CC3CC(CC(O)(C3)C1)C2,CHEMBL284,Dipeptidyl peptidase 4,INHIBITOR,Dipeptidyl peptidase IV inhibitor,4
CHEMBL481958,AMRUBICIN HYDROCHLORIDE,CC(=O)[C@]1(N)Cc2c(O)c3c(c(O)c2[C@@H](O[C@H]2C[C@H](O)[C@H](O)CO2)C1)C(=O)c1ccccc1C3=O.Cl,CHEMBL1806,DNA topoisomerase 2-alpha,INHIBITOR,DNA topoisomerase II alpha inhibitor,3
CHEMBL443684,NAVITOCLAX,CC1(C)CCC(c2ccc(Cl)cc2)=C(CN2CCN(c3ccc(C(=O)NS(=O)(=O)c4ccc(N[C@H](CCN5CCOCC5)CSc5ccccc5)c(S(=O)(=O)C(F)(F)F)c4)cc3)CC2)C1,CHEMBL4860,Apoptosis regulator Bcl-2,INHIBITOR,Apoptosis regulator Bcl-2 inhibitor,3
CHEMBL1215923,BIMOSIAMOSE,O=C(O)Cc1cccc(-c2cc(CCCCCCc3ccc(O[C@H]4O[C@H](CO)[C@@H](O)[C@H](O)[C@@H]4O)c(-c4cccc(CC(=O)O)c4)c3)ccc2O[C@H]2O[C@H](CO)[C@@H](O)[C@H](O)[C@@H]2O)c1,CHEMBL3831288,Selectin,INHIBITOR,Selectin inhibitor,2
CHEMBL73822,APAZIQUONE,Cn1c(/C=C/CO)c(CO)c2c1C(=O)C=C(N1CC1)C2=O,CHEMBL2311221,DNA,INHIBITOR,DNA inhibitor,3
CHEMBL435224,LAPAQUISTAT ACETATE,COc1cccc([C@H]2O[C@H](CC(=O)N3CCC(CC(=O)O)CC3)C(=O)N(CC(C)(C)COC(C)=O)c3ccc(Cl)cc32)c1OC,CHEMBL3338,Squalene synthase,INHIBITOR,Squalene synthetase inhibitor,3
CHEMBL490665,NALFURAFINE HYDROCHLORIDE,CN(C(=O)/C=C/c1ccoc1)[C@@H]1CC[C@@]2(O)[C@H]3Cc4ccc(O)c5c4[C@@]2(CCN3CC2CC2)[C@H]1O5.Cl,CHEMBL237,Kappa-type opioid receptor,AGONIST,Kappa opioid receptor agonist,4
CHEMBL2107818,ALDOXORUBICIN,COc1cccc2c1C(=O)c1c(O)c3c(c(O)c1C2=O)C[C@@](O)(/C(CO)=N/NC(=O)CCCCCN1C(=O)C=CC1=O)C[C@@H]3O[C@H]1C[C@H](N)[C@H](O)[C@H](C)O1,CHEMBL1806,DNA topoisomerase 2-alpha,INHIBITOR,DNA topoisomerase II alpha inhibitor,3
CHEMBL2107821,EMIXUSTAT,NCC[C@@H](O)c1cccc(OCC2CCCCC2)c1,CHEMBL3831182,Retinoid isomerohydrolase,INHIBITOR,Retinoid isomerohydrolase inhibitor,3
CHEMBL2364609,ESKETAMINE HYDROCHLORIDE,CN[C@]1(c2ccccc2Cl)CCCCC1=O.Cl,CHEMBL2094124,Glutamate [NMDA] receptor,NEGATIVE ALLOSTERIC MODULATOR,Glutamate [NMDA] receptor negative allosteric modulator,4
CHEMBL1829174,FASIGLIFAM,Cc1cc(OCCCS(C)(=O)=O)cc(C)c1-c1cccc(COc2ccc3c(c2)OC[C@H]3CC(=O)O)c1,CHEMBL4422,Free fatty acid receptor 1,POSITIVE ALLOSTERIC MODULATOR,Free fatty acid receptor 1 positive allosteric modulator,3
CHEMBL2364614,LIAFENSINE,CN1Cc2cc(-c3ccc(N)nn3)ccc2[C@H](c2ccc3ccccc3c2)C1,CHEMBL2363064,Monoamine transporter,INHIBITOR,Monoamine transporter inhibitor,2
CHEMBL1231160,PEVONEDISTAT,NS(=O)(=O)OC[C@@H]1C[C@@H](n2ccc3c(N[C@H]4CCc5ccccc54)ncnc32)C[C@@H]1O,CHEMBL3831283,NEDD8 activating enzyme,INHIBITOR,NEDD8 activating enzyme inhibitor,3
CHEMBL2364624,PRADIGASTAT,O=C(O)C[C@H]1CC[C@H](c2ccc(-c3ccc(Nc4ccc(C(F)(F)F)nc4)cn3)cc2)CC1,CHEMBL6009,Diacylglycerol O-acyltransferase 1,INHIBITOR,Diacylglycerol O-acyltransferase 1 inhibitor,3
CHEMBL3707446,RIVIPANSEL,C[C@@H]1O[C@@H](O[C@@H]2[C@@H](NC(=O)c3cc(=O)[nH]c(=O)[nH]3)C[C@@H](C(=O)NCCNC(=O)COCCOCC(=O)Nc3cc(S(=O)(=O)O)cc4cc(S(=O)(=O)O)cc(S(=O)(=O)O)c34)C[C@H]2O[C@@H]2O[C@H](CO)[C@H](O)[C@H](O[C@@H](CC3CCCCC3)C(=O)O)[C@H]2OC(=O)c2ccccc2)[C@@H](O)[C@H](O)[C@@H]1O,CHEMBL5378,P-selectin,ANTAGONIST,P-selectin antagonist,3
CHEMBL2364639,VALBENAZINE,COc1cc2c(cc1OC)[C@H]1C[C@@H](OC(=O)[C@@H](N)C(C)C)[C@H](CC(C)C)CN1CC2,CHEMBL1893,Synaptic vesicular amine transporter,INHIBITOR,Synaptic vesicular amine transporter inhibitor,4
CHEMBL1812161,VATIQUINONE,CC(C)=CCC/C(C)=C/CC/C(C)=C/CC[C@@](C)(O)CCC1=C(C)C(=O)C(C)=C(C)C1=O,CHEMBL3623,NAD(P)H dehydrogenase [quinone] 1,MODULATOR,Quinone reductase 1 modulator,3
CHEMBL2048028,LIFITEGRAST,CS(=O)(=O)c1cccc(C[C@H](NC(=O)c2c(Cl)cc3c(c2Cl)CCN(C(=O)c2ccc4ccoc4c2)C3)C(=O)O)c1,CHEMBL2364172,Integrin alpha-L/beta-2 (LFA-1),ANTAGONIST,Integrin alpha-L/beta-2 (LFA-1) antagonist,4
CHEMBL3039507,SOTAGLIFLOZIN,CCOc1ccc(Cc2cc([C@@H]3O[C@H](SC)[C@@H](O)[C@H](O)[C@H]3O)ccc2Cl)cc1,CHEMBL4979,Sodium/glucose cotransporter 1,INHIBITOR,Sodium/glucose cotransporter 1 inhibitor,4
CHEMBL3039515,ELOBIXIBAT,CCCCC1(CCCC)CN(c2ccccc2)c2cc(SC)c(OCC(=O)N[C@@H](C(=O)NCC(=O)O)c3ccccc3)cc2S(=O)(=O)C1,CHEMBL2778,Ileal sodium/bile acid cotransporter,INHIBITOR,Ileal bile acid transporter inhibitor,3
CHEMBL3039521,VINTAFOLIDE,CC[C@]1(O)C[C@@H]2CN(CCc3c([nH]c4ccccc34)[C@@](C(=O)OC)(c3cc4c(cc3OC)N(C)[C@H]3[C@@](O)(C(=O)NNC(=O)OCCSSC[C@H](NC(=O)[C@H](CC(=O)O)NC(=O)[C@H](CC(=O)O)NC(=O)[C@H](CCCNC(=N)N)NC(=O)[C@H](CC(=O)O)NC(=O)CC[C@H](NC(=O)c5ccc(NCc6cnc7[nH]c(N)nc(=O)c7n6)cc5)C(=O)O)C(=O)O)[C@H](O)[C@]5(CC)C=CCN6CC[C@]43[C@@H]65)C2)C1,CHEMBL2121,Folate receptor alpha,BINDING AGENT,Folate receptor alpha binding agent,3
CHEMBL3039522,BIRINAPANT,CC[C@H](NC(=O)[C@H](C)NC)C(=O)N1C[C@@H](O)C[C@H]1Cc1c(-c2[nH]c3cc(F)ccc3c2C[C@@H]2C[C@H](O)CN2C(=O)[C@H](CC)NC(=O)[C@H](C)NC)[nH]c2cc(F)ccc12,CHEMBL3038465,cIAP1/cIAP2,INHIBITOR,cIAP1/cIAP2 inhibitor,2
CHEMBL3039529,TIRASEMTIV,C#Cc1cnc2nc(O)n(C(CC)CC)c2n1,CHEMBL3831282,Fast skeletal troponin complex,ACTIVATOR,Fast skeletal troponin complex activator,3
CHEMBL5314381,IRINOTECAN SUCROSOFATE,CCc1c2c(nc3ccc(OC(=O)N4CCC(N5CCCCC5)CC4)cc13)-c1cc3c(c(=O)n1C2)COC(=O)[C@]3(O)CC.CCc1c2c(nc3ccc(OC(=O)N4CCC(N5CCCCC5)CC4)cc13)-c1cc3c(c(=O)n1C2)COC(=O)[C@]3(O)CC.CCc1c2c(nc3ccc(OC(=O)N4CCC(N5CCCCC5)CC4)cc13)-c1cc3c(c(=O)n1C2)COC(=O)[C@]3(O)CC.CCc1c2c(nc3ccc(OC(=O)N4CCC(N5CCCCC5)CC4)cc13)-c1cc3c(c(=O)n1C2)COC(=O)[C@]3(O)CC.O=S(=O)(O)OC[C@H]1O[C@@](COS(=O)(=O)O)(O[C@H]2O[C@H](COS(=O)(=O)O)[C@@H](OS(=O)(=O)O)[C@H](OS(=O)(=O)O)[C@H]2OS(=O)(=O)O)[C@@H](OS(=O)(=O)O)[C@@H]1OS(=O)(=O)O,CHEMBL1781,DNA topoisomerase 1,INHIBITOR,DNA topoisomerase I inhibitor,3
CHEMBL166863,POLMACOXIB,CC1(C)OC(c2ccc(S(N)(=O)=O)cc2)=C(c2cccc(F)c2)C1=O,CHEMBL230,Prostaglandin G/H synthase 2,INHIBITOR,Cyclooxygenase-2 inhibitor,3
CHEMBL2338329,ROXADUSTAT,Cc1nc(C(=O)NCC(=O)O)c(O)c2ccc(Oc3ccccc3)cc12,CHEMBL3831261,Hypoxia-inducible factor prolyl hydroxylase,INHIBITOR,Hypoxia-inducible factor prolyl hydroxylase inhibitor,4
CHEMBL3137318,TALAZOPARIB TOSYLATE,Cc1ccc(S(=O)(=O)O)cc1.Cn1ncnc1[C@H]1c2n[nH]c(=O)c3cc(F)cc(c23)N[C@@H]1c1ccc(F)cc1,CHEMBL5366,Poly [ADP-ribose] polymerase 2,INHIBITOR,Poly [ADP-ribose] polymerase 2 inhibitor,4
CHEMBL3137320,TALAZOPARIB,Cn1ncnc1[C@H]1c2n[nH]c(=O)c3cc(F)cc(c23)N[C@@H]1c1ccc(F)cc1,CHEMBL3105,Poly [ADP-ribose] polymerase 1,INHIBITOR,Poly [ADP-ribose] polymerase-1 inhibitor,4
CHEMBL3137322,DIANHYDROGALACTITOL,O[C@H]([C@H](O)[C@@H]1CO1)[C@H]1CO1,CHEMBL2311221,DNA,CROSS-LINKING AGENT,DNA cross-linking agent,3
CHEMBL1186894,AMRUBICIN,CC(=O)[C@]1(N)Cc2c(O)c3c(c(O)c2[C@@H](O[C@H]2C[C@H](O)[C@H](O)CO2)C1)C(=O)c1ccccc1C3=O,CHEMBL1806,DNA topoisomerase 2-alpha,INHIBITOR,DNA topoisomerase II alpha inhibitor,3
CHEMBL3301595,DASOTRALINE,N[C@@H]1CC[C@@H](c2ccc(Cl)c(Cl)c2)c2ccccc21,CHEMBL2363064,Monoamine transporter,INHIBITOR,Monoamine transporter inhibitor,3
CHEMBL3301627,TENAPANOR HYDROCHLORIDE,CN1Cc2c(Cl)cc(Cl)cc2[C@H](c2cccc(S(=O)(=O)NCCOCCOCCNC(=O)NCCCCNC(=O)NCCOCCOCCNS(=O)(=O)c3cccc([C@@H]4CN(C)Cc5c(Cl)cc(Cl)cc54)c3)c2)C1.Cl.Cl,CHEMBL3273,Sodium/hydrogen exchanger 3,INHIBITOR,Sodium/hydrogen exchanger 3 inhibitor,4
CHEMBL3544911,PREXASERTIB,COc1cccc(OCCCN)c1-c1cc(Nc2cnc(C#N)cn2)n[nH]1,CHEMBL4630,Serine/threonine-protein kinase Chk1,INHIBITOR,Serine/threonine-protein kinase Chk1 inhibitor,2
CHEMBL260046,EVOFOSFAMIDE,Cn1c(COP(=O)(NCCBr)NCCBr)cnc1[N+](=O)[O-],CHEMBL2311221,DNA,INHIBITOR,DNA inhibitor,3
CHEMBL3544988,DAPRODUSTAT,O=C(O)CNC(=O)C1C(=O)N(C2CCCCC2)C(=O)N(C2CCCCC2)C1=O,CHEMBL3831261,Hypoxia-inducible factor prolyl hydroxylase,INHIBITOR,Hypoxia-inducible factor prolyl hydroxylase inhibitor,4
CHEMBL2443262,OLICERIDINE,COc1ccsc1CNCC[C@@]1(c2ccccn2)CCOC2(CCCC2)C1,CHEMBL233,Mu-type opioid receptor,AGONIST,Mu opioid receptor agonist,4
CHEMBL3545185,SELINEXOR,O=C(/C=C\n1cnc(-c2cc(C(F)(F)F)cc(C(F)(F)F)c2)n1)NNc1cnccn1,CHEMBL5661,Exportin-1,INHIBITOR,Exportin-1 inhibitor,4
CHEMBL1241348,FALDAPREVIR,C=C[C@@H]1C[C@]1(NC(=O)[C@@H]1C[C@@H](Oc2cc(-c3csc(NC(=O)C(C)C)n3)nc3c(Br)c(OC)ccc23)CN1C(=O)[C@@H](NC(=O)OC1CCCC1)C(C)(C)C)C(=O)O,CHEMBL2095231,"Hepatitis C virus serine protease, NS3/NS4A",INHIBITOR,"Hepatitis C virus serine protease, NS3/NS4A inhibitor",3
CHEMBL3545369,EPACADOSTAT,NS(=O)(=O)NCCNc1nonc1/C(=N/O)Nc1ccc(F)c(Br)c1,CHEMBL4685,"Indoleamine 2,3-dioxygenase 1",INHIBITOR,"Indoleamine 2,3-dioxygenase inhibitor",3
CHEMBL484785,CRISABOROLE,N#Cc1ccc(Oc2ccc3c(c2)COB3O)cc1,CHEMBL2093863,Phosphodiesterase 4,INHIBITOR,Phosphodiesterase 4 inhibitor,4
CHEMBL190461,CANNABIDIOL,C=C(C)[C@@H]1CCC(C)=C[C@H]1c1c(O)cc(CCCCC)cc1O,CHEMBL218,Cannabinoid receptor 1,NEGATIVE ALLOSTERIC MODULATOR,Cannabinoid CB1 receptor negative allosteric modulator,4
CHEMBL1808388,BEXAGLIFLOZIN,OC[C@H]1O[C@@H](c2ccc(Cl)c(Cc3ccc(OCCOC4CC4)cc3)c2)[C@H](O)[C@@H](O)[C@@H]1O,CHEMBL3884,Sodium/glucose cotransporter 2,INHIBITOR,Sodium/glucose cotransporter 2 inhibitor,4
CHEMBL2105665,ELACYTARABINE,CCCCCCCC/C=C/CCCCCCCC(=O)OC[C@H]1O[C@@H](n2ccc(N)nc2=O)[C@@H](O)[C@@H]1O,CHEMBL2311222,RNA,INHIBITOR,RNA inhibitor,3
CHEMBL2106798,NERAMEXANE MESYLATE,CC1(C)CC(C)(C)CC(C)(N)C1.CS(=O)(=O)O,CHEMBL2094124,Glutamate [NMDA] receptor,ANTAGONIST,Glutamate [NMDA] receptor antagonist,3
CHEMBL2107358,OBATOCLAX MESYLATE,COC1=CC(c2cc3ccccc3[nH]2)=N/C1=C\c1[nH]c(C)cc1C.CS(=O)(=O)O,CHEMBL4625,Bcl-2-like protein 1,INHIBITOR,Apoptosis regulator Bcl-X inhibitor,3
CHEMBL2107358,OBATOCLAX MESYLATE,COC1=CC(c2cc3ccccc3[nH]2)=N/C1=C\c1[nH]c(C)cc1C.CS(=O)(=O)O,CHEMBL4677,Bcl-2-like protein 2,INHIBITOR,Apoptosis regulator Bcl-W inhibitor,3
CHEMBL2107358,OBATOCLAX MESYLATE,COC1=CC(c2cc3ccccc3[nH]2)=N/C1=C\c1[nH]c(C)cc1C.CS(=O)(=O)O,CHEMBL4361,Induced myeloid leukemia cell differentiation protein Mcl-1,INHIBITOR,Induced myeloid leukemia cell differentiation protein Mcl-1 inhibitor,3
CHEMBL2107358,OBATOCLAX MESYLATE,COC1=CC(c2cc3ccccc3[nH]2)=N/C1=C\c1[nH]c(C)cc1C.CS(=O)(=O)O,CHEMBL6044,Bcl-2-related protein A1,INHIBITOR,Bcl-2-related protein A1 inhibitor,3
CHEMBL2107358,OBATOCLAX MESYLATE,COC1=CC(c2cc3ccccc3[nH]2)=N/C1=C\c1[nH]c(C)cc1C.CS(=O)(=O)O,CHEMBL5988,Bcl-2-like protein 10,INHIBITOR,Bcl-2-like protein 10 inhibitor,3
CHEMBL166863,POLMACOXIB,CC1(C)OC(c2ccc(S(N)(=O)=O)cc2)=C(c2cccc(F)c2)C1=O,CHEMBL205,Carbonic anhydrase 2,INHIBITOR,Carbonic anhydrase II inhibitor,3
CHEMBL166863,POLMACOXIB,CC1(C)OC(c2ccc(S(N)(=O)=O)cc2)=C(c2cccc(F)c2)C1=O,CHEMBL261,Carbonic anhydrase 1,INHIBITOR,Carbonic anhydrase I inhibitor,3
CHEMBL2103832,PARDOPRUNOX,CN1CCN(c2cccc3[nH]c(=O)oc23)CC1,CHEMBL214,5-hydroxytryptamine receptor 1A,AGONIST,Serotonin 1a (5-HT1a) receptor agonist,3
CHEMBL3707446,RIVIPANSEL,C[C@@H]1O[C@@H](O[C@@H]2[C@@H](NC(=O)c3cc(=O)[nH]c(=O)[nH]3)C[C@@H](C(=O)NCCNC(=O)COCCOCC(=O)Nc3cc(S(=O)(=O)O)cc4cc(S(=O)(=O)O)cc(S(=O)(=O)O)c34)C[C@H]2O[C@@H]2O[C@H](CO)[C@H](O)[C@H](O[C@@H](CC3CCCCC3)C(=O)O)[C@H]2OC(=O)c2ccccc2)[C@@H](O)[C@H](O)[C@@H]1O,CHEMBL3890,E-selectin,ANTAGONIST,Selectin E antagonist,3
CHEMBL3707446,RIVIPANSEL,C[C@@H]1O[C@@H](O[C@@H]2[C@@H](NC(=O)c3cc(=O)[nH]c(=O)[nH]3)C[C@@H](C(=O)NCCNC(=O)COCCOCC(=O)Nc3cc(S(=O)(=O)O)cc4cc(S(=O)(=O)O)cc(S(=O)(=O)O)c34)C[C@H]2O[C@@H]2O[C@H](CO)[C@H](O)[C@H](O[C@@H](CC3CCCCC3)C(=O)O)[C@H]2OC(=O)c2ccccc2)[C@@H](O)[C@H](O)[C@@H]1O,CHEMBL3161,L-selectin,ANTAGONIST,Leukocyte adhesion molecule-1 antagonist,3
CHEMBL3039507,SOTAGLIFLOZIN,CCOc1ccc(Cc2cc([C@@H]3O[C@H](SC)[C@@H](O)[C@H](O)[C@H]3O)ccc2Cl)cc1,CHEMBL3884,Sodium/glucose cotransporter 2,INHIBITOR,Sodium/glucose cotransporter 2 inhibitor,4
CHEMBL3137320,TALAZOPARIB,Cn1ncnc1[C@H]1c2n[nH]c(=O)c3cc(F)cc(c23)N[C@@H]1c1ccc(F)cc1,CHEMBL5366,Poly [ADP-ribose] polymerase 2,INHIBITOR,Poly [ADP-ribose] polymerase 2 inhibitor,4
CHEMBL68117,VOSAROXIN,CN[C@H]1CN(c2ccc3c(=O)c(C(=O)O)cn(-c4nccs4)c3n2)C[C@@H]1OC,CHEMBL2311221,DNA,INHIBITOR,DNA inhibitor,3
CHEMBL3137318,TALAZOPARIB TOSYLATE,Cc1ccc(S(=O)(=O)O)cc1.Cn1ncnc1[C@H]1c2n[nH]c(=O)c3cc(F)cc(c23)N[C@@H]1c1ccc(F)cc1,CHEMBL3105,Poly [ADP-ribose] polymerase 1,INHIBITOR,Poly [ADP-ribose] polymerase-1 inhibitor,4
CHEMBL2104967,FIRATEGRAST,CCOCc1cc(OC)c(-c2ccc(C[C@H](NC(=O)c3c(F)cccc3F)C(=O)O)cc2)c(OC)c1,CHEMBL2095184,Integrin alpha-4/beta-7,ANTAGONIST,Integrin alpha-4/beta-7 antagonist,2
CHEMBL272980,MOCETINOSTAT,Nc1ccccc1NC(=O)c1ccc(CNc2nccc(-c3cccnc3)n2)cc1,CHEMBL1937,Histone deacetylase 2,INHIBITOR,Histone deacetylase 2 inhibitor,2
CHEMBL272980,MOCETINOSTAT,Nc1ccccc1NC(=O)c1ccc(CNc2nccc(-c3cccnc3)n2)cc1,CHEMBL1829,Histone deacetylase 3,INHIBITOR,Histone deacetylase 3 inhibitor,2
CHEMBL272980,MOCETINOSTAT,Nc1ccccc1NC(=O)c1ccc(CNc2nccc(-c3cccnc3)n2)cc1,CHEMBL3310,Histone deacetylase 11,INHIBITOR,Histone deacetylase 11 inhibitor,2
CHEMBL272980,MOCETINOSTAT,Nc1ccccc1NC(=O)c1ccc(CNc2nccc(-c3cccnc3)n2)cc1,CHEMBL3192,Histone deacetylase 8,INHIBITOR,Histone deacetylase 8 inhibitor,2
CHEMBL443684,NAVITOCLAX,CC1(C)CCC(c2ccc(Cl)cc2)=C(CN2CCN(c3ccc(C(=O)NS(=O)(=O)c4ccc(N[C@H](CCN5CCOCC5)CSc5ccccc5)c(S(=O)(=O)C(F)(F)F)c4)cc3)CC2)C1,CHEMBL4625,Bcl-2-like protein 1,INHIBITOR,Apoptosis regulator Bcl-X inhibitor,3
CHEMBL443684,NAVITOCLAX,CC1(C)CCC(c2ccc(Cl)cc2)=C(CN2CCN(c3ccc(C(=O)NS(=O)(=O)c4ccc(N[C@H](CCN5CCOCC5)CSc5ccccc5)c(S(=O)(=O)C(F)(F)F)c4)cc3)CC2)C1,CHEMBL4677,Bcl-2-like protein 2,INHIBITOR,Apoptosis regulator Bcl-W inhibitor,3
CHEMBL2105721,NIVOCASAN,CC(C)[C@@]1(C(=O)N[C@H]2CC(=O)O[C@]2(O)CF)CC(c2nccc3ccccc23)=NO1,CHEMBL4801,Caspase-1,INHIBITOR,Caspase-1 inhibitor,2
CHEMBL2105721,NIVOCASAN,CC(C)[C@@]1(C(=O)N[C@H]2CC(=O)O[C@]2(O)CF)CC(c2nccc3ccccc23)=NO1,CHEMBL2273,Caspase-9,INHIBITOR,Caspase-9 inhibitor,2
CHEMBL3544911,PREXASERTIB,COc1cccc(OCCCN)c1-c1cc(Nc2cnc(C#N)cn2)n[nH]1,CHEMBL2527,Serine/threonine-protein kinase Chk2,INHIBITOR,Serine/threonine-protein kinase Chk2 inhibitor,2
CHEMBL429876,CILENGITIDE,CC(C)[C@H]1C(=O)N[C@@H](CCCNC(=N)N)C(=O)NCC(=O)N[C@@H](CC(=O)O)C(=O)N[C@H](Cc2ccccc2)C(=O)N1C,CHEMBL2096675,Integrin alpha-V/beta-5,ANTAGONIST,Integrin alpha-V/beta-5 antagonist,3
CHEMBL2105659,VARESPLADIB METHYL,CCc1c(C(=O)C(N)=O)c2c(OCC(=O)OC)cccc2n1Cc1ccccc1,CHEMBL4342,Group 10 secretory phospholipase A2,INHIBITOR,Group X secretory phospholipase A2 inhibitor,3
CHEMBL2105659,VARESPLADIB METHYL,CCc1c(C(=O)C(N)=O)c2c(OCC(=O)OC)cccc2n1Cc1ccccc1,CHEMBL4323,Phospholipase A2 group V,INHIBITOR,Phospholipase A2 group V inhibitor,3
CHEMBL1169,AMINOSALICYLIC ACID,Nc1ccc(C(=O)O)c(O)c1,CHEMBL6065,Dihydrofolate reductase,INHIBITOR,Dihydrofolate reductase inhibitor,4
CHEMBL468,THALIDOMIDE,O=C1CCC(N2C(=O)c3ccccc3C2=O)C(=O)N1,CHEMBL3833061,CRL4(CRBN) E3 ubiquitin ligase,INHIBITOR,CRL4(CRBN) E3 ubiquitin ligase inhibitor,4
CHEMBL848,LENALIDOMIDE,Nc1cccc2c1CN(C1CCC(=O)NC1=O)C2=O,CHEMBL3833061,CRL4(CRBN) E3 ubiquitin ligase,INHIBITOR,CRL4(CRBN) E3 ubiquitin ligase inhibitor,4
CHEMBL43452,POMALIDOMIDE,Nc1cccc2c1C(=O)N(C1CCC(=O)NC1=O)C2=O,CHEMBL3833061,CRL4(CRBN) E3 ubiquitin ligase,INHIBITOR,CRL4(CRBN) E3 ubiquitin ligase inhibitor,4
CHEMBL296913,PARECOXIB SODIUM,CCC(=O)[N-]S(=O)(=O)c1ccc(-c2c(-c3ccccc3)noc2C)cc1.[Na+],CHEMBL230,Prostaglandin G/H synthase 2,INHIBITOR,Cyclooxygenase-2 inhibitor,4
CHEMBL2051955,LEVOSIMENDAN,C[C@@H]1CC(=O)NN=C1c1ccc(NN=C(C#N)C#N)cc1,CHEMBL2094125,Phosphodiesterase 3,INHIBITOR,Phosphodiesterase 3 inhibitor,3
CHEMBL1568698,GANAXOLONE,CC(=O)[C@H]1CC[C@H]2[C@@H]3CC[C@H]4C[C@](C)(O)CC[C@]4(C)[C@H]3CC[C@]12C,CHEMBL2093872,GABA-A receptor; anion channel,POSITIVE ALLOSTERIC MODULATOR,GABA-A receptor; anion channel positive allosteric modulator,4
CHEMBL413376,SURAMIN HEXASODIUM,Cc1ccc(C(=O)Nc2ccc(S(=O)(=O)[O-])c3cc(S(=O)(=O)[O-])cc(S(=O)(=O)[O-])c23)cc1NC(=O)c1cccc(NC(=O)Nc2cccc(C(=O)Nc3cc(C(=O)Nc4ccc(S(=O)(=O)[O-])c5cc(S(=O)(=O)[O-])cc(S(=O)(=O)[O-])c45)ccc3C)c2)c1.[Na+].[Na+].[Na+].[Na+].[Na+].[Na+],CHEMBL2120,Fibroblast growth factor 1,INHIBITOR,Acidic fibroblast growth factor inhibitor,3
CHEMBL59356,ATRELEUTON,C[C@H](C#Cc1ccc(Cc2ccc(F)cc2)s1)N(O)C(N)=O,CHEMBL215,Polyunsaturated fatty acid 5-lipoxygenase,INHIBITOR,Arachidonate 5-lipoxygenase inhibitor,2
CHEMBL458875,CLEVUDINE,Cc1cn([C@H]2O[C@@H](CO)[C@H](O)[C@H]2F)c(=O)[nH]c1=O,CHEMBL3833482,Protein P,INHIBITOR,Protein P inhibitor,3
CHEMBL118218,IROFULVEN,CC1=C(CO)C2=C(C)C3(CC3)[C@@](C)(O)C(=O)C2=C1,CHEMBL2311221,DNA,INHIBITOR,DNA inhibitor,3
CHEMBL19236,MOXONIDINE,COc1nc(C)nc(Cl)c1NC1=NCCN1,CHEMBL3923,Nischarin,AGONIST,Nischarin agonist,4
CHEMBL279785,MARIMASTAT,CNC(=O)[C@@H](NC(=O)[C@H](CC(C)C)[C@H](O)C(=O)NO)C(C)(C)C,CHEMBL321,Matrix metalloproteinase-9,INHIBITOR,Matrix metalloproteinase 9 inhibitor,3
CHEMBL515408,MARIBAVIR,CC(C)Nc1nc2cc(Cl)c(Cl)cc2n1[C@H]1O[C@@H](CO)[C@H](O)[C@@H]1O,CHEMBL3833483,Serine/threonine-protein kinase BGLF4,INHIBITOR,Serine/threonine-protein kinase BGLF4 inhibitor,4
CHEMBL476960,VOGLIBOSE,OCC(CO)N[C@H]1C[C@](O)(CO)[C@@H](O)[C@H](O)[C@H]1O,CHEMBL3833502,Alpha glucosidase,INHIBITOR,Alpha glucosidase inhibitor,4
CHEMBL298406,ECOPIPAM,CN1CCc2cc(Cl)c(O)cc2[C@H]2c3ccccc3CC[C@@H]21,CHEMBL2056,D(1A) dopamine receptor,ANTAGONIST,Dopamine D1 receptor antagonist,3
CHEMBL175,DEXIBUPROFEN,CC(C)Cc1ccc([C@H](C)C(=O)O)cc1,CHEMBL2094253,Cyclooxygenase,INHIBITOR,Cyclooxygenase inhibitor,4
CHEMBL14370,REBOXETINE,CCOc1ccccc1OC(c1ccccc1)C1CNCCO1,CHEMBL222,Sodium-dependent noradrenaline transporter,INHIBITOR,Norepinephrine transporter inhibitor,4
CHEMBL432162,TASOSARTAN,Cc1nc(C)c2c(n1)N(Cc1ccc(-c3ccccc3-c3nnn[nH]3)cc1)C(=O)CC2,CHEMBL227,Type-1 angiotensin II receptor,ANTAGONIST,Type-1 angiotensin II receptor antagonist,2
CHEMBL1512580,XALIPRODEN,FC(F)(F)c1cccc(C2=CCN(CCc3ccc4ccccc4c3)CC2)c1,CHEMBL214,5-hydroxytryptamine receptor 1A,AGONIST,Serotonin 1a (5-HT1a) receptor agonist,3
CHEMBL306823,SODIUM DICHLOROACETATE,O=C([O-])C(Cl)Cl.[Na+],CHEMBL2096665,Pyruvate dehydrogenase kinase,INHIBITOR,Pyruvate dehydrogenase kinase inhibitor,3
CHEMBL2104745,PAGOCLONE,CC(C)CCC(=O)CC1c2ccccc2C(=O)N1c1ccc2ccc(Cl)nc2n1,CHEMBL2093872,GABA-A receptor; anion channel,POSITIVE ALLOSTERIC MODULATOR,GABA-A receptor; anion channel positive allosteric modulator,2
CHEMBL281398,TERBOGREL,CC(C)(C)N/C(=N\C#N)Nc1cccc(/C(=C\CCCC(=O)O)c2cccnc2)c1,CHEMBL2069,Thromboxane A2 receptor,ANTAGONIST,Thromboxane A2 receptor antagonist,2
CHEMBL225071,RALTITREXED,Cc1nc(=O)c2cc(CN(C)c3ccc(C(=O)N[C@@H](CCC(=O)O)C(=O)O)s3)ccc2[nH]1,CHEMBL1952,Thymidylate synthase,INHIBITOR,Thymidylate synthase inhibitor,4
CHEMBL355200,ENILURACIL,C#Cc1c[nH]c(=O)[nH]c1=O,CHEMBL3172,Dihydropyrimidine dehydrogenase [NADP(+)],INHIBITOR,Dihydropyrimidine dehydrogenase inhibitor,3
CHEMBL2105872,IBUTAMOREN MESYLATE,CC(C)(N)C(=O)N[C@H](COCc1ccccc1)C(=O)N1CCC2(CC1)CN(S(C)(=O)=O)c1ccccc12.CS(=O)(=O)O,CHEMBL4616,Growth hormone secretagogue receptor type 1,AGONIST,Ghrelin receptor agonist,2
CHEMBL29609,PLECONARIL,Cc1cc(CCCOc2c(C)cc(-c3noc(C(F)(F)F)n3)cc2C)on1,CHEMBL3833484,VP1 capsid protein,DISRUPTING AGENT,VP1 capsid protein disrupting agent,2
CHEMBL1206690,PARECOXIB,CCC(=O)NS(=O)(=O)c1ccc(-c2c(-c3ccccc3)noc2C)cc1,CHEMBL230,Prostaglandin G/H synthase 2,INHIBITOR,Cyclooxygenase-2 inhibitor,4
CHEMBL359164,TROXACITABINE,Nc1ccn([C@@H]2CO[C@H](CO)O2)c(=O)n1,CHEMBL2363042,DNA polymerase (alpha/delta/epsilon),INHIBITOR,DNA polymerase (alpha/delta/epsilon) inhibitor,2
CHEMBL1016,CANDESARTAN,CCOc1nc2cccc(C(=O)O)c2n1Cc1ccc(-c2ccccc2-c2nnn[nH]2)cc1,CHEMBL227,Type-1 angiotensin II receptor,ANTAGONIST,Type-1 angiotensin II receptor antagonist,3
CHEMBL70972,SERATRODAST,CC1=C(C)C(=O)C(C(CCCCCC(=O)O)c2ccccc2)=C(C)C1=O,CHEMBL2069,Thromboxane A2 receptor,ANTAGONIST,Thromboxane A2 receptor antagonist,4
CHEMBL226267,ARZOXIFENE,COc1ccc(-c2sc3cc(O)ccc3c2Oc2ccc(OCCN3CCCCC3)cc2)cc1,CHEMBL2093866,Estrogen receptor,MODULATOR,Estrogen receptor modulator,3
CHEMBL515408,MARIBAVIR,CC(C)Nc1nc2cc(Cl)c(Cl)cc2n1[C@H]1O[C@@H](CO)[C@H](O)[C@@H]1O,CHEMBL1287608,Serine/threonine protein kinase UL97,INHIBITOR,Phosphotransferase pUL97 inhibitor,4
CHEMBL218166,BIFEPRUNOX,O=c1[nH]c2cccc(N3CCN(Cc4cccc(-c5ccccc5)c4)CC3)c2o1,CHEMBL217,D(2) dopamine receptor,PARTIAL AGONIST,Dopamine D2 receptor partial agonist,3
CHEMBL1094636,NIRAPARIB,NC(=O)c1cccc2cn(-c3ccc([C@@H]4CCCNC4)cc3)nc12,CHEMBL3105,Poly [ADP-ribose] polymerase 1,INHIBITOR,Poly [ADP-ribose] polymerase-1 inhibitor,4
CHEMBL2107313,BECATECARIN,CCN(CC)CCN1C(=O)c2c(c3c4cccc(Cl)c4n([C@@H]4O[C@H](CO)[C@@H](OC)[C@H](O)[C@H]4O)c3c3[nH]c4c(Cl)cccc4c23)C1=O,CHEMBL2094255,DNA topoisomerase II,INHIBITOR,DNA topoisomerase II inhibitor,3
CHEMBL119625,ZONAMPANEL,O=C(O)Cn1c(=O)c(=O)[nH]c2cc([N+](=O)[O-])c(-n3ccnc3)cc21,CHEMBL2096670,Glutamate receptor ionotropic AMPA,ANTAGONIST,Glutamate receptor ionotropic AMPA antagonist,2
CHEMBL281398,TERBOGREL,CC(C)(C)N/C(=N\C#N)Nc1cccc(/C(=C\CCCC(=O)O)c2cccnc2)c1,CHEMBL1835,Thromboxane-A synthase,INHIBITOR,Thromboxane-A synthase inhibitor,2
CHEMBL3545062,VELPATASVIR,COC[C@H]1C[C@@H](c2nc(-c3ccc4c(c3)COc3cc5c(ccc6nc([C@@H]7CC[C@H](C)N7C(=O)[C@@H](NC(=O)OC)C(C)C)[nH]c65)cc3-4)c[nH]2)N(C(=O)[C@H](NC(=O)OC)c2ccccc2)C1,CHEMBL3307224,Nonstructural protein 5A,INHIBITOR,Nonstructural protein 5A inhibitor,4
CHEMBL3833368,RUCAPARIB CAMSYLATE,CC1(C)[C@@H]2CC[C@@]1(CS(=O)(=O)O)C(=O)C2.CNCc1ccc(-c2[nH]c3cc(F)cc4c3c2CCNC4=O)cc1,CHEMBL3390820,"PARP 1, 2 and 3",INHIBITOR,"PARP 1, 2 and 3 inhibitor",4
CHEMBL3707266,RIBOCICLIB SUCCINATE,CN(C)C(=O)c1cc2cnc(Nc3ccc(N4CCNCC4)cn3)nc2n1C1CCCC1.O=C(O)CCC(=O)O,CHEMBL331,Cyclin-dependent kinase 4,INHIBITOR,Cyclin-dependent kinase 4 inhibitor,4
CHEMBL3707266,RIBOCICLIB SUCCINATE,CN(C)C(=O)c1cc2cnc(Nc3ccc(N4CCNCC4)cn3)nc2n1C1CCCC1.O=C(O)CCC(=O)O,CHEMBL2508,Cyclin-dependent kinase 6,INHIBITOR,Cyclin-dependent kinase 6 inhibitor,4
CHEMBL48582,SAFINAMIDE MESYLATE,CS(=O)(=O)O.C[C@H](NCc1ccc(OCc2cccc(F)c2)cc1)C(N)=O,CHEMBL2039,Amine oxidase [flavin-containing] B,INHIBITOR,Monoamine oxidase B inhibitor,4
CHEMBL3039508,NALDEMEDINE TOSYLATE,CC(C)(NC(=O)C1=C(O)[C@@H]2Oc3c(O)ccc4c3[C@@]23CCN(CC2CC2)[C@H](C4)[C@]3(O)C1)c1nc(-c2ccccc2)no1.Cc1ccc(S(=O)(=O)O)cc1,CHEMBL233,Mu-type opioid receptor,ANTAGONIST,Mu opioid receptor antagonist,4
CHEMBL2105695,TELOTRISTAT ETHYL,CCOC(=O)[C@@H](N)Cc1ccc(-c2cc(O[C@H](c3ccc(Cl)cc3-n3ccc(C)n3)C(F)(F)F)nc(N)n2)cc1,CHEMBL3831287,Tryptophan 5-hydroxylase,INHIBITOR,Tryptophan 5-hydroxylase inhibitor,4
CHEMBL1201891,DEFLAZACORT,CC(=O)OCC(=O)[C@@]12N=C(C)O[C@@H]1C[C@H]1[C@@H]3CCC4=CC(=O)C=C[C@]4(C)[C@H]3[C@@H](O)C[C@@]12C,CHEMBL2034,Glucocorticoid receptor,AGONIST,Glucocorticoid receptor agonist,4
CHEMBL3707374,AMISELIMOD HYDROCHLORIDE,CCCCCCCOc1ccc(CCC(N)(CO)CO)cc1C(F)(F)F.Cl,CHEMBL2363041,Sphingosine 1-phosphate receptor,MODULATOR,Sphingosine 1-phosphate receptor modulator,2
CHEMBL4204869,ELENBECESTAT,C[C@H]1OC[C@]2(c3cc(NC(=O)c4cnc(C(F)F)cn4)ccc3F)N=C(N)SC[C@H]12,CHEMBL4822,Beta-secretase 1,INHIBITOR,Beta-secretase 1 inhibitor,3
CHEMBL1540,PENCICLOVIR,Nc1nc(O)c2ncn(CCC(CO)CO)c2n1,CHEMBL1872,DNA polymerase catalytic subunit,INHIBITOR,Human herpesvirus 1 DNA polymerase inhibitor,4
CHEMBL656,OXYCODONE,COc1ccc2c3c1O[C@H]1C(=O)CC[C@@]4(O)[C@@H](C2)N(C)CC[C@]314,CHEMBL233,Mu-type opioid receptor,AGONIST,Mu opioid receptor agonist,4
CHEMBL94081,ALCLOFENAC,C=CCOc1ccc(CC(=O)O)cc1Cl,CHEMBL221,Prostaglandin G/H synthase 1,INHIBITOR,Cyclooxygenase-1 inhibitor,4
CHEMBL418995,AMINEPTINE,O=C(O)CCCCCCNC1c2ccccc2CCc2ccccc21,CHEMBL2111341,Dopamine D1 and D2 receptor,ANTAGONIST,Dopamine D1 and D2 receptor antagonist,4
CHEMBL1089221,BENDAZAC,O=C(O)COc1nn(Cc2ccccc2)c2ccccc12,CHEMBL1929,Xanthine dehydrogenase/oxidase,INHIBITOR,Xanthine dehydrogenase inhibitor,4
CHEMBL400599,BENFLUOREX,CC(Cc1cccc(C(F)(F)F)c1)NCCOC(=O)c1ccccc1,CHEMBL2782,Sterol O-acyltransferase 1,INHIBITOR,Acyl coenzyme A:cholesterol acyltransferase 1 inhibitor,4
CHEMBL340978,BENOXAPROFEN,CC(C(=O)O)c1ccc2oc(-c3ccc(Cl)cc3)nc2c1,CHEMBL3687,Polyunsaturated fatty acid lipoxygenase ALOX12,INHIBITOR,Arachidonate 12-lipoxygenase inhibitor,4
CHEMBL232201,BENZIODARONE,CCc1oc2ccccc2c1C(=O)c1cc(I)c(O)c(I)c1,CHEMBL6093,Calmodulin-1,INHIBITOR,Calmodulin inhibitor,4
CHEMBL1463345,CANRENONE,C[C@]12CCC(=O)C=C1C=C[C@@H]1[C@@H]2CC[C@@]2(C)[C@H]1CC[C@@]21CCC(=O)O1,CHEMBL1994,Mineralocorticoid receptor,ANTAGONIST,Mineralocorticoid receptor antagonist,4
CHEMBL1256696,CARBETAPENTANE CITRATE,CCN(CC)CCOCCOC(=O)C1(c2ccccc2)CCCC1.O=C(O)CC(O)(CC(=O)O)C(=O)O,CHEMBL287,Sigma non-opioid intracellular receptor 1,AGONIST,Sigma opioid receptor agonist,4
CHEMBL53418,DANTHRON,O=C1c2cccc(O)c2C(=O)c2c(O)cccc21,CHEMBL2061,Retinoic acid receptor RXR-alpha,ANTAGONIST,Retinoid X receptor alpha antagonist,4
CHEMBL3989803,DIPYRONE,Cc1c(N(C)CS(=O)(=O)[O-])c(=O)n(-c2ccccc2)n1C.O.[Na+],CHEMBL2094253,Cyclooxygenase,INHIBITOR,Cyclooxygenase inhibitor,4
CHEMBL2106217,FENFLURAMINE HYDROCHLORIDE,CCNC(C)Cc1cccc(C(F)(F)F)c1.Cl,CHEMBL1983,5-hydroxytryptamine receptor 1D,AGONIST,Serotonin 1d (5-HT1d) receptor agonist,4
CHEMBL32800,FENOTEROL,CC(Cc1ccc(O)cc1)NCC(O)c1cc(O)cc(O)c1,CHEMBL210,Beta-2 adrenergic receptor,AGONIST,Beta-2 adrenergic receptor agonist,4
CHEMBL146095,GLAFENINE,O=C(OCC(O)CO)c1ccccc1Nc1ccnc2cc(Cl)ccc12,CHEMBL2094253,Cyclooxygenase,INHIBITOR,Cyclooxygenase inhibitor,4
CHEMBL15870,INDOPROFEN,CC(C(=O)O)c1ccc(N2Cc3ccccc3C2=O)cc1,CHEMBL2094253,Cyclooxygenase,INHIBITOR,Cyclooxygenase inhibitor,4
CHEMBL404108,LUMIRACOXIB,Cc1ccc(Nc2c(F)cccc2Cl)c(CC(=O)O)c1,CHEMBL230,Prostaglandin G/H synthase 2,INHIBITOR,Cyclooxygenase-2 inhibitor,4
CHEMBL159226,MOXISYLYTE,CC(=O)Oc1cc(C(C)C)c(OCCN(C)C)cc1C,CHEMBL2095203,Adrenergic receptor alpha,ANTAGONIST,Adrenergic receptor alpha antagonist,4
CHEMBL1256841,NIALAMIDE,O=C(CCNNC(=O)c1ccncc1)NCc1ccccc1,CHEMBL2095205,Monoamine oxidase,INHIBITOR,Monoamine oxidase inhibitor,4
CHEMBL188952,PIRPROFEN,CC(C(=O)O)c1ccc(N2CC=CC2)c(Cl)c1,CHEMBL2094253,Cyclooxygenase,INHIBITOR,Cyclooxygenase inhibitor,4
CHEMBL24072,PRENYLAMINE,CC(Cc1ccccc1)NCCC(c1ccccc1)c1ccccc1,CHEMBL1980,Sodium channel protein type 5 subunit alpha,BLOCKER,Sodium channel protein type V alpha subunit blocker,4
CHEMBL316561,PROGLUMIDE,CCCN(CCC)C(=O)C(CCC(=O)O)NC(=O)c1ccccc1,CHEMBL2095185,Cholecystokinin receptor,ANTAGONIST,Cholecystokinin receptor antagonist,4
CHEMBL22242,REMOXIPRIDE,CCN1CCC[C@H]1CNC(=O)c1c(OC)ccc(Br)c1OC,CHEMBL217,D(2) dopamine receptor,ANTAGONIST,Dopamine D2 receptor antagonist,4
CHEMBL111,RIMONABANT,Cc1c(C(=O)NN2CCCCC2)nn(-c2ccc(Cl)cc2Cl)c1-c1ccc(Cl)cc1,CHEMBL218,Cannabinoid receptor 1,ANTAGONIST,Cannabinoid CB1 receptor antagonist,4
CHEMBL12713,SERTINDOLE,O=C1NCCN1CCN1CCC(c2cn(-c3ccc(F)cc3)c3ccc(Cl)cc23)CC1,CHEMBL217,D(2) dopamine receptor,ANTAGONIST,Dopamine D2 receptor antagonist,4
CHEMBL282724,SITAXENTAN,Cc1cc2c(cc1CC(=O)c1sccc1S(=O)(=O)Nc1onc(C)c1Cl)OCO2,CHEMBL2096678,"Endothelin receptor, ET-A/ET-B",ANTAGONIST,"Endothelin receptor, ET-A/ET-B antagonist",4
CHEMBL2105740,SITAXENTAN SODIUM,Cc1cc2c(cc1CC(=O)c1sccc1S(=O)(=O)[N-]c1onc(C)c1Cl)OCO2.[Na+],CHEMBL2096678,"Endothelin receptor, ET-A/ET-B",ANTAGONIST,"Endothelin receptor, ET-A/ET-B antagonist",4
CHEMBL70046,SORIVUDINE,O=c1[nH]c(=O)n([C@@H]2O[C@H](CO)[C@@H](O)[C@@H]2O)cc1/C=C/Br,CHEMBL5944,DNA polymerase catalytic subunit,INHIBITOR,DNA polymerase catalytic subunit inhibitor,4
CHEMBL62193,SULFADIMETHOXINE,COc1cc(NS(=O)(=O)c2ccc(N)cc2)nc(OC)n1,CHEMBL2364668,Dihydropteroate synthase,INHIBITOR,Bacterial dihydropteroate synthase inhibitor,4
CHEMBL268869,SULFAMETHOXYPYRIDAZINE,COc1ccc(NS(=O)(=O)c2ccc(N)cc2)nn1,CHEMBL2364668,Dihydropteroate synthase,INHIBITOR,Bacterial dihydropteroate synthase inhibitor,4
CHEMBL404849,SULOCTIDIL,CCCCCCCCNC(C)C(O)c1ccc(SC(C)C)cc1,CHEMBL2363032,Voltage-gated calcium channel,BLOCKER,Voltage-gated calcium channel blocker,4
CHEMBL17157,TERFENADINE,CC(C)(C)c1ccc(C(O)CCCN2CCC(C(O)(c3ccccc3)c3ccccc3)CC2)cc1,CHEMBL231,Histamine H1 receptor,ANTAGONIST,Histamine H1 receptor antagonist,4
CHEMBL2105458,THENALIDINE,CN1CCC(N(Cc2cccs2)c2ccccc2)CC1,CHEMBL231,Histamine H1 receptor,ANTAGONIST,Histamine H1 receptor antagonist,4
CHEMBL436,TOLRESTAT,COc1ccc2c(C(=S)N(C)CC(=O)O)cccc2c1C(F)(F)F,CHEMBL1900,Aldo-keto reductase family 1 member B1,INHIBITOR,Aldose reductase inhibitor,4
CHEMBL2105581,VERALIPRIDE,C=CCN1CCCC1CNC(=O)c1cc(S(N)(=O)=O)cc(OC)c1OC,CHEMBL217,D(2) dopamine receptor,ANTAGONIST,Dopamine D2 receptor antagonist,4
CHEMBL522038,XIMELAGATRAN,CCOC(=O)CN[C@@H](C(=O)N1CC[C@H]1C(=O)NCc1ccc(/C(N)=N\O)cc1)C1CCCCC1,CHEMBL204,Prothrombin,INHIBITOR,Thrombin inhibitor,4
CHEMBL189171,ACEMETACIN,COc1ccc2c(c1)c(CC(=O)OCC(=O)O)c(C)n2C(=O)c1ccc(Cl)cc1,CHEMBL2094253,Cyclooxygenase,INHIBITOR,Cyclooxygenase inhibitor,2
CHEMBL10878,AGOMELATINE,COc1ccc2cccc(CCNC(C)=O)c2c1,CHEMBL2094268,Melatonin receptor,AGONIST,Melatonin receptor agonist,4
CHEMBL1601669,ALFACALCIDOL,C=C1/C(=C\C=C2/CCC[C@]3(C)[C@@H]([C@H](C)CCCC(C)C)CC[C@@H]23)C[C@@H](O)C[C@@H]1O,CHEMBL1977,Vitamin D3 receptor,AGONIST,Vitamin D receptor agonist,3
CHEMBL243712,AMISULPRIDE,CCN1CCCC1CNC(=O)c1cc(S(=O)(=O)CC)c(N)cc1OC,CHEMBL2096904,Serotonin (5-HT) receptor,ANTAGONIST,Serotonin (5-HT) receptor antagonist,4
CHEMBL43,AMSACRINE,COc1cc(NS(C)(=O)=O)ccc1Nc1c2ccccc2nc2ccccc12,CHEMBL2094255,DNA topoisomerase II,INHIBITOR,DNA topoisomerase II inhibitor,4
CHEMBL277474,ANTIPYRINE,Cc1cc(=O)n(-c2ccccc2)n1C,CHEMBL221,Prostaglandin G/H synthase 1,INHIBITOR,Cyclooxygenase-1 inhibitor,3
CHEMBL1565476,APAZONE,CCCC1C(=O)N2C(N(C)C)=Nc3ccc(C)cc3N2C1=O,CHEMBL2094253,Cyclooxygenase,INHIBITOR,Cyclooxygenase inhibitor,2
CHEMBL1096979,BENSERAZIDE,NC(CO)C(=O)NNCc1ccc(O)c(O)c1O,CHEMBL1843,Aromatic-L-amino-acid decarboxylase,INHIBITOR,DOPA decarboxylase inhibitor,3
CHEMBL388590,BENZBROMARONE,CCc1oc2ccccc2c1C(=O)c1cc(Br)c(O)c(Br)c1,CHEMBL6120,Solute carrier family 22 member 12,INHIBITOR,Solute carrier family 22 member 12 inhibitor,4
CHEMBL12610,BENZYDAMINE,CN(C)CCCOc1nn(Cc2ccccc2)c2ccccc12,CHEMBL2094253,Cyclooxygenase,INHIBITOR,Cyclooxygenase inhibitor,3
CHEMBL1528134,BENZYDAMINE HYDROCHLORIDE,CN(C)CCCOc1nn(Cc2ccccc2)c2ccccc12.Cl,CHEMBL2094253,Cyclooxygenase,INHIBITOR,Cyclooxygenase inhibitor,3
CHEMBL24441,BETAHISTINE,CNCCc1ccccn1,CHEMBL264,Histamine H3 receptor,ANTAGONIST,Histamine H3 receptor antagonist,2
CHEMBL264374,BEZAFIBRATE,CC(C)(Oc1ccc(CCNC(=O)c2ccc(Cl)cc2)cc1)C(=O)O,CHEMBL3559683,Peroxisome proliferator-activated receptor,AGONIST,Peroxisome proliferator-activated receptor agonist,3
CHEMBL1742423,BILASTINE,CCOCCn1c(C2CCN(CCc3ccc(C(C)(C)C(=O)O)cc3)CC2)nc2ccccc21,CHEMBL231,Histamine H1 receptor,INVERSE AGONIST,Histamine H1 receptor inverse agonist,3
CHEMBL277062,BROMAZEPAM,O=C1CN=C(c2ccccn2)c2cc(Br)ccc2N1,CHEMBL4956,Gamma-aminobutyric acid receptor subunit alpha-2,POSITIVE ALLOSTERIC MODULATOR,GABA receptor alpha-2 subunit positive allosteric modulator,3
CHEMBL28218,BROMPERIDOL,O=C(CCCN1CCC(O)(c2ccc(Br)cc2)CC1)c1ccc(F)cc1,CHEMBL217,D(2) dopamine receptor,ANTAGONIST,Dopamine D2 receptor antagonist,3
CHEMBL2110824,BUSERELIN,CCNC(=O)[C@@H]1CCCN1C(=O)[C@H](CCCNC(=N)N)NC(=O)[C@H](CC(C)C)NC(=O)[C@@H](COC(C)(C)C)NC(=O)[C@H](Cc1ccc(O)cc1)NC(=O)[C@H](CO)NC(=O)[C@H](Cc1c[nH]c2ccccc12)NC(=O)[C@H](Cc1cnc[nH]1)NC(=O)[C@@H]1CCC(=O)N1,CHEMBL1855,Gonadotropin-releasing hormone receptor,AGONIST,Gonadotropin-releasing hormone receptor agonist,3
CHEMBL559180,ISOXSUPRINE HYDROCHLORIDE,CC(COc1ccccc1)NC(C)C(O)c1ccc(O)cc1.Cl,CHEMBL2094251,Adrenergic receptor alpha-1,ANTAGONIST,Adrenergic receptor alpha-1 antagonist,1
CHEMBL254328,ABIRATERONE,C[C@]12CC[C@H](O)CC1=CC[C@@H]1[C@@H]2CC[C@]2(C)C(c3cccnc3)=CC[C@@H]12,CHEMBL3522,"Steroid 17-alpha-hydroxylase/17,20 lyase",INHIBITOR,Cytochrome P450 17A1 inhibitor,3
CHEMBL1371200,CANRENOATE POTASSIUM,C[C@]12CCC(=O)C=C1C=C[C@@H]1[C@@H]2CC[C@@]2(C)[C@H]1CC[C@@]2(O)CCC(=O)[O-].[K+],CHEMBL1994,Mineralocorticoid receptor,ANTAGONIST,Mineralocorticoid receptor antagonist,3
CHEMBL499915,CARBENOXOLONE,CC1(C)[C@@H](OC(=O)CCC(=O)O)CC[C@]2(C)[C@H]3C(=O)C=C4[C@@H]5C[C@@](C)(C(=O)O)CC[C@]5(C)CC[C@@]4(C)[C@]3(C)CC[C@@H]12,CHEMBL3542430,11-beta-hydroxysteroid dehydrogenase,INHIBITOR,11-beta-hydroxysteroid dehydrogenase inhibitor,2
CHEMBL3301668,CARBETOCIN,CC[C@H](C)[C@@H]1NC(=O)[C@H](Cc2ccc(OC)cc2)NC(=O)CCCSC[C@@H](C(=O)N2CCC[C@H]2C(=O)N[C@@H](CC(C)C)C(=O)NCC(N)=O)NC(=O)[C@H](CC(N)=O)NC(=O)[C@H](CCC(N)=O)NC1=O,CHEMBL2049,Oxytocin receptor,AGONIST,Oxytocin receptor agonist,3
CHEMBL508102,CARBIMAZOLE,CCOC(=O)n1ccn(C)c1=S,CHEMBL1839,Thyroid peroxidase,INHIBITOR,Thyroid peroxidase inhibitor,3
CHEMBL1146,CEFAMANDOLE,Cn1nnnc1SCC1=C(C(=O)O)N2C(=O)[C@@H](NC(=O)[C@H](O)c3ccccc3)[C@H]2SC1,CHEMBL2354204,Bacterial penicillin-binding protein,INHIBITOR,Bacterial penicillin-binding protein inhibitor,2
CHEMBL2303613,CEFODIZIME,CO/N=C(\C(=O)N[C@@H]1C(=O)N2C(C(=O)O)=C(CSc3nc(C)c(CC(=O)O)s3)CS[C@H]12)c1csc(N)n1,CHEMBL2354204,Bacterial penicillin-binding protein,INHIBITOR,Bacterial penicillin-binding protein inhibitor,2
CHEMBL65794,CEFPIROME,CO/N=C(\C(=O)N[C@@H]1C(=O)N2C(C(=O)[O-])=C(C[n+]3cccc4c3CCC4)CS[C@H]12)c1csc(N)n1,CHEMBL2354204,Bacterial penicillin-binding protein,INHIBITOR,Bacterial penicillin-binding protein inhibitor,2
CHEMBL3351077,CEFSULODIN,NC(=O)c1cc[n+](CC2=C(C(=O)[O-])N3C(=O)[C@@H](NC(=O)[C@@H](c4ccccc4)S(=O)(=O)O)[C@H]3SC2)cc1,CHEMBL2354204,Bacterial penicillin-binding protein,INHIBITOR,Bacterial penicillin-binding protein inhibitor,2
CHEMBL27810,CELIPROLOL,CCN(CC)C(=O)Nc1ccc(OCC(O)CNC(C)(C)C)c(C(C)=O)c1,CHEMBL210,Beta-2 adrenergic receptor,PARTIAL AGONIST,Beta-2 adrenergic receptor partial agonist,3
CHEMBL2110774,CHLORPHENOXAMINE,CN(C)CCOC(C)(c1ccccc1)c1ccc(Cl)cc1,CHEMBL231,Histamine H1 receptor,ANTAGONIST,Histamine H1 receptor antagonist,2
CHEMBL515606,CILAZAPRIL,CCOC(=O)[C@H](CCc1ccccc1)N[C@H]1CCCN2CCC[C@@H](C(=O)O)N2C1=O,CHEMBL1808,Angiotensin-converting enzyme,INHIBITOR,Angiotensin-converting enzyme inhibitor,2
CHEMBL557555,CIPROFIBRATE,CC(C)(Oc1ccc(C2CC2(Cl)Cl)cc1)C(=O)O,CHEMBL239,Peroxisome proliferator-activated receptor alpha,AGONIST,Peroxisome proliferator-activated receptor alpha agonist,4
CHEMBL325109,CLEBOPRIDE,COc1cc(N)c(Cl)cc1C(=O)NC1CCN(Cc2ccccc2)CC1,CHEMBL1875,5-hydroxytryptamine receptor 4,AGONIST,Serotonin 4 (5-HT4) receptor agonist,2
CHEMBL49080,CLENBUTEROL,CC(C)(C)NCC(O)c1cc(Cl)c(N)c(Cl)c1,CHEMBL210,Beta-2 adrenergic receptor,AGONIST,Beta-2 adrenergic receptor agonist,2
CHEMBL315795,CLOMETHIAZOLE,Cc1ncsc1CCCl,CHEMBL2093872,GABA-A receptor; anion channel,POSITIVE ALLOSTERIC MODULATOR,GABA-A receptor; anion channel positive allosteric modulator,3
CHEMBL304902,CLOTHIAPINE,CN1CCN(C2=Nc3ccccc3Sc3ccc(Cl)cc32)CC1,CHEMBL2095200,Serotonin 2 (5-HT2) receptor,ANTAGONIST,Serotonin 2 (5-HT2) receptor antagonist,2
CHEMBL2105842,CORTIVAZOL,CC(=O)OCC(=O)[C@@]1(O)[C@H](C)C[C@H]2[C@@H]3C=C(C)C4=Cc5c(cnn5-c5ccccc5)C[C@]4(C)[C@H]3[C@@H](O)C[C@@]21C,CHEMBL2034,Glucocorticoid receptor,AGONIST,Glucocorticoid receptor agonist,2
CHEMBL139835,CYPROTERONE ACETATE,CC(=O)O[C@]1(C(C)=O)CC[C@H]2[C@@H]3C=C(Cl)C4=CC(=O)[C@@H]5C[C@@H]5[C@]4(C)[C@H]3CC[C@@]21C,CHEMBL1871,Androgen receptor,ANTAGONIST,Androgen Receptor antagonist,3
CHEMBL2110900,DAPOXETINE,CN(C)[C@@H](CCOc1cccc2ccccc12)c1ccccc1,CHEMBL228,Sodium-dependent serotonin transporter,INHIBITOR,Serotonin transporter inhibitor,3
CHEMBL169901,DEBRISOQUIN,N=C(N)N1CCc2ccccc2C1,CHEMBL222,Sodium-dependent noradrenaline transporter,INHIBITOR,Norepinephrine transporter inhibitor,2
CHEMBL75435,DEXKETOPROFEN,C[C@H](C(=O)O)c1cccc(C(=O)c2ccccc2)c1,CHEMBL2094253,Cyclooxygenase,INHIBITOR,Cyclooxygenase inhibitor,4
CHEMBL3833389,DEXTROMORAMIDE,C[C@@H](CC(C(=O)N1CCCC1)(c1ccccc1)c1ccccc1)N1CCOCC1,CHEMBL2095181,Opioid receptors; mu/kappa/delta,AGONIST,Opioid receptors; mu/kappa/delta agonist,2
CHEMBL1442422,DIBENZEPIN,CN(C)CCN1C(=O)c2ccccc2N(C)c2ccccc21,CHEMBL231,Histamine H1 receptor,ANTAGONIST,Histamine H1 receptor antagonist,4
CHEMBL22108,DIMETHINDENE,CC(C1=C(CCN(C)C)Cc2ccccc21)c1ccccn1,CHEMBL231,Histamine H1 receptor,ANTAGONIST,Histamine H1 receptor antagonist,3
CHEMBL397420,ACENOCOUMAROL,CC(=O)CC(c1ccc([N+](=O)[O-])cc1)c1c(O)c2ccccc2oc1=O,CHEMBL1930,Vitamin K epoxide reductase complex subunit 1,INHIBITOR,Vitamin k epoxide reductase complex subunit 1 isoform 1 inhibitor,3
CHEMBL382301,ATOSIBAN,CCOc1ccc(C[C@H]2NC(=O)CCSSC[C@@H](C(=O)N3CCC[C@H]3C(=O)N[C@@H](CCCN)C(=O)NCC(N)=O)NC(=O)[C@H](CC(N)=O)NC(=O)[C@H]([C@@H](C)O)NC(=O)[C@H]([C@@H](C)CC)NC2=O)cc1,CHEMBL2049,Oxytocin receptor,ANTAGONIST,Oxytocin receptor antagonist,4
CHEMBL253371,ALVERINE,CCN(CCCc1ccccc1)CCCc1ccccc1,CHEMBL214,5-hydroxytryptamine receptor 1A,ANTAGONIST,Serotonin 1a (5-HT1a) receptor antagonist,2
CHEMBL297302,BENPERIDOL,O=C(CCCN1CCC(n2c(=O)[nH]c3ccccc32)CC1)c1ccc(F)cc1,CHEMBL217,D(2) dopamine receptor,ANTAGONIST,Dopamine D2 receptor antagonist,3
CHEMBL93645,ACECLOFENAC,O=C(O)COC(=O)Cc1ccccc1Nc1c(Cl)cccc1Cl,CHEMBL230,Prostaglandin G/H synthase 2,INHIBITOR,Cyclooxygenase-2 inhibitor,2
CHEMBL43064,CINNARIZINE,C(=C/c1ccccc1)\CN1CCN(C(c2ccccc2)c2ccccc2)CC1,CHEMBL2095229,Voltage-gated L-type calcium channel,BLOCKER,Voltage-gated L-type calcium channel blocker,2
CHEMBL1697737,CLOTIAZEPAM,CCc1cc2c(s1)N(C)C(=O)CN=C2c1ccccc1Cl,CHEMBL2093872,GABA-A receptor; anion channel,POSITIVE ALLOSTERIC MODULATOR,GABA-A receptor; anion channel positive allosteric modulator,2
CHEMBL2051955,LEVOSIMENDAN,C[C@@H]1CC(=O)NN=C1c1ccc(NN=C(C#N)C#N)cc1,CHEMBL2095202,"Troponin, cardiac muscle",POSITIVE MODULATOR,"Troponin, cardiac muscle positive modulator",3
CHEMBL279785,MARIMASTAT,CNC(=O)[C@@H](NC(=O)[C@H](CC(C)C)[C@H](O)C(=O)NO)C(C)(C)C,CHEMBL332,Interstitial collagenase,INHIBITOR,Matrix metalloproteinase-1 inhibitor,3
CHEMBL279785,MARIMASTAT,CNC(=O)[C@@H](NC(=O)[C@H](CC(C)C)[C@H](O)C(=O)NO)C(C)(C)C,CHEMBL4393,Macrophage metalloelastase,INHIBITOR,Matrix metalloproteinase 12 inhibitor,3
CHEMBL279785,MARIMASTAT,CNC(=O)[C@@H](NC(=O)[C@H](CC(C)C)[C@H](O)C(=O)NO)C(C)(C)C,CHEMBL333,72 kDa type IV collagenase,INHIBITOR,Matrix metalloproteinase-2 inhibitor,3
CHEMBL279785,MARIMASTAT,CNC(=O)[C@@H](NC(=O)[C@H](CC(C)C)[C@H](O)C(=O)NO)C(C)(C)C,CHEMBL283,Stromelysin-1,INHIBITOR,Matrix metalloproteinase 3 inhibitor,3
CHEMBL279785,MARIMASTAT,CNC(=O)[C@@H](NC(=O)[C@H](CC(C)C)[C@H](O)C(=O)NO)C(C)(C)C,CHEMBL4073,Matrilysin,INHIBITOR,Matrix metalloproteinase 7 inhibitor,3
CHEMBL2106217,FENFLURAMINE HYDROCHLORIDE,CCNC(C)Cc1cccc(C(F)(F)F)c1.Cl,CHEMBL225,5-hydroxytryptamine receptor 2C,AGONIST,Serotonin 2c (5-HT2c) receptor agonist,4
CHEMBL2106217,FENFLURAMINE HYDROCHLORIDE,CCNC(C)Cc1cccc(C(F)(F)F)c1.Cl,CHEMBL287,Sigma non-opioid intracellular receptor 1,ANTAGONIST,Sigma opioid receptor antagonist,4
CHEMBL24072,PRENYLAMINE,CC(Cc1ccccc1)NCCC(c1ccccc1)c1ccccc1,CHEMBL6093,Calmodulin-1,INHIBITOR,Calmodulin inhibitor,4
CHEMBL12713,SERTINDOLE,O=C1NCCN1CCN1CCC(c2cn(-c3ccc(F)cc3)c3ccc(Cl)cc23)CC1,CHEMBL2094251,Adrenergic receptor alpha-1,ANTAGONIST,Adrenergic receptor alpha-1 antagonist,4
CHEMBL12713,SERTINDOLE,O=C1NCCN1CCN1CCC(c2cn(-c3ccc(F)cc3)c3ccc(Cl)cc23)CC1,CHEMBL2096662,Serotonin 2 receptors; 5-HT2a & 5-HT2c,ANTAGONIST,Serotonin 2 receptors; 5-HT2a & 5-HT2c antagonist,4
CHEMBL278819,MINAPRINE,Cc1cc(-c2ccccc2)nnc1NCCN1CCOCC1,CHEMBL220,Acetylcholinesterase,INHIBITOR,Acetylcholinesterase inhibitor,4
CHEMBL278819,MINAPRINE,Cc1cc(-c2ccccc2)nnc1NCCN1CCOCC1,CHEMBL2111341,Dopamine D1 and D2 receptor,AGONIST,Dopamine D1 and D2 receptor agonist,4
CHEMBL278819,MINAPRINE,Cc1cc(-c2ccccc2)nnc1NCCN1CCOCC1,CHEMBL1951,Amine oxidase [flavin-containing] A,INHIBITOR,Monoamine oxidase A inhibitor,4
CHEMBL278819,MINAPRINE,Cc1cc(-c2ccccc2)nnc1NCCN1CCOCC1,CHEMBL216,Muscarinic acetylcholine receptor M1,AGONIST,Muscarinic acetylcholine receptor M1 agonist,4
CHEMBL1442422,DIBENZEPIN,CN(C)CCN1C(=O)c2ccccc2N(C)c2ccccc21,CHEMBL222,Sodium-dependent noradrenaline transporter,INHIBITOR,Norepinephrine transporter inhibitor,4
CHEMBL27810,CELIPROLOL,CCN(CC)C(=O)Nc1ccc(OCC(O)CNC(C)(C)C)c(C(C)=O)c1,CHEMBL2095158,Adrenergic receptor alpha-2,ANTAGONIST,Adrenergic receptor alpha-2 antagonist,3
CHEMBL27810,CELIPROLOL,CCN(CC)C(=O)Nc1ccc(OCC(O)CNC(C)(C)C)c(C(C)=O)c1,CHEMBL213,Beta-1 adrenergic receptor,ANTAGONIST,Beta-1 adrenergic receptor antagonist,3
CHEMBL253371,ALVERINE,CCN(CCCc1ccccc1)CCCc1ccccc1,CHEMBL5398,Hepatocyte nuclear factor 4-alpha,ACTIVATOR,Hepatocyte nuclear factor 4-alpha activator,2
CHEMBL24441,BETAHISTINE,CNCCc1ccccn1,CHEMBL231,Histamine H1 receptor,AGONIST,Histamine H1 receptor agonist,2
CHEMBL254328,ABIRATERONE,C[C@]12CC[C@H](O)CC1=CC[C@@H]1[C@@H]2CC[C@]2(C)C(c3cccnc3)=CC[C@@H]12,CHEMBL1871,Androgen receptor,ANTAGONIST,Androgen Receptor antagonist,3
CHEMBL254328,ABIRATERONE,C[C@]12CC[C@H](O)CC1=CC[C@@H]1[C@@H]2CC[C@]2(C)C(c3cccnc3)=CC[C@@H]12,CHEMBL2363075,Steroid 5-alpha-reductase,INHIBITOR,Steroid 5-alpha-reductase inhibitor,3
CHEMBL10878,AGOMELATINE,COc1ccc2cccc(CCNC(C)=O)c2c1,CHEMBL225,5-hydroxytryptamine receptor 2C,ANTAGONIST,Serotonin 2c (5-HT2c) receptor antagonist,4
CHEMBL559180,ISOXSUPRINE HYDROCHLORIDE,CC(COc1ccccc1)NC(C)C(O)c1ccc(O)cc1.Cl,CHEMBL210,Beta-2 adrenergic receptor,AGONIST,Beta-2 adrenergic receptor agonist,1
CHEMBL43064,CINNARIZINE,C(=C/c1ccccc1)\CN1CCN(C(c2ccccc2)c2ccccc2)CC1,CHEMBL231,Histamine H1 receptor,ANTAGONIST,Histamine H1 receptor antagonist,2
CHEMBL243712,AMISULPRIDE,CCN1CCCC1CNC(=O)c1cc(S(=O)(=O)CC)c(N)cc1OC,CHEMBL2095169,Dopamine receptors; D2 & D3,ANTAGONIST,Dopamine receptors; D2 & D3 antagonist,4
CHEMBL325109,CLEBOPRIDE,COc1cc(N)c(Cl)cc1C(=O)NC1CCN(Cc2ccccc2)CC1,CHEMBL217,D(2) dopamine receptor,ANTAGONIST,Dopamine D2 receptor antagonist,2
CHEMBL304902,CLOTHIAPINE,CN1CCN(C2=Nc3ccccc3Sc3ccc(Cl)cc32)CC1,CHEMBL219,D(4) dopamine receptor,ANTAGONIST,Dopamine D4 receptor antagonist,2
CHEMBL304902,CLOTHIAPINE,CN1CCN(C2=Nc3ccccc3Sc3ccc(Cl)cc32)CC1,CHEMBL2094132,Serotonin 3 (5-HT3) receptor,ANTAGONIST,Serotonin 3 (5-HT3) receptor antagonist,2
CHEMBL139835,CYPROTERONE ACETATE,CC(=O)O[C@]1(C(C)=O)CC[C@H]2[C@@H]3C=C(Cl)C4=CC(=O)[C@@H]5C[C@@H]5[C@]4(C)[C@H]3CC[C@@]21C,CHEMBL2034,Glucocorticoid receptor,ANTAGONIST,Glucocorticoid receptor antagonist,3
CHEMBL139835,CYPROTERONE ACETATE,CC(=O)O[C@]1(C(C)=O)CC[C@H]2[C@@H]3C=C(Cl)C4=CC(=O)[C@@H]5C[C@@H]5[C@]4(C)[C@H]3CC[C@@]21C,CHEMBL208,Progesterone receptor,AGONIST,Progesterone receptor agonist,3
CHEMBL70046,SORIVUDINE,O=c1[nH]c(=O)n([C@@H]2O[C@H](CO)[C@@H](O)[C@@H]2O)cc1/C=C/Br,CHEMBL4859,DNA polymerase catalytic subunit,INHIBITOR,DNA polymerase inhibitor,4
CHEMBL3707348,ACALABRUTINIB,CC#CC(=O)N1CCC[C@H]1c1nc(-c2ccc(C(=O)Nc3ccccn3)cc2)c2c(N)nccn12,CHEMBL5251,Tyrosine-protein kinase BTK,INHIBITOR,Tyrosine-protein kinase BTK inhibitor,4
CHEMBL3545068,COPANLISIB HYDROCHLORIDE,COc1c(OCCCN2CCOCC2)ccc2c1N=C(NC(=O)c1cnc(N)nc1)N1CCN=C21.Cl.Cl,CHEMBL4005,"Phosphatidylinositol 4,5-bisphosphate 3-kinase catalytic subunit alpha isoform",INHIBITOR,PI3-kinase p110-alpha subunit inhibitor,4
CHEMBL178,DAUNORUBICIN,COc1cccc2c1C(=O)c1c(O)c3c(c(O)c1C2=O)C[C@@](O)(C(C)=O)C[C@@H]3O[C@H]1C[C@H](N)[C@H](O)[C@H](C)O1,CHEMBL2311221,DNA,INHIBITOR,DNA inhibitor,4
CHEMBL2105638,DELAFLOXACIN MEGLUMINE,CNC[C@H](O)[C@@H](O)[C@H](O)[C@H](O)CO.Nc1nc(-n2cc(C(=O)O)c(=O)c3cc(F)c(N4CC(O)C4)c(Cl)c32)c(F)cc1F,CHEMBL2311224,Bacterial DNA gyrase,INHIBITOR,Bacterial DNA gyrase inhibitor,4
CHEMBL3137326,DEUTETRABENAZINE,[2H]C([2H])([2H])Oc1cc2c(cc1OC([2H])([2H])[2H])C1CC(=O)C(CC(C)C)CN1CC2,CHEMBL1893,Synaptic vesicular amine transporter,INHIBITOR,Synaptic vesicular amine transporter inhibitor,4
CHEMBL3989931,ENASIDENIB MESYLATE,CC(C)(O)CNc1nc(Nc2ccnc(C(F)(F)F)c2)nc(-c2cccc(C(F)(F)F)n2)n1.CS(=O)(=O)O,CHEMBL3991501,"Isocitrate dehydrogenase [NADP], mitochondrial",INHIBITOR,"Isocitrate dehydrogenase [NADP], mitochondrial inhibitor",4
CHEMBL3545363,GLECAPREVIR,CC(C)(C)[C@@H]1NC(=O)O[C@@H]2CCC[C@H]2OC/C=C/C(F)(F)c2nc3ccccc3nc2O[C@@H]2C[C@@H](C(=O)N[C@]3(C(=O)NS(=O)(=O)C4(C)CC4)C[C@H]3C(F)F)N(C2)C1=O,CHEMBL2095231,"Hepatitis C virus serine protease, NS3/NS4A",INHIBITOR,"Hepatitis C virus serine protease, NS3/NS4A inhibitor",4
CHEMBL1241951,LETERMOVIR,COc1cccc(N2CCN(C3=Nc4c(F)cccc4[C@H](CC(=O)O)N3c3cc(C(F)(F)F)ccc3OC)CC2)c1,CHEMBL3991482,DNA terminase,INHIBITOR,DNA terminase inhibitor,4
CHEMBL3545123,PIBRENTASVIR,COC(=O)N[C@H](C(=O)N1CCC[C@H]1c1nc2cc([C@H]3CC[C@H](c4cc5nc([C@@H]6CCCN6C(=O)[C@@H](NC(=O)OC)[C@@H](C)OC)[nH]c5cc4F)N3c3cc(F)c(N4CCC(c5ccc(F)cc5)CC4)c(F)c3)c(F)cc2[nH]1)[C@@H](C)OC,CHEMBL3307224,Nonstructural protein 5A,INHIBITOR,Nonstructural protein 5A inhibitor,4
CHEMBL3989923,PITAVASTATIN MAGNESIUM,O=C([O-])C[C@H](O)C[C@H](O)/C=C/c1c(C2CC2)nc2ccccc2c1-c1ccc(F)cc1.O=C([O-])C[C@H](O)C[C@H](O)/C=C/c1c(C2CC2)nc2ccccc2c1-c1ccc(F)cc1.[Mg+2],CHEMBL402,3-hydroxy-3-methylglutaryl-coenzyme A reductase,INHIBITOR,HMG-CoA reductase inhibitor,4
CHEMBL3989920,PITAVASTATIN SODIUM,O=C([O-])C[C@H](O)C[C@H](O)/C=C/c1c(C2CC2)nc2ccccc2c1-c1ccc(F)cc1.[Na+],CHEMBL402,3-hydroxy-3-methylglutaryl-coenzyme A reductase,INHIBITOR,HMG-CoA reductase inhibitor,4
CHEMBL498847,SECNIDAZOLE,Cc1ncc([N+](=O)[O-])n1CC(C)O,CHEMBL2364041,DNA,INHIBITOR,DNA inhibitor,4
CHEMBL3348963,TELOTRISTAT ETIPRATE,CCOC(=O)[C@@H](N)Cc1ccc(-c2cc(O[C@H](c3ccc(Cl)cc3-n3ccc(C)n3)C(F)(F)F)nc(N)n2)cc1.O=C(O)CNC(=O)c1ccccc1,CHEMBL3831287,Tryptophan 5-hydroxylase,INHIBITOR,Tryptophan 5-hydroxylase inhibitor,4
CHEMBL3317857,VABORBACTAM,O=C(O)C[C@@H]1CC[C@H](NC(=O)Cc2cccs2)B(O)O1,CHEMBL6132,Carbapenem-hydrolyzing beta-lactamase KPC,INHIBITOR,Carbepenem-hydrolyzing beta-lactamase KPC inhibitor,4
CHEMBL3707248,VALBENAZINE TOSYLATE,COc1cc2c(cc1OC)[C@H]1C[C@@H](OC(=O)[C@@H](N)C(C)C)[C@H](CC(C)C)CN1CC2.Cc1ccc(S(=O)(=O)O)cc1.Cc1ccc(S(=O)(=O)O)cc1,CHEMBL1893,Synaptic vesicular amine transporter,INHIBITOR,Synaptic vesicular amine transporter inhibitor,4
CHEMBL3707372,VOXILAPREVIR,CC[C@@H]1[C@@H]2CN(C(=O)[C@H](C(C)(C)C)NC(=O)O[C@@H]3C[C@H]3CCCCC(F)(F)c3nc4ccc(OC)cc4nc3O2)[C@@H]1C(=O)N[C@]1(C(=O)NS(=O)(=O)C2(C)CC2)C[C@H]1C(C)C,CHEMBL2095231,"Hepatitis C virus serine protease, NS3/NS4A",INHIBITOR,"Hepatitis C virus serine protease, NS3/NS4A inhibitor",4
CHEMBL3989932,ANGIOTENSIN II ACETATE,CC(=O)O.CC[C@H](C)[C@H](NC(=O)[C@H](Cc1ccc(O)cc1)NC(=O)[C@@H](NC(=O)[C@H](CCCNC(=N)N)NC(=O)[C@@H](N)CC(=O)O)C(C)C)C(=O)N[C@@H](Cc1cnc[nH]1)C(=O)N1CCC[C@H]1C(=O)N[C@@H](Cc1ccccc1)C(=O)O,CHEMBL227,Type-1 angiotensin II receptor,AGONIST,Type-1 angiotensin II receptor agonist,4
CHEMBL2364617,MACIMORELIN ACETATE,CC(=O)O.CC(C)(N)C(=O)N[C@H](Cc1c[nH]c2ccccc12)C(=O)N[C@H](Cc1c[nH]c2ccccc12)NC=O,CHEMBL4616,Growth hormone secretagogue receptor type 1,AGONIST,Ghrelin receptor agonist,4
CHEMBL4594251,NETARSUDIL DIMESYLATE,CS(=O)(=O)O.CS(=O)(=O)O.Cc1ccc(C(=O)OCc2ccc([C@@H](CN)C(=O)Nc3ccc4cnccc4c3)cc2)c(C)c1,CHEMBL2111459,Rho-associated protein kinase,INHIBITOR,Rho-associated protein kinase inhibitor,4
CHEMBL3990047,OZENOXACIN,CNc1ncc(-c2ccc3c(=O)c(C(=O)O)cn(C4CC4)c3c2C)cc1C,CHEMBL3991502,DNA gyrase,INHIBITOR,DNA gyrase inhibitor,4
CHEMBL3989866,BICTEGRAVIR,O=C(NCc1c(F)cc(F)cc1F)c1cn2c(c(O)c1=O)C(=O)N1[C@H]3CC[C@H](C3)O[C@@H]1C2,CHEMBL3471,Human immunodeficiency virus type 1 integrase,INHIBITOR,Human immunodeficiency virus type 1 integrase inhibitor,4
CHEMBL2107825,TENOFOVIR ALAFENAMIDE,CC(C)OC(=O)[C@H](C)N[P@](=O)(CO[C@H](C)Cn1cnc2c(N)ncnc21)Oc1ccccc1,CHEMBL247,Human immunodeficiency virus type 1 reverse transcriptase,INHIBITOR,Human immunodeficiency virus type 1 reverse transcriptase inhibitor,4
CHEMBL110458,MIGALASTAT,OC[C@H]1NC[C@H](O)[C@@H](O)[C@H]1O,CHEMBL2524,Alpha-galactosidase A,STABILISER,Alpha-galactosidase A stabiliser,4
CHEMBL178,DAUNORUBICIN,COc1cccc2c1C(=O)c1c(O)c3c(c(O)c1C2=O)C[C@@](O)(C(C)=O)C[C@@H]3O[C@H]1C[C@H](N)[C@H](O)[C@H](C)O1,CHEMBL1806,DNA topoisomerase 2-alpha,INHIBITOR,DNA topoisomerase II alpha inhibitor,4
CHEMBL3545068,COPANLISIB HYDROCHLORIDE,COc1c(OCCCN2CCOCC2)ccc2c1N=C(NC(=O)c1cnc(N)nc1)N1CCN=C21.Cl.Cl,CHEMBL3130,"Phosphatidylinositol 4,5-bisphosphate 3-kinase catalytic subunit delta isoform",INHIBITOR,PI3-kinase p110-delta subunit inhibitor,4
CHEMBL2105638,DELAFLOXACIN MEGLUMINE,CNC[C@H](O)[C@@H](O)[C@H](O)[C@H](O)CO.Nc1nc(-n2cc(C(=O)O)c(=O)c3cc(F)c(N4CC(O)C4)c(Cl)c32)c(F)cc1F,CHEMBL2363076,Topoisomerase IV,INHIBITOR,Topoisomerase IV inhibitor,4
CHEMBL3990047,OZENOXACIN,CNc1ncc(-c2ccc3c(=O)c(C(=O)O)cn(C4CC4)c3c2C)cc1C,CHEMBL3038508,Topoisomerase IV,INHIBITOR,Topoisomerase IV inhibitor,4
CHEMBL3990047,OZENOXACIN,CNc1ncc(-c2ccc3c(=O)c(C(=O)O)cn(C4CC4)c3c2C)cc1C,CHEMBL3038482,DNA gyrase,INHIBITOR,DNA gyrase inhibitor,4
CHEMBL3990047,OZENOXACIN,CNc1ncc(-c2ccc3c(=O)c(C(=O)O)cn(C4CC4)c3c2C)cc1C,CHEMBL3991503,DNA topoisomerase IV,INHIBITOR,DNA topoisomerase IV inhibitor,4
CHEMBL1200699,DOXYCYCLINE,C[C@H]1c2cccc(O)c2C(=O)C2=C(O)[C@]3(O)C(=O)C(C(N)=O)=C(O)[C@@H](N(C)C)[C@@H]3[C@@H](O)[C@@H]21.O,CHEMBL2363135,Bacterial 70S ribosome,INHIBITOR,Bacterial 70S ribosome inhibitor,4
CHEMBL3989740,DOXYCYCLINE HYCLATE,CCO.C[C@H]1c2cccc(O)c2C(=O)C2=C(O)[C@]3(O)C(=O)C(C(N)=O)=C(O)[C@@H](N(C)C)[C@@H]3[C@@H](O)[C@@H]21.C[C@H]1c2cccc(O)c2C(=O)C2=C(O)[C@]3(O)C(=O)C(C(N)=O)=C(O)[C@@H](N(C)C)[C@@H]3[C@@H](O)[C@@H]21.Cl.Cl.O,CHEMBL2363135,Bacterial 70S ribosome,INHIBITOR,Bacterial 70S ribosome inhibitor,4
CHEMBL2325741,CAPIVASERTIB,NC1(C(=O)N[C@@H](CCO)c2ccc(Cl)cc2)CCN(c2nc[nH]c3nccc2-3)CC1,CHEMBL2111353,Serine/threonine-protein kinase AKT,INHIBITOR,Serine/threonine-protein kinase AKT inhibitor,4
CHEMBL3989914,GLESATINIB,COCCNCc1ccc(-c2cc3nccc(Oc4ccc(NC(=S)NC(=O)Cc5ccc(F)cc5)cc4F)c3s2)nc1,CHEMBL3717,Hepatocyte growth factor receptor,INHIBITOR,Hepatocyte growth factor receptor inhibitor,2
CHEMBL3989914,GLESATINIB,COCCNCc1ccc(-c2cc3nccc(Oc4ccc(NC(=S)NC(=O)Cc5ccc(F)cc5)cc4F)c3s2)nc1,CHEMBL2689,Macrophage-stimulating protein receptor,INHIBITOR,Macrophage-stimulating protein receptor inhibitor,2
CHEMBL3989914,GLESATINIB,COCCNCc1ccc(-c2cc3nccc(Oc4ccc(NC(=S)NC(=O)Cc5ccc(F)cc5)cc4F)c3s2)nc1,CHEMBL2095227,Vascular endothelial growth factor receptor,INHIBITOR,Vascular endothelial growth factor receptor inhibitor,2
CHEMBL3989914,GLESATINIB,COCCNCc1ccc(-c2cc3nccc(Oc4ccc(NC(=S)NC(=O)Cc5ccc(F)cc5)cc4F)c3s2)nc1,CHEMBL4128,Angiopoietin-1 receptor,INHIBITOR,Tyrosine-protein kinase TIE-2 inhibitor,2
CHEMBL2336325,VISTUSERTIB,CNC(=O)c1cccc(-c2ccc3c(N4CCOC[C@@H]4C)nc(N4CCOC[C@@H]4C)nc3n2)c1,CHEMBL2842,Serine/threonine-protein kinase mTOR,INHIBITOR,Serine/threonine-protein kinase mTOR inhibitor,2
CHEMBL429910,DAPAGLIFLOZIN,CCOc1ccc(Cc2cc([C@@H]3O[C@H](CO)[C@@H](O)[C@H](O)[C@H]3O)ccc2Cl)cc1,CHEMBL3884,Sodium/glucose cotransporter 2,INHIBITOR,Sodium/glucose cotransporter 2 inhibitor,4
CHEMBL471737,IVABRADINE,COc1cc2c(cc1OC)CC(=O)N(CCCN(C)C[C@H]1Cc3cc(OC)c(OC)cc31)CC2,CHEMBL1250417,Potassium/sodium hyperpolarization-activated cyclic nucleotide-gated channel 4,BLOCKER,Potassium/sodium hyperpolarization-activated cyclic nucleotide-gated channel 4 blocker,4
CHEMBL1790041,RANITIDINE,CNC(=C[N+](=O)[O-])NCCSCc1ccc(CN(C)C)o1,CHEMBL1941,Histamine H2 receptor,ANTAGONIST,Histamine H2 receptor antagonist,4
CHEMBL655,MIDAZOLAM,Cc1ncc2n1-c1ccc(Cl)cc1C(c1ccccc1F)=NC2,CHEMBL2093872,GABA-A receptor; anion channel,POSITIVE ALLOSTERIC MODULATOR,GABA-A receptor; anion channel positive allosteric modulator,4
CHEMBL95889,BETAINE,C[N+](C)(C)CC(=O)O,CHEMBL3391661,Betaine-homocysteine S-methyltransferase,SUBSTRATE,Betaine-homocysteine S-methyltransferase substrate,4
CHEMBL354077,AMIFAMPRIDINE,Nc1ccncc1N,CHEMBL2362996,Voltage-gated potassium channel,BLOCKER,Voltage-gated potassium channel blocker,4
CHEMBL766,CILASTATIN,CC1(C)C[C@@H]1C(=O)N/C(=C\CCCCSC[C@H](N)C(=O)O)C(=O)O,CHEMBL1989,Dipeptidase 1,INHIBITOR,Renal dipeptidase inhibitor,4
CHEMBL3301611,AMIFAMPRIDINE PHOSPHATE,Nc1ccncc1N.O=P(O)(O)O,CHEMBL2362996,Voltage-gated potassium channel,BLOCKER,Voltage-gated potassium channel blocker,4
CHEMBL2105758,AVATROMBOPAG MALEATE,O=C(Nc1nc(-c2cc(Cl)cs2)c(N2CCN(C3CCCCC3)CC2)s1)c1cnc(N2CCC(C(=O)O)CC2)c(Cl)c1.O=C(O)/C=C\C(=O)O,CHEMBL1864,Thrombopoietin receptor,AGONIST,Thrombopoietin receptor agonist,4
CHEMBL2364608,DORAVIRINE,Cn1c(Cn2ccc(C(F)(F)F)c(Oc3cc(Cl)cc(C#N)c3)c2=O)n[nH]c1=O,CHEMBL247,Human immunodeficiency virus type 1 reverse transcriptase,NEGATIVE ALLOSTERIC MODULATOR,Human immunodeficiency virus type 1 reverse transcriptase negative allosteric modulator,4
CHEMBL3989516,FOSTAMATINIB DISODIUM,COc1cc(Nc2ncc(F)c(Nc3ccc4c(n3)N(COP(=O)([O-])[O-])C(=O)C(C)(C)O4)n2)cc(OC)c1OC.O.O.O.O.O.O.[Na+].[Na+],CHEMBL2599,Tyrosine-protein kinase SYK,INHIBITOR,Tyrosine-protein kinase SYK inhibitor,4
CHEMBL3301603,GILTERITINIB FUMARATE,CCc1nc(C(N)=O)c(Nc2ccc(N3CCC(N4CCN(C)CC4)CC3)c(OC)c2)nc1NC1CCOCC1.CCc1nc(C(N)=O)c(Nc2ccc(N3CCC(N4CCN(C)CC4)CC3)c(OC)c2)nc1NC1CCOCC1.O=C(O)/C=C/C(=O)O,CHEMBL1974,Receptor-type tyrosine-protein kinase FLT3,INHIBITOR,Tyrosine-protein kinase receptor FLT3 inhibitor,4
CHEMBL4297534,GLASDEGIB MALEATE,CN1CC[C@@H](NC(=O)Nc2ccc(C#N)cc2)C[C@@H]1c1nc2ccccc2[nH]1.O=C(O)/C=C\C(=O)O,CHEMBL5971,Protein smoothened,ANTAGONIST,Smoothened homolog antagonist,4
CHEMBL3989958,IVOSIDENIB,N#Cc1ccnc(N2C(=O)CC[C@H]2C(=O)N(c2cncc(F)c2)[C@H](C(=O)NC2CC(F)(F)C2)c2ccccc2Cl)c1,CHEMBL2007625,Isocitrate dehydrogenase [NADP] cytoplasmic,INHIBITOR,Isocitrate dehydrogenase [NADP] cytoplasmic inhibitor,4
CHEMBL2107831,LUSUTROMBOPAG,CCCCCCO[C@@H](C)c1cccc(-c2csc(NC(=O)c3cc(Cl)c(/C=C(\C)C(=O)O)c(Cl)c3)n2)c1OC,CHEMBL1864,Thrombopoietin receptor,AGONIST,Thrombopoietin receptor agonist,4
CHEMBL2105748,PRUCALOPRIDE SUCCINATE,COCCCN1CCC(NC(=O)c2cc(Cl)c(N)c3c2OCC3)CC1.O=C(O)CCC(=O)O,CHEMBL1875,5-hydroxytryptamine receptor 4,AGONIST,Serotonin 4 (5-HT4) receptor agonist,4
CHEMBL3833319,REVEFENACIN,CN(CCN1CCC(OC(=O)Nc2ccccc2-c2ccccc2)CC1)C(=O)c1ccc(CN2CCC(C(N)=O)CC2)cc1,CHEMBL245,Muscarinic acetylcholine receptor M3,ANTAGONIST,Muscarinic acetylcholine receptor M3 antagonist,4
CHEMBL3989919,FOSNETUPITANT CHLORIDE HYDROCHLORIDE,Cc1ccccc1-c1cc(N2CC[N+](C)(COP(=O)(O)O)CC2)ncc1N(C)C(=O)C(C)(C)c1cc(C(F)(F)F)cc(C(F)(F)F)c1.Cl.[Cl-],CHEMBL249,Substance-P receptor,ANTAGONIST,Neurokinin 1 receptor antagonist,4
CHEMBL4297503,BALOXAVIR MARBOXIL,COC(=O)OCOc1c2n(ccc1=O)N([C@@H]1c3ccccc3SCc3c1ccc(F)c3F)[C@@H]1COCCN1C2=O,CHEMBL1169598,Polymerase acidic protein,INHIBITOR,Polymerase acidic protein inhibitor,4
CHEMBL4297503,BALOXAVIR MARBOXIL,COC(=O)OCOc1c2n(ccc1=O)N([C@@H]1c3ccccc3SCc3c1ccc(F)c3F)[C@@H]1COCCN1C2=O,CHEMBL2028641,Polymerase acidic protein,INHIBITOR,Polymerase acidic protein inhibitor,4
CHEMBL207538,BREXANOLONE,CC(=O)[C@H]1CC[C@H]2[C@@H]3CC[C@H]4C[C@H](O)CC[C@]4(C)[C@H]3CC[C@]12C,CHEMBL2093872,GABA-A receptor; anion channel,POSITIVE ALLOSTERIC MODULATOR,GABA-A receptor; anion channel positive allosteric modulator,4
CHEMBL1788132,LOFEXIDINE HYDROCHLORIDE,CC(Oc1c(Cl)cccc1Cl)C1=NCCN1.Cl,CHEMBL2095158,Adrenergic receptor alpha-2,AGONIST,Adrenergic receptor alpha-2 agonist,4
CHEMBL3286830,LORLATINIB,C[C@H]1Oc2cc(cnc2N)-c2c(nn(C)c2C#N)CN(C)C(=O)c2ccc(F)cc21,CHEMBL4247,ALK tyrosine kinase receptor,INHIBITOR,ALK tyrosine kinase receptor inhibitor,4
CHEMBL3286830,LORLATINIB,C[C@H]1Oc2cc(cnc2N)-c2c(nn(C)c2C#N)CN(C)C(=O)c2ccc(F)cc21,CHEMBL3883330,EML4-ALK,INHIBITOR,EML4-ALK inhibitor,4
CHEMBL2219414,ERAVACYCLINE DIHYDROCHLORIDE,CN(C)[C@@H]1C(O)=C(C(N)=O)C(=O)[C@@]2(O)C(O)=C3C(=O)c4c(O)c(NC(=O)CN5CCCC5)cc(F)c4C[C@H]3C[C@@H]12.Cl.Cl,CHEMBL2363135,Bacterial 70S ribosome,INHIBITOR,Bacterial 70S ribosome inhibitor,4
CHEMBL5315121,TECOVIRIMAT MONOHYDRATE,O.O=C(NN1C(=O)[C@@H]2[C@@H]3C=C[C@@H]([C@H]4C[C@@H]34)[C@@H]2C1=O)c1ccc(C(F)(F)F)cc1,CHEMBL5308522,Envelope phospholipase OPG057,INHIBITOR,Envelope phospholipase OPG057 inhibitor,4
CHEMBL2105680,RIFAMYCIN SODIUM,CO[C@H]1/C=C/O[C@@]2(C)Oc3c(C)c([O-])c4c(O)c(cc(O)c4c3C2=O)NC(=O)/C(C)=C\C=C\[C@H](C)[C@H](O)[C@@H](C)[C@@H](O)[C@@H](C)[C@H](OC(C)=O)[C@@H]1C.[Na+],CHEMBL4296169,DNA-directed RNA polymerase,INHIBITOR,DNA-directed RNA polymerase inhibitor,4
CHEMBL3545376,ERDAFITINIB,COc1cc(OC)cc(N(CCNC(C)C)c2ccc3ncc(-c4cnn(C)c4)nc3c2)c1,CHEMBL2095217,Fibroblast growth factor receptor,INHIBITOR,Fibroblast growth factor receptor inhibitor,4
CHEMBL4298150,SIPONIMOD FUMARIC ACID,CCc1cc(/C(C)=N/OCc2ccc(C3CCCCC3)c(C(F)(F)F)c2)ccc1CN1CC(C(=O)O)C1.CCc1cc(/C(C)=N/OCc2ccc(C3CCCCC3)c(C(F)(F)F)c2)ccc1CN1CC(C(=O)O)C1.O=C(O)/C=C/C(=O)O,CHEMBL4333,Sphingosine 1-phosphate receptor 1,AGONIST,Sphingosine 1-phosphate receptor Edg-1 agonist,4
CHEMBL3989867,BICTEGRAVIR SODIUM,O=C(NCc1c(F)cc(F)cc1F)c1cn2c(c([O-])c1=O)C(=O)N1[C@H]3CC[C@H](C3)O[C@@H]1C2.[Na+],CHEMBL3471,Human immunodeficiency virus type 1 integrase,INHIBITOR,Human immunodeficiency virus type 1 integrase inhibitor,4
CHEMBL3989939,LAROTRECTINIB SULFATE,O=C(Nc1cnn2ccc(N3CCC[C@@H]3c3cc(F)ccc3F)nc12)N1CC[C@H](O)C1.O=S(=O)(O)O,CHEMBL3559684,Neurotrophic tyrosine kinase receptor,INHIBITOR,Neurotrophic tyrosine kinase receptor inhibitor,4
CHEMBL4297533,BREMELANOTIDE ACETATE,CC(=O)O.CCCC[C@H](NC(C)=O)C(=O)N[C@H]1CC(=O)NCCCC[C@@H](C(=O)O)NC(=O)[C@H](Cc2c[nH]c3ccccc23)NC(=O)[C@H](CCCNC(=N)N)NC(=O)[C@@H](Cc2ccccc2)NC(=O)[C@H](Cc2c[nH]cn2)NC1=O,CHEMBL259,Melanocortin receptor 4,AGONIST,Melanocortin receptor 4 agonist,4
CHEMBL3989973,PEXIDARTINIB HYDROCHLORIDE,Cl.FC(F)(F)c1ccc(CNc2ccc(Cc3c[nH]c4ncc(Cl)cc34)cn2)cn1,CHEMBL1844,Macrophage colony-stimulating factor 1 receptor,INHIBITOR,Macrophage colony stimulating factor receptor inhibitor,4
CHEMBL3301605,RELEBACTAM,O.O=C(NC1CCNCC1)[C@@H]1CC[C@@H]2CN1C(=O)N2OS(=O)(=O)O,CHEMBL5094,Beta-lactamase SHV-1,INHIBITOR,Beta-lactamase SHV-1 inhibitor,4
CHEMBL2107355,MIGALASTAT HYDROCHLORIDE,Cl.OC[C@H]1NC[C@H](O)[C@@H](O)[C@H]1O,CHEMBL2524,Alpha-galactosidase A,STABILISER,Alpha-galactosidase A stabiliser,4
CHEMBL2103854,OMADACYCLINE TOSYLATE,CN(C)c1cc(CNCC(C)(C)C)c(O)c2c1C[C@H]1C[C@H]3[C@H](N(C)C)C(O)=C(C(N)=O)C(=O)[C@@]3(O)C(O)=C1C2=O.Cc1ccc(S(=O)(=O)O)cc1,CHEMBL2363135,Bacterial 70S ribosome,INHIBITOR,Bacterial 70S ribosome inhibitor,4
CHEMBL2364623,PLAZOMICIN SULFATE,CN[C@@H]1[C@@H](O)[C@@H](O[C@@H]2[C@@H](O)[C@H](O[C@H]3OC(CNCCO)=CC[C@H]3N)[C@@H](N)C[C@H]2NC(=O)[C@@H](O)CCN)OC[C@]1(C)O.O=S(=O)(O)O,CHEMBL2363135,Bacterial 70S ribosome,INHIBITOR,Bacterial 70S ribosome inhibitor,4
CHEMBL502182,ELAGOLIX SODIUM,COc1cccc(-c2c(C)n(Cc3c(F)cccc3C(F)(F)F)c(=O)n(C[C@H](NCCCC(=O)[O-])c3ccccc3)c2=O)c1F.[Na+],CHEMBL1855,Gonadotropin-releasing hormone receptor,ANTAGONIST,Gonadotropin-releasing hormone receptor antagonist,4
CHEMBL3301605,RELEBACTAM,O.O=C(NC1CCNCC1)[C@@H]1CC[C@@H]2CN1C(=O)N2OS(=O)(=O)O,CHEMBL2364670,Beta-lactamase TEM,INHIBITOR,Bacterial beta-lactamase TEM inhibitor,4
CHEMBL3301605,RELEBACTAM,O.O=C(NC1CCNCC1)[C@@H]1CC[C@@H]2CN1C(=O)N2OS(=O)(=O)O,CHEMBL5031,Beta-lactamase,INHIBITOR,Beta-lactamase inhibitor,4
CHEMBL3301605,RELEBACTAM,O.O=C(NC1CCNCC1)[C@@H]1CC[C@@H]2CN1C(=O)N2OS(=O)(=O)O,CHEMBL2725,Beta-lactamase,INHIBITOR,Beta-lactamase inhibitor,4
CHEMBL3301605,RELEBACTAM,O.O=C(NC1CCNCC1)[C@@H]1CC[C@@H]2CN1C(=O)N2OS(=O)(=O)O,CHEMBL3562180,Carbapenem-hydrolyzing beta-lactamase KPC,INHIBITOR,Carbapenem-hydrolyzing beta-lactamase KPC inhibitor,4
CHEMBL3301605,RELEBACTAM,O.O=C(NC1CCNCC1)[C@@H]1CC[C@@H]2CN1C(=O)N2OS(=O)(=O)O,CHEMBL6131,Beta-lactamase CTX-M,INHIBITOR,Beta-lactamase CTX-M inhibitor,4
CHEMBL2096646,AMINOSALICYLATE SODIUM,Nc1ccc(C(=O)[O-])c(O)c1.O.O.[Na+],CHEMBL6065,Dihydrofolate reductase,INHIBITOR,Dihydrofolate reductase inhibitor,4
CHEMBL3218576,COPANLISIB,COc1c(OCCCN2CCOCC2)ccc2c1N=C(NC(=O)c1cnc(N)nc1)N1CCN=C21,CHEMBL4005,"Phosphatidylinositol 4,5-bisphosphate 3-kinase catalytic subunit alpha isoform",INHIBITOR,PI3-kinase p110-alpha subunit inhibitor,4
CHEMBL3218576,COPANLISIB,COc1c(OCCCN2CCOCC2)ccc2c1N=C(NC(=O)c1cnc(N)nc1)N1CCN=C21,CHEMBL3130,"Phosphatidylinositol 4,5-bisphosphate 3-kinase catalytic subunit delta isoform",INHIBITOR,PI3-kinase p110-delta subunit inhibitor,4
CHEMBL2110732,DACOMITINIB ANHYDROUS,COc1cc2ncnc(Nc3ccc(F)c(Cl)c3)c2cc1NC(=O)/C=C/CN1CCCCC1,CHEMBL203,Epidermal growth factor receptor,INHIBITOR,Epidermal growth factor receptor erbB1 inhibitor,4
CHEMBL2110732,DACOMITINIB ANHYDROUS,COc1cc2ncnc(Nc3ccc(F)c(Cl)c3)c2cc1NC(=O)/C=C/CN1CCCCC1,CHEMBL1824,Receptor tyrosine-protein kinase erbB-2,INHIBITOR,Receptor protein-tyrosine kinase erbB-2 inhibitor,4
CHEMBL2110732,DACOMITINIB ANHYDROUS,COc1cc2ncnc(Nc3ccc(F)c(Cl)c3)c2cc1NC(=O)/C=C/CN1CCCCC1,CHEMBL3009,Receptor tyrosine-protein kinase erbB-4,INHIBITOR,Receptor protein-tyrosine kinase erbB-4 inhibitor,4
CHEMBL3301603,GILTERITINIB FUMARATE,CCc1nc(C(N)=O)c(Nc2ccc(N3CCC(N4CCN(C)CC4)CC3)c(OC)c2)nc1NC1CCOCC1.CCc1nc(C(N)=O)c(Nc2ccc(N3CCC(N4CCN(C)CC4)CC3)c(OC)c2)nc1NC1CCOCC1.O=C(O)/C=C/C(=O)O,CHEMBL4895,Tyrosine-protein kinase receptor UFO,INHIBITOR,Tyrosine-protein kinase receptor UFO inhibitor,4
CHEMBL180022,NERATINIB,CCOc1cc2ncc(C#N)c(Nc3ccc(OCc4ccccn4)c(Cl)c3)c2cc1NC(=O)/C=C/CN(C)C,CHEMBL3009,Receptor tyrosine-protein kinase erbB-4,INHIBITOR,Receptor protein-tyrosine kinase erbB-4 inhibitor,4
CHEMBL3989921,NERATINIB MALEATE,CCOc1cc2ncc(C#N)c(Nc3ccc(OCc4ccccn4)c(Cl)c3)c2cc1NC(=O)/C=C/CN(C)C.O=C(O)/C=C\C(=O)O,CHEMBL1824,Receptor tyrosine-protein kinase erbB-2,INHIBITOR,Receptor protein-tyrosine kinase erbB-2 inhibitor,4
CHEMBL3989921,NERATINIB MALEATE,CCOc1cc2ncc(C#N)c(Nc3ccc(OCc4ccccn4)c(Cl)c3)c2cc1NC(=O)/C=C/CN(C)C.O=C(O)/C=C\C(=O)O,CHEMBL203,Epidermal growth factor receptor,INHIBITOR,Epidermal growth factor receptor erbB1 inhibitor,4
CHEMBL3989921,NERATINIB MALEATE,CCOc1cc2ncc(C#N)c(Nc3ccc(OCc4ccccn4)c(Cl)c3)c2cc1NC(=O)/C=C/CN(C)C.O=C(O)/C=C\C(=O)O,CHEMBL3009,Receptor tyrosine-protein kinase erbB-4,INHIBITOR,Receptor protein-tyrosine kinase erbB-4 inhibitor,4
CHEMBL3989922,NIRAPARIB TOSYLATE MONOHYDRATE,Cc1ccc(S(=O)(=O)O)cc1.NC(=O)c1cccc2cn(-c3ccc([C@@H]4CCCNC4)cc3)nc12.O,CHEMBL5366,Poly [ADP-ribose] polymerase 2,INHIBITOR,Poly [ADP-ribose] polymerase 2 inhibitor,4
CHEMBL3989922,NIRAPARIB TOSYLATE MONOHYDRATE,Cc1ccc(S(=O)(=O)O)cc1.NC(=O)c1cccc2cn(-c3ccc([C@@H]4CCCNC4)cc3)nc12.O,CHEMBL3105,Poly [ADP-ribose] polymerase 1,INHIBITOR,Poly [ADP-ribose] polymerase-1 inhibitor,4
CHEMBL3989973,PEXIDARTINIB HYDROCHLORIDE,Cl.FC(F)(F)c1ccc(CNc2ccc(Cc3c[nH]c4ncc(Cl)cc34)cn2)cn1,CHEMBL1974,Receptor-type tyrosine-protein kinase FLT3,INHIBITOR,Tyrosine-protein kinase receptor FLT3 inhibitor,4
CHEMBL3989973,PEXIDARTINIB HYDROCHLORIDE,Cl.FC(F)(F)c1ccc(CNc2ccc(Cc3c[nH]c4ncc(Cl)cc34)cn2)cn1,CHEMBL1936,Mast/stem cell growth factor receptor Kit,INHIBITOR,Stem cell growth factor receptor inhibitor,4
CHEMBL3581647,BIRABRESIB,Cc1sc2c(c1C)C(c1ccc(Cl)cc1)=N[C@@H](CC(=O)Nc1ccc(O)cc1)c1nnc(C)n1-2,CHEMBL4296614,Bromodomain and extra-terminal motif (BET),INHIBITOR,Bromodomain and extra-terminal motif (BET) inhibitor,2
CHEMBL1232461,MOLIBRESIB,CCNC(=O)C[C@@H]1N=C(c2ccc(Cl)cc2)c2cc(OC)ccc2-n2c(C)nnc21,CHEMBL4296614,Bromodomain and extra-terminal motif (BET),INHIBITOR,Bromodomain and extra-terminal motif (BET) inhibitor,2
CHEMBL4085457,RITLECITINIB,C=CC(=O)N1C[C@H](Nc2ncnc3[nH]ccc23)CC[C@@H]1C,CHEMBL2148,Tyrosine-protein kinase JAK3,INHIBITOR,Tyrosine-protein kinase JAK3 inhibitor,4
CHEMBL4085457,RITLECITINIB,C=CC(=O)N1C[C@H](Nc2ncnc3[nH]ccc23)CC[C@@H]1C,CHEMBL4296642,TEC family kinase,INHIBITOR,TEC family kinase inhibitor,4
CHEMBL4297458,EZOBRESIB,Cc1nnn(C)c1-c1cnc2c3ccc(C(C)(C)O)cc3n([C@H](c3ccccc3)C3CCOCC3)c2c1,CHEMBL4296614,Bromodomain and extra-terminal motif (BET),INHIBITOR,Bromodomain and extra-terminal motif (BET) inhibitor,2
CHEMBL2393130,APABETALONE,COc1cc(OC)c2c(=O)[nH]c(-c3cc(C)c(OCCO)c(C)c3)nc2c1,CHEMBL4296614,Bromodomain and extra-terminal motif (BET),INHIBITOR,Bromodomain and extra-terminal motif (BET) inhibitor,3
CHEMBL4297423,RO-6870810,Cc1sc2c(c1C)C(c1ccc(Cl)cc1)=N[C@@H](CC(=O)NCCCN1CCN(C)CC1)c1nnc(C)n1-2,CHEMBL4296614,Bromodomain and extra-terminal motif (BET),INHIBITOR,Bromodomain and extra-terminal motif (BET) inhibitor,1
CHEMBL573677,ABEQUOLIXRON,C[C@H](CCOc1cccc(CC(=O)O)c1)N(Cc1cccc(C(F)(F)F)c1Cl)CC(c1ccccc1)c1ccccc1,CHEMBL3706564,Liver X receptor,AGONIST,Liver X receptor agonist,1
CHEMBL3989949,CENOBAMATE,NC(=O)O[C@@H](Cn1ncnn1)c1ccccc1Cl,CHEMBL2093872,GABA-A receptor; anion channel,POSITIVE ALLOSTERIC MODULATOR,GABA-A receptor; anion channel positive allosteric modulator,4
CHEMBL3989949,CENOBAMATE,NC(=O)O[C@@H](Cn1ncnn1)c1ccccc1Cl,CHEMBL2331043,Sodium channel alpha subunit,INHIBITOR,Sodium channel alpha subunit inhibitor,4
CHEMBL4101807,VOXELOTOR,CC(C)n1nccc1-c1ncccc1COc1cccc(O)c1C=O,CHEMBL2095168,Hemoglobin HbA,POSITIVE MODULATOR,Hemoglobin HbA positive modulator,4
CHEMBL4297213,AFAMELANOTIDE ACETATE,CC(=O)O.CCCC[C@H](NC(=O)[C@H](CO)NC(=O)[C@H](Cc1ccc(O)cc1)NC(=O)[C@H](CO)NC(C)=O)C(=O)N[C@@H](CCC(=O)O)C(=O)N[C@@H](Cc1c[nH]cn1)C(=O)N[C@H](Cc1ccccc1)C(=O)N[C@@H](CCCNC(=N)N)C(=O)N[C@@H](Cc1c[nH]c2ccccc12)C(=O)NCC(=O)N[C@@H](CCCCN)C(=O)N1CCC[C@H]1C(=O)N[C@H](C(N)=O)C(C)C,CHEMBL3795,Melanocyte-stimulating hormone receptor,AGONIST,Melanocortin receptor 1 agonist,4
CHEMBL3707313,TRIFAROTENE,CC(C)(C)c1cc(-c2cc(-c3ccc(C(=O)O)cc3)ccc2OCCO)ccc1N1CCCC1,CHEMBL2003,Retinoic acid receptor gamma,AGONIST,Retinoic acid receptor gamma agonist,4
CHEMBL3545309,LEFAMULIN ACETATE,C=C[C@]1(C)C[C@@H](OC(=O)CS[C@@H]2CC[C@@H](N)C[C@H]2O)[C@]2(C)[C@H](C)CC[C@]3(CCC(=O)[C@H]32)[C@@H](C)[C@@H]1O.CC(=O)O,CHEMBL2363135,Bacterial 70S ribosome,INHIBITOR,Bacterial 70S ribosome inhibitor,4
CHEMBL3039526,LASMIDITAN SUCCINATE,CN1CCC(C(=O)c2cccc(NC(=O)c3c(F)cc(F)cc3F)n2)CC1.CN1CCC(C(=O)c2cccc(NC(=O)c3c(F)cc(F)cc3F)n2)CC1.O=C(O)CCC(=O)O,CHEMBL1805,5-hydroxytryptamine receptor 1F,AGONIST,Serotonin 1f (5-HT1f) receptor agonist,4
CHEMBL3989974,CEFIDEROCOL,CC(C)(O/N=C(\C(=O)N[C@@H]1C(=O)N2C(C(=O)[O-])=C(C[N+]3(CCNC(=O)c4ccc(O)c(O)c4Cl)CCCC3)CS[C@H]12)c1csc(N)n1)C(=O)O,CHEMBL2354204,Bacterial penicillin-binding protein,INHIBITOR,Bacterial penicillin-binding protein inhibitor,4
CHEMBL4297216,FEDRATINIB HYDROCHLORIDE,Cc1cnc(Nc2ccc(OCCN3CCCC3)cc2)nc1Nc1cccc(S(=O)(=O)NC(C)(C)C)c1.Cl.Cl.O,CHEMBL2971,Tyrosine-protein kinase JAK2,INHIBITOR,Tyrosine-protein kinase JAK2 inhibitor,4
CHEMBL4297216,FEDRATINIB HYDROCHLORIDE,Cc1cnc(Nc2ccc(OCCN3CCCC3)cc2)nc1Nc1cccc(S(=O)(=O)NC(C)(C)C)c1.Cl.Cl.O,CHEMBL1974,Receptor-type tyrosine-protein kinase FLT3,INHIBITOR,Tyrosine-protein kinase receptor FLT3 inhibitor,4
CHEMBL1983268,ENTRECTINIB,CN1CCN(c2ccc(C(=O)Nc3n[nH]c4ccc(Cc5cc(F)cc(F)c5)cc34)c(NC3CCOCC3)c2)CC1,CHEMBL3559684,Neurotrophic tyrosine kinase receptor,INHIBITOR,Neurotrophic tyrosine kinase receptor inhibitor,4
CHEMBL1983268,ENTRECTINIB,CN1CCN(c2ccc(C(=O)Nc3n[nH]c4ccc(Cc5cc(F)cc(F)c5)cc34)c(NC3CCOCC3)c2)CC1,CHEMBL5568,Proto-oncogene tyrosine-protein kinase ROS,INHIBITOR,Proto-oncogene tyrosine-protein kinase ROS inhibitor,4
CHEMBL1983268,ENTRECTINIB,CN1CCN(c2ccc(C(=O)Nc3n[nH]c4ccc(Cc5cc(F)cc(F)c5)cc34)c(NC3CCOCC3)c2)CC1,CHEMBL4247,ALK tyrosine kinase receptor,INHIBITOR,ALK tyrosine kinase receptor inhibitor,4
CHEMBL4298128,ELEXACAFTOR,Cc1nn(C)cc1S(=O)(=O)NC(=O)c1ccc(-n2ccc(OCC(C)(C)C(F)(F)F)n2)nc1N1C[C@@H](C)CC1(C)C,CHEMBL4051,Cystic fibrosis transmembrane conductance regulator,POSITIVE MODULATOR,Cystic fibrosis transmembrane conductance regulator positive modulator,4
CHEMBL3936761,ZANUBRUTINIB,C=CC(=O)N1CCC([C@@H]2CCNc3c(C(N)=O)c(-c4ccc(Oc5ccccc5)cc4)nn32)CC1,CHEMBL5251,Tyrosine-protein kinase BTK,INHIBITOR,Tyrosine-protein kinase BTK inhibitor,4
CHEMBL4164059,PITOLISANT HYDROCHLORIDE,Cl.Clc1ccc(CCCOCCCN2CCCCC2)cc1,CHEMBL264,Histamine H3 receptor,INVERSE AGONIST,Histamine H3 receptor inverse agonist,4
CHEMBL3707393,OSILODROSTAT PHOSPHATE,N#Cc1ccc([C@H]2CCc3cncn32)c(F)c1.O=P(O)(O)O,CHEMBL1908,"Cytochrome P450 11B1, mitochondrial",INHIBITOR,Cytochrome P450 11B1 inhibitor,4
CHEMBL3707246,OZANIMOD HYDROCHLORIDE,CC(C)Oc1ccc(-c2nc(-c3cccc4c3CC[C@@H]4NCCO)no2)cc1C#N.Cl,CHEMBL4333,Sphingosine 1-phosphate receptor 1,MODULATOR,Sphingosine 1-phosphate receptor Edg-1 modulator,4
CHEMBL1651956,ALISPORIVIR,C/C=C/C[C@@H](C)[C@@H](O)[C@H]1C(=O)N[C@@H](CC)C(=O)N(C)[C@H](C)C(=O)N(CC)[C@@H](C(C)C)C(=O)N[C@@H](C(C)C)C(=O)N(C)[C@@H](CC(C)C)C(=O)N[C@@H](C)C(=O)N[C@H](C)C(=O)N(C)[C@@H](CC(C)C)C(=O)N(C)[C@@H](CC(C)C)C(=O)N(C)[C@@H](C(C)C)C(=O)N1C,CHEMBL1949,Peptidyl-prolyl cis-trans isomerase A,INHIBITOR,Cyclophilin A inhibitor,3
CHEMBL294029,RAVUCONAZOLE,C[C@@H](c1nc(-c2ccc(C#N)cc2)cs1)[C@](O)(Cn1cncn1)c1ccc(F)cc1F,CHEMBL1780,Lanosterol 14-alpha demethylase,INHIBITOR,Cytochrome P450 51 inhibitor,2
CHEMBL3545313,BEMPEDOIC ACID,CC(C)(CCCCCC(O)CCCCCC(C)(C)C(=O)O)C(=O)O,CHEMBL3720,ATP-citrate synthase,INHIBITOR,ATP-citrate synthase inhibitor,4
CHEMBL4065616,REMDESIVIR,CCC(CC)COC(=O)[C@H](C)N[P@](=O)(OC[C@H]1O[C@@](C#N)(c2ccc3c(N)ncnn23)[C@H](O)[C@@H]1O)Oc1ccccc1,CHEMBL4303062,RNA-directed RNA polymerase L,INHIBITOR,RNA-directed RNA polymerase L inhibitor,4
CHEMBL4204794,AVAPRITINIB,Cn1cc(-c2cc3c(N4CCN(c5ncc([C@@](C)(N)c6ccc(F)cc6)cn5)CC4)ncnn3c2)cn1,CHEMBL1936,Mast/stem cell growth factor receptor Kit,INHIBITOR,Stem cell growth factor receptor inhibitor,4
CHEMBL4204794,AVAPRITINIB,Cn1cc(-c2cc3c(N4CCN(c5ncc([C@@](C)(N)c6ccc(F)cc6)cn5)CC4)ncnn3c2)cn1,CHEMBL2007,Platelet-derived growth factor receptor alpha,INHIBITOR,Platelet-derived growth factor receptor alpha inhibitor,4
CHEMBL4594260,TAZEMETOSTAT HYDROBROMIDE,Br.CCN(c1cc(-c2ccc(CN3CCOCC3)cc2)cc(C(=O)NCc2c(C)cc(C)[nH]c2=O)c1C)C1CCOCC1,CHEMBL2189110,Histone-lysine N-methyltransferase EZH2,INHIBITOR,Histone-lysine N-methyltransferase EZH2 inhibitor,4
CHEMBL2364629,RIMEGEPANT SULFATE,N[C@@H]1c2cccnc2[C@H](OC(=O)N2CCC(n3c(=O)[nH]c4ncccc43)CC2)CC[C@H]1c1cccc(F)c1F.N[C@@H]1c2cccnc2[C@H](OC(=O)N2CCC(n3c(=O)[nH]c4ncccc43)CC2)CC[C@H]1c1cccc(F)c1F.O.O.O.O=S(=O)(O)O,CHEMBL3798,Calcitonin gene-related peptide type 1 receptor,ANTAGONIST,Calcitonin gene-related peptide type 1 receptor antagonist,4
CHEMBL1523964,EPHEDRINE SULFATE,CN[C@@H](C)[C@H](O)c1ccccc1.CN[C@@H](C)[C@H](O)c1ccccc1.O=S(=O)(O)O,CHEMBL2331074,Adrenergic receptor,AGONIST,Adrenergic receptor agonist,4
CHEMBL70663,DAPIVIRINE,Cc1cc(C)c(Nc2ccnc(Nc3ccc(C#N)cc3)n2)c(C)c1,CHEMBL247,Human immunodeficiency virus type 1 reverse transcriptase,INHIBITOR,Human immunodeficiency virus type 1 reverse transcriptase inhibitor,3
CHEMBL551978,DROTAVERINE,CCOc1ccc(/C=C2\NCCc3cc(OCC)c(OCC)cc32)cc1OCC,CHEMBL2093863,Phosphodiesterase 4,INHIBITOR,Phosphodiesterase 4 inhibitor,3
CHEMBL3188386,WNT-974,Cc1cc(-c2ncc(CC(=O)Nc3ccc(-c4cnccn4)cn3)cc2C)ccn1,CHEMBL1255163,Protein-serine O-palmitoleoyltransferase porcupine,INHIBITOR,Probable protein-cysteine N-palmitoyltransferase porcupine inhibitor,2
CHEMBL2105750,SOVAPREVIR,C=C[C@@H]1C[C@]1(NC(=O)[C@@H]1C[C@@H](Oc2cc(-c3ccccc3)nc3cc(OC)ccc23)CN1C(=O)[C@@H](CC(=O)N1CCCCC1)C(C)(C)C)C(=O)NS(=O)(=O)C1CC1,CHEMBL2095231,"Hepatitis C virus serine protease, NS3/NS4A",INHIBITOR,"Hepatitis C virus serine protease, NS3/NS4A inhibitor",2
CHEMBL2013174,VEDROPREVIR,CC[C@@H]1C[C@]1(NC(=O)[C@@H]1C[C@@H](Oc2cc(-c3csc(NC(C)C)n3)nc3c(Cl)c(OCCN4CCOCC4)ccc23)CN1C(=O)[C@@H](NC(=O)O[C@@H]1C[C@@H]2C[C@@H]2C1)C(C)(C)C)C(=O)O,CHEMBL2095231,"Hepatitis C virus serine protease, NS3/NS4A",INHIBITOR,"Hepatitis C virus serine protease, NS3/NS4A inhibitor",2
CHEMBL4297647,FURAPREVIR,CC(C)Oc1ccc(-c2nc(O[C@@H]3C[C@H]4C(=O)N[C@]5(C(=O)NS(=O)(=O)C6(C)CC6)C[C@H]5/C=C\CCCCC[C@H](NC(=O)OC5CCCC5)C(=O)N4C3)c3oc4ccccc4c3n2)cc1,CHEMBL2095231,"Hepatitis C virus serine protease, NS3/NS4A",INHIBITOR,"Hepatitis C virus serine protease, NS3/NS4A inhibitor",3
CHEMBL1255891,NARLAPREVIR,CCCC[C@H](NC(=O)[C@@H]1[C@@H]2[C@H](CN1C(=O)[C@@H](NC(=O)NC1(CS(=O)(=O)C(C)(C)C)CCCCC1)C(C)(C)C)C2(C)C)C(=O)C(=O)NC1CC1,CHEMBL2095231,"Hepatitis C virus serine protease, NS3/NS4A",INHIBITOR,"Hepatitis C virus serine protease, NS3/NS4A inhibitor",3
CHEMBL2105735,ASUNAPREVIR,C=C[C@@H]1C[C@]1(NC(=O)[C@@H]1C[C@@H](Oc2ncc(OC)c3ccc(Cl)cc23)CN1C(=O)[C@@H](NC(=O)OC(C)(C)C)C(C)(C)C)C(=O)NS(=O)(=O)C1CC1,CHEMBL2095231,"Hepatitis C virus serine protease, NS3/NS4A",INHIBITOR,"Hepatitis C virus serine protease, NS3/NS4A inhibitor",4
CHEMBL4525964,VANIPREVIR,CC[C@@H]1C[C@]1(NC(=O)[C@@H]1C[C@@H]2CN1C(=O)[C@H](C(C)(C)C)NC(=O)OCC(C)(C)CCCCc1cccc3c1CN(C3)C(=O)O2)C(=O)NS(=O)(=O)C1CC1,CHEMBL2095231,"Hepatitis C virus serine protease, NS3/NS4A",INHIBITOR,"Hepatitis C virus serine protease, NS3/NS4A inhibitor",3
CHEMBL206031,BRECANAVIR,Cc1nc(COc2ccc(C[C@H](NC(=O)O[C@H]3CO[C@H]4OCC[C@H]43)[C@H](O)CN(CC(C)C)S(=O)(=O)c3ccc4c(c3)OCO4)cc2)cs1,CHEMBL243,Human immunodeficiency virus type 1 protease,INHIBITOR,Human immunodeficiency virus type 1 protease inhibitor,2
CHEMBL322241,TELINAVIR,CC(C)CN(C[C@@H](O)[C@H](Cc1ccccc1)NC(=O)[C@H](CC(N)=O)NC(=O)c1ccc2ccccc2n1)C(=O)NC(C)(C)C,CHEMBL243,Human immunodeficiency virus type 1 protease,INHIBITOR,Human immunodeficiency virus type 1 protease inhibitor,2
CHEMBL258734,DANOPREVIR,CC(C)(C)OC(=O)N[C@H]1CCCCC/C=C\[C@@H]2C[C@@]2(C(=O)NS(=O)(=O)C2CC2)NC(=O)[C@@H]2C[C@@H](OC(=O)N3Cc4cccc(F)c4C3)CN2C1=O,CHEMBL2095231,"Hepatitis C virus serine protease, NS3/NS4A",INHIBITOR,"Hepatitis C virus serine protease, NS3/NS4A inhibitor",3
CHEMBL1214598,UMIFENOVIR,CCOC(=O)c1c(CSc2ccccc2)n(C)c2cc(Br)c(O)c(CN(C)C)c12,CHEMBL3559640,Hemagglutinin,NEGATIVE MODULATOR,Hemagglutinin negative modulator,3
CHEMBL1981592,AVIPTADIL,CC[C@H](C)[C@H](NC(=O)[C@H](CO)NC(=O)[C@H](CC(N)=O)NC(=O)[C@H](CC(C)C)NC(=O)[C@H](Cc1ccc(O)cc1)NC(=O)[C@H](CCCCN)NC(=O)[C@H](CCCCN)NC(=O)[C@@H](NC(=O)[C@H](C)NC(=O)[C@H](CCSC)NC(=O)[C@H](CCC(N)=O)NC(=O)[C@H](CCCCN)NC(=O)[C@H](CCCNC(=N)N)NC(=O)[C@H](CC(C)C)NC(=O)[C@H](CCCNC(=N)N)NC(=O)[C@@H](NC(=O)[C@H](Cc1ccc(O)cc1)NC(=O)[C@H](CC(N)=O)NC(=O)[C@H](CC(=O)O)NC(=O)[C@@H](NC(=O)[C@H](Cc1ccccc1)NC(=O)[C@@H](NC(=O)[C@H](C)NC(=O)[C@H](CC(=O)O)NC(=O)[C@H](CO)NC(=O)[C@@H](N)Cc1cnc[nH]1)C(C)C)[C@@H](C)O)[C@@H](C)O)C(C)C)C(=O)N[C@@H](CC(C)C)C(=O)N[C@@H](CC(N)=O)C(=O)O,CHEMBL2095203,Adrenergic receptor alpha,ANTAGONIST,Adrenergic receptor alpha antagonist,3
CHEMBL45,MELATONIN,COc1ccc2[nH]cc(CCNC(C)=O)c2c1,CHEMBL2094268,Melatonin receptor,AGONIST,Melatonin receptor agonist,4
CHEMBL4297643,APILIMOD,Cc1cccc(/C=N/Nc2cc(N3CCOCC3)nc(OCCc3ccccn3)n2)c1,CHEMBL1938222,1-phosphatidylinositol 3-phosphate 5-kinase,INHIBITOR,1-phosphatidylinositol 3-phosphate 5-kinase inhibitor,2
CHEMBL25202,TAMIBAROTENE,CC1(C)CCC(C)(C)c2cc(NC(=O)c3ccc(C(=O)O)cc3)ccc21,CHEMBL2008,Retinoic acid receptor beta,AGONIST,Retinoic acid receptor beta agonist,4
CHEMBL4296719,DUTOGLIPTIN,O=C(CN[C@@H]1CCNC1)N1CCC[C@H]1B(O)O,CHEMBL284,Dipeptidyl peptidase 4,INHIBITOR,Dipeptidyl peptidase IV inhibitor,3
CHEMBL3707235,GEMIGLIPTIN,N[C@@H](CC(=O)N1CCc2c(nc(C(F)(F)F)nc2C(F)(F)F)C1)CN1CC(F)(F)CCC1=O,CHEMBL284,Dipeptidyl peptidase 4,INHIBITOR,Dipeptidyl peptidase IV inhibitor,3
CHEMBL361812,RAMATROBAN,O=C(O)CCn1c2c(c3ccccc31)C[C@H](NS(=O)(=O)c1ccc(F)cc1)CC2,CHEMBL5071,Prostaglandin D2 receptor 2,ANTAGONIST,G protein-coupled receptor 44 antagonist,4
CHEMBL4297631,TELRATOLIMOD,CCCCCCCCCCCCCCCCCC(=O)NCCCCOn1c(CCCC)nc2c(N)nc3ccccc3c21,CHEMBL5805,Toll-like receptor 8,AGONIST,Toll-like receptor 8 agonist,2
CHEMBL4297631,TELRATOLIMOD,CCCCCCCCCCCCCCCCCC(=O)NCCCCOn1c(CCCC)nc2c(N)nc3ccccc3c21,CHEMBL5936,Toll-like receptor 7,AGONIST,Toll-like receptor 7 agonist,2
CHEMBL86304,MOCLOBEMIDE,O=C(NCCN1CCOCC1)c1ccc(Cl)cc1,CHEMBL1951,Amine oxidase [flavin-containing] A,INHIBITOR,Monoamine oxidase A inhibitor,4
CHEMBL219916,DOMPERIDONE,O=c1[nH]c2ccccc2n1CCCN1CCC(n2c(=O)[nH]c3cc(Cl)ccc32)CC1,CHEMBL217,D(2) dopamine receptor,ANTAGONIST,Dopamine D2 receptor antagonist,3
CHEMBL2107308,ACOTIAMIDE HYDROCHLORIDE,COc1cc(O)c(C(=O)Nc2nc(C(=O)NCCN(C(C)C)C(C)C)cs2)cc1OC.Cl.O.O.O,CHEMBL220,Acetylcholinesterase,INHIBITOR,Acetylcholinesterase inhibitor,3
CHEMBL1767408,DIQUAFOSOL TETRASODIUM,O=c1ccn([C@@H]2O[C@H](COP(=O)([O-])OP(=O)([O-])OP(=O)([O-])OP(=O)([O-])OC[C@H]3O[C@@H](n4ccc(=O)[nH]c4=O)[C@H](O)[C@@H]3O)[C@@H](O)[C@H]2O)c(=O)[nH]1.[Na+].[Na+].[Na+].[Na+],CHEMBL4398,P2Y purinoceptor 2,AGONIST,Purinergic receptor P2Y2 agonist,4
CHEMBL1767408,DIQUAFOSOL TETRASODIUM,O=c1ccn([C@@H]2O[C@H](COP(=O)([O-])OP(=O)([O-])OP(=O)([O-])OP(=O)([O-])OC[C@H]3O[C@@H](n4ccc(=O)[nH]c4=O)[C@H](O)[C@@H]3O)[C@@H](O)[C@H]2O)c(=O)[nH]1.[Na+].[Na+].[Na+].[Na+],CHEMBL4315,P2Y purinoceptor 1,AGONIST,Purinergic receptor P2Y1 agonist,4
CHEMBL3181841,RAMOSETRON HYDROCHLORIDE,Cl.Cn1cc(C(=O)[C@@H]2CCc3[nH]cnc3C2)c2ccccc21,CHEMBL2094132,Serotonin 3 (5-HT3) receptor,ANTAGONIST,Serotonin 3 (5-HT3) receptor antagonist,4
CHEMBL92401,IPRONIAZID,CC(C)NNC(=O)c1ccncc1,CHEMBL2095205,Monoamine oxidase,INHIBITOR,Monoamine oxidase inhibitor,2
CHEMBL9967,PIRENZEPINE,CN1CCN(CC(=O)N2c3ccccc3C(=O)Nc3cccnc32)CC1,CHEMBL216,Muscarinic acetylcholine receptor M1,ANTAGONIST,Muscarinic acetylcholine receptor M1 antagonist,2
CHEMBL193482,ESTRIOL,C[C@]12CC[C@@H]3c4ccc(O)cc4CC[C@H]3[C@@H]1C[C@@H](O)[C@@H]2O,CHEMBL2093866,Estrogen receptor,MODULATOR,Estrogen receptor modulator,4
CHEMBL58061,CO-TRIMOXAZOLE,COc1cc(Cc2cnc(N)nc2N)cc(OC)c1OC.Cc1cc(NS(=O)(=O)c2ccc(N)cc2)no1,CHEMBL2364669,Dihydrofolate reductase,INHIBITOR,Bacterial dihydrofolate reductase inhibitor,3
CHEMBL58061,CO-TRIMOXAZOLE,COc1cc(Cc2cnc(N)nc2N)cc(OC)c1OC.Cc1cc(NS(=O)(=O)c2ccc(N)cc2)no1,CHEMBL2364668,Dihydropteroate synthase,INHIBITOR,Bacterial dihydropteroate synthase inhibitor,3
CHEMBL2147777,TENELIGLIPTIN,Cc1cc(N2CCN([C@@H]3CN[C@H](C(=O)N4CCSC4)C3)CC2)n(-c2ccccc2)n1,CHEMBL284,Dipeptidyl peptidase 4,INHIBITOR,Dipeptidyl peptidase IV inhibitor,4
CHEMBL4297658,IPRAGLIFLOZIN L-PROLINE,O=C(O)[C@@H]1CCCN1.OC[C@H]1O[C@@H](c2ccc(F)c(Cc3cc4ccccc4s3)c2)[C@H](O)[C@@H](O)[C@@H]1O,CHEMBL3884,Sodium/glucose cotransporter 2,INHIBITOR,Sodium/glucose cotransporter 2 inhibitor,3
CHEMBL467058,LANINAMIVIR OCTANOATE,CCCCCCCC(=O)OC[C@@H](O)[C@@H](OC)[C@@H]1OC(C(=O)O)=C[C@H](NC(=N)N)[C@H]1NC(C)=O,CHEMBL6135,Neuraminidase,INHIBITOR,Neuraminidase inhibitor,4
CHEMBL467058,LANINAMIVIR OCTANOATE,CCCCCCCC(=O)OC[C@@H](O)[C@@H](OC)[C@@H]1OC(C(=O)O)=C[C@H](NC(=N)N)[C@H]1NC(C)=O,CHEMBL3377,Neuraminidase,INHIBITOR,Neuraminidase inhibitor,4
CHEMBL1929396,ANAGLIPTIN,Cc1cc2ncc(C(=O)NCC(C)(C)NCC(=O)N3CCC[C@H]3C#N)cn2n1,CHEMBL284,Dipeptidyl peptidase 4,INHIBITOR,Dipeptidyl peptidase IV inhibitor,4
CHEMBL247951,PEMAFIBRATE,CC[C@@H](Oc1cccc(CN(CCCOc2ccc(OC)cc2)c2nc3ccccc3o2)c1)C(=O)O,CHEMBL239,Peroxisome proliferator-activated receptor alpha,AGONIST,Peroxisome proliferator-activated receptor alpha agonist,4
CHEMBL435298,ESFLURBIPROFEN,C[C@H](C(=O)O)c1ccc(-c2ccccc2)c(F)c1,CHEMBL2094253,Cyclooxygenase,INHIBITOR,Cyclooxygenase inhibitor,4
CHEMBL521589,BAMBUTEROL,CN(C)C(=O)Oc1cc(OC(=O)N(C)C)cc(C(O)CNC(C)(C)C)c1,CHEMBL210,Beta-2 adrenergic receptor,AGONIST,Beta-2 adrenergic receptor agonist,3
CHEMBL317094,IMIDAPRIL,CCOC(=O)[C@H](CCc1ccccc1)N[C@@H](C)C(=O)N1C(=O)N(C)C[C@H]1C(=O)O,CHEMBL1808,Angiotensin-converting enzyme,INHIBITOR,Angiotensin-converting enzyme inhibitor,4
CHEMBL4297625,LICOGLIFLOZIN,CCc1ccc([C@@H]2O[C@H](CO)[C@@H](O)[C@H](O)[C@H]2O)cc1Cc1ccc2c(c1)OCCO2,CHEMBL4979,Sodium/glucose cotransporter 1,INHIBITOR,Sodium/glucose cotransporter 1 inhibitor,2
CHEMBL4297625,LICOGLIFLOZIN,CCc1ccc([C@@H]2O[C@H](CO)[C@@H](O)[C@H](O)[C@H]2O)cc1Cc1ccc2c(c1)OCCO2,CHEMBL3884,Sodium/glucose cotransporter 2,INHIBITOR,Sodium/glucose cotransporter 2 inhibitor,2
CHEMBL3989969,OPIGOLIX,C[C@@H](O)C(=N)NS(=O)(=O)c1cc(C(=O)C(C(=O)c2cc(F)ccc2F)=C2Nc3ccccc3N2)ccc1F,CHEMBL1855,Gonadotropin-releasing hormone receptor,ANTAGONIST,Gonadotropin-releasing hormone receptor antagonist,2
CHEMBL91397,RUPATADINE,Cc1cncc(CN2CCC(=C3c4ccc(Cl)cc4CCc4cccnc43)CC2)c1,CHEMBL250,Platelet-activating factor receptor,ANTAGONIST,Platelet activating factor receptor antagonist,4
CHEMBL91397,RUPATADINE,Cc1cncc(CN2CCC(=C3c4ccc(Cl)cc4CCc4cccnc43)CC2)c1,CHEMBL231,Histamine H1 receptor,ANTAGONIST,Histamine H1 receptor antagonist,4
CHEMBL178803,BLONANSERIN,CCN1CCN(c2cc(-c3ccc(F)cc3)c3c(n2)CCCCCC3)CC1,CHEMBL224,5-hydroxytryptamine receptor 2A,ANTAGONIST,Serotonin 2a (5-HT2a) receptor antagonist,4
CHEMBL178803,BLONANSERIN,CCN1CCN(c2cc(-c3ccc(F)cc3)c3c(n2)CCCCCC3)CC1,CHEMBL217,D(2) dopamine receptor,ANTAGONIST,Dopamine D2 receptor antagonist,4
CHEMBL361812,RAMATROBAN,O=C(O)CCn1c2c(c3ccccc31)C[C@H](NS(=O)(=O)c1ccc(F)cc1)CC2,CHEMBL2069,Thromboxane A2 receptor,ANTAGONIST,Thromboxane A2 receptor antagonist,4
CHEMBL319144,MINODRONIC ACID,O=P(O)(O)C(O)(Cc1cnc2ccccn12)P(=O)(O)O,CHEMBL1782,Farnesyl pyrophosphate synthase,INHIBITOR,Farnesyl diphosphate synthase inhibitor,4
CHEMBL18116,TOLOXATONE,Cc1cccc(N2CC(CO)OC2=O)c1,CHEMBL1951,Amine oxidase [flavin-containing] A,INHIBITOR,Monoamine oxidase A inhibitor,4
CHEMBL305660,EBASTINE,CC(C)(C)c1ccc(C(=O)CCCN2CCC(OC(c3ccccc3)c3ccccc3)CC2)cc1,CHEMBL231,Histamine H1 receptor,INVERSE AGONIST,Histamine H1 receptor inverse agonist,4
CHEMBL56337,EPALRESTAT,CC(/C=C1\SC(=S)N(CC(=O)O)C1=O)=C\c1ccccc1,CHEMBL1900,Aldo-keto reductase family 1 member B1,INHIBITOR,Aldose reductase inhibitor,4
CHEMBL25202,TAMIBAROTENE,CC1(C)CCC(C)(C)c2cc(NC(=O)c3ccc(C(=O)O)cc3)ccc21,CHEMBL2055,Retinoic acid receptor alpha,AGONIST,Retinoic acid receptor alpha agonist,4
CHEMBL19299,LOXOPROFEN,CC(C(=O)O)c1ccc(CC2CCCC2=O)cc1,CHEMBL2094253,Cyclooxygenase,INHIBITOR,Cyclooxygenase inhibitor,4
CHEMBL19449,IBUDILAST,CC(C)C(=O)c1c(C(C)C)nn2ccccc12,CHEMBL2093863,Phosphodiesterase 4,INHIBITOR,Phosphodiesterase 4 inhibitor,4
CHEMBL289480,RILMENIDINE,C1COC(NC(C2CC2)C2CC2)=N1,CHEMBL3923,Nischarin,AGONIST,Nischarin agonist,4
CHEMBL142635,NAFTOPIDIL,COc1ccccc1N1CCN(CC(O)COc2cccc3ccccc23)CC1,CHEMBL223,Alpha-1D adrenergic receptor,ANTAGONIST,Alpha-1d adrenergic receptor antagonist,4
CHEMBL19449,IBUDILAST,CC(C)C(=O)c1c(C(C)C)nn2ccccc12,CHEMBL241,"cGMP-inhibited 3',5'-cyclic phosphodiesterase 3A",INHIBITOR,Phosphodiesterase 3A inhibitor,4
CHEMBL178803,BLONANSERIN,CCN1CCN(c2cc(-c3ccc(F)cc3)c3c(n2)CCCCCC3)CC1,CHEMBL234,D(3) dopamine receptor,ANTAGONIST,Dopamine D3 receptor antagonist,4
CHEMBL21333,PRANLUKAST,O=C(Nc1cccc2c(=O)cc(-c3nnn[nH]3)oc12)c1ccc(OCCCCc2ccccc2)cc1,CHEMBL1798,Cysteinyl leukotriene receptor 1,ANTAGONIST,Cysteinyl leukotriene receptor 1 antagonist,4
CHEMBL94454,MIZOLASTINE,CN(c1nccc(=O)[nH]1)C1CCN(c2nc3ccccc3n2Cc2ccc(F)cc2)CC1,CHEMBL231,Histamine H1 receptor,ANTAGONIST,Histamine H1 receptor antagonist,4
CHEMBL1767408,DIQUAFOSOL TETRASODIUM,O=c1ccn([C@@H]2O[C@H](COP(=O)([O-])OP(=O)([O-])OP(=O)([O-])OP(=O)([O-])OC[C@H]3O[C@@H](n4ccc(=O)[nH]c4=O)[C@H](O)[C@@H]3O)[C@@H](O)[C@H]2O)c(=O)[nH]1.[Na+].[Na+].[Na+].[Na+],CHEMBL4714,P2Y purinoceptor 6,AGONIST,Pyrimidinergic receptor P2Y6 agonist,4
CHEMBL1767408,DIQUAFOSOL TETRASODIUM,O=c1ccn([C@@H]2O[C@H](COP(=O)([O-])OP(=O)([O-])OP(=O)([O-])OP(=O)([O-])OC[C@H]3O[C@@H](n4ccc(=O)[nH]c4=O)[C@H](O)[C@@H]3O)[C@@H](O)[C@H]2O)c(=O)[nH]1.[Na+].[Na+].[Na+].[Na+],CHEMBL2123,P2Y purinoceptor 4,AGONIST,Pyrimidinergic receptor P2Y4 agonist,4
CHEMBL2103875,TRAMETINIB,CC(=O)Nc1cccc(-n2c(=O)n(C3CC3)c(=O)c3c(Nc4ccc(I)cc4F)n(C)c(=O)c(C)c32)c1,CHEMBL2111289,Dual specificity mitogen-activated protein kinase kinase; MEK1/2,INHIBITOR,Dual specificity mitogen-activated protein kinase kinase; MEK1/2 inhibitor,4
CHEMBL1078685,TOPIROXOSTAT,N#Cc1cc(-c2n[nH]c(-c3ccncc3)n2)ccn1,CHEMBL1929,Xanthine dehydrogenase/oxidase,INHIBITOR,Xanthine dehydrogenase inhibitor,2
CHEMBL328190,LASOFOXIFENE,Oc1ccc2c(c1)CC[C@H](c1ccccc1)[C@@H]2c1ccc(OCCN2CCCC2)cc1,CHEMBL2093866,Estrogen receptor,MODULATOR,Estrogen receptor modulator,4
CHEMBL19449,IBUDILAST,CC(C)C(=O)c1c(C(C)C)nn2ccccc12,CHEMBL4409,"cAMP and cAMP-inhibited cGMP 3',5'-cyclic phosphodiesterase 10A",INHIBITOR,Phosphodiesterase 10A inhibitor,4
CHEMBL19449,IBUDILAST,CC(C)C(=O)c1c(C(C)C)nn2ccccc12,CHEMBL1827,"cGMP-specific 3',5'-cyclic phosphodiesterase",INHIBITOR,Phosphodiesterase 5A inhibitor,4
CHEMBL1236524,GALIDESIVIR,Nc1ncnc2c([C@@H]3N[C@H](CO)[C@@H](O)[C@H]3O)c[nH]c12,CHEMBL4523583,RNA-directed RNA polymerase L,INHIBITOR,RNA-directed RNA polymerase L inhibitor,2
CHEMBL2106227,ETIFOXINE,CCNC1=Nc2ccc(Cl)cc2C(C)(c2ccccc2)O1,CHEMBL2093872,GABA-A receptor; anion channel,ANTAGONIST,GABA-A receptor; anion channel antagonist,3
CHEMBL1615779,IOBENGUANE I 131,N=C(N)NCc1cccc([131I])c1,CHEMBL222,Sodium-dependent noradrenaline transporter,SUBSTRATE,Norepinephrine transporter substrate,4
CHEMBL2205807,ABAMETAPIR,Cc1ccc(-c2ccc(C)cn2)nc1,CHEMBL4495552,Metalloproteinase,INHIBITOR,Metalloproteinase inhibitor,4
CHEMBL2205807,ABAMETAPIR,Cc1ccc(-c2ccc(C)cn2)nc1,CHEMBL2363058,Iron,SEQUESTERING AGENT,Iron sequestering agent,4
CHEMBL3301598,FOSTEMSAVIR TROMETHAMINE,COc1cnc(-n2cnc(C)n2)c2c1c(C(=O)C(=O)N1CCN(C(=O)c3ccccc3)CC1)cn2COP(=O)(O)O.NC(CO)(CO)CO,CHEMBL3520,Envelope glycoprotein gp160,INHIBITOR,Envelope polyprotein GP160 inhibitor,4
CHEMBL4297522,PEMIGATINIB,CCN1C(=O)N(c2c(F)c(OC)cc(OC)c2F)Cc2cnc3[nH]c(CN4CCOCC4)cc3c21,CHEMBL4142,Fibroblast growth factor receptor 2,INHIBITOR,Fibroblast growth factor receptor 2 inhibitor,4
CHEMBL1779710,EVOGLIPTIN,CC(C)(C)OC[C@@H]1C(=O)NCCN1C(=O)C[C@H](N)Cc1cc(F)c(F)cc1F,CHEMBL284,Dipeptidyl peptidase 4,INHIBITOR,Dipeptidyl peptidase IV inhibitor,4
CHEMBL3301618,MOTOLIMOD,CCCN(CCC)C(=O)C1=Cc2ccc(-c3ccc(C(=O)N4CCCC4)cc3)cc2N=C(N)C1,CHEMBL5805,Toll-like receptor 8,AGONIST,Toll-like receptor 8 agonist,2
CHEMBL859,OXYPURINOL,Oc1nc(O)c2cn[nH]c2n1,CHEMBL1929,Xanthine dehydrogenase/oxidase,INHIBITOR,Xanthine dehydrogenase inhibitor,2
CHEMBL4216467,RIPRETINIB,CCn1c(=O)c(-c2cc(NC(=O)Nc3ccccc3)c(F)cc2Br)cc2cnc(NC)cc21,CHEMBL1936,Mast/stem cell growth factor receptor Kit,INHIBITOR,Stem cell growth factor receptor inhibitor,4
CHEMBL4594262,AMLODIPINE BENZOATE,CCOC(=O)C1=C(COCCN)NC(C)=C(C(=O)OC)C1c1ccccc1Cl.O=C(O)c1ccccc1,CHEMBL2095229,Voltage-gated L-type calcium channel,BLOCKER,Voltage-gated L-type calcium channel blocker,4
CHEMBL479527,TORCETRAPIB,CCOC(=O)N1c2ccc(C(F)(F)F)cc2[C@@H](N(Cc2cc(C(F)(F)F)cc(C(F)(F)F)c2)C(=O)OC)C[C@H]1CC,CHEMBL3572,Cholesteryl ester transfer protein,INHIBITOR,Cholesteryl ester transfer protein inhibitor,3
CHEMBL3785197,OBICETRAPIB,CCOC(=O)N1c2ccc(C(F)(F)F)cc2[C@@H](N(Cc2cc(C(F)(F)F)cc(C(F)(F)F)c2)c2ncc(OCCCC(=O)O)cn2)C[C@H]1CC,CHEMBL3572,Cholesteryl ester transfer protein,INHIBITOR,Cholesteryl ester transfer protein inhibitor,3
CHEMBL2424780,VESATOLIMOD,CCCCOc1nc(N)c2c(n1)N(Cc1cccc(CN3CCCC3)c1)CC(=O)N2,CHEMBL5936,Toll-like receptor 7,ACTIVATOR,Toll-like receptor 7 activator,2
CHEMBL4297610,OLUTASIDENIB,C[C@H](Nc1ccc(C#N)n(C)c1=O)c1cc2cc(Cl)ccc2[nH]c1=O,CHEMBL2007625,Isocitrate dehydrogenase [NADP] cytoplasmic,INHIBITOR,Isocitrate dehydrogenase [NADP] cytoplasmic inhibitor,4
CHEMBL2064032,VONOPRAZAN FUMARATE,CNCc1cc(-c2ccccc2F)n(S(=O)(=O)c2cccnc2)c1.O=C(O)/C=C/C(=O)O,CHEMBL2095173,Potassium-transporting ATPase,INHIBITOR,Potassium-transporting ATPase inhibitor,4
CHEMBL11662,OZAGREL,O=C(O)/C=C/c1ccc(Cn2ccnc2)cc1,CHEMBL1835,Thromboxane-A synthase,INHIBITOR,Thromboxane-A synthase inhibitor,4
CHEMBL4594288,LEVAMLODIPINE MALEATE,CCOC(=O)C1=C(COCCN)NC(C)=C(C(=O)OC)[C@@H]1c1ccccc1Cl.O=C(O)/C=C\C(=O)O,CHEMBL2095229,Voltage-gated L-type calcium channel,BLOCKER,Voltage-gated L-type calcium channel blocker,4
CHEMBL2205807,ABAMETAPIR,Cc1ccc(-c2ccc(C)cn2)nc1,CHEMBL2363057,Copper,SEQUESTERING AGENT,Copper sequestering agent,4
CHEMBL3237547,CEDAZURIDINE,O=C1N[C@H](O)CCN1[C@@H]1O[C@H](CO)[C@@H](O)C1(F)F,CHEMBL4502,Cytidine deaminase,INHIBITOR,Cytidine deaminase inhibitor,4
CHEMBL3301594,FOSTEMSAVIR,COc1cnc(-n2cnc(C)n2)c2c1c(C(=O)C(=O)N1CCN(C(=O)c3ccccc3)CC1)cn2COP(=O)(O)O,CHEMBL3520,Envelope glycoprotein gp160,INHIBITOR,Envelope polyprotein GP160 inhibitor,4
CHEMBL4594301,REMIMAZOLAM BESYLATE,COC(=O)CC[C@@H]1N=C(c2ccccn2)c2cc(Br)ccc2-n2c(C)cnc21.O=S(=O)(O)c1ccccc1,CHEMBL2093872,GABA-A receptor; anion channel,POSITIVE ALLOSTERIC MODULATOR,GABA-A receptor; anion channel positive allosteric modulator,4
CHEMBL4559134,SELPERCATINIB,COc1ccc(CN2C3CC2CN(c2ccc(-c4cc(OCC(C)(C)O)cn5ncc(C#N)c45)cn2)C3)cn1,CHEMBL2041,Proto-oncogene tyrosine-protein kinase receptor Ret,INHIBITOR,Tyrosine-protein kinase receptor RET inhibitor,4
CHEMBL4297608,ELDECALCITOL,C=C1/C(=C\C=C2/CCC[C@]3(C)[C@@H]([C@H](C)CCCC(C)(C)O)CC[C@@H]23)C[C@@H](O)[C@@H](OCCCO)[C@@H]1O,CHEMBL1977,Vitamin D3 receptor,AGONIST,Vitamin D receptor agonist,3
CHEMBL4297507,DELGOCITINIB,C[C@H]1CN(C(=O)CC#N)[C@]12CCN(c1ncnc3[nH]ccc13)C2,CHEMBL2363062,Janus Kinase (JAK),INHIBITOR,Janus Kinase (JAK) inhibitor,3
CHEMBL3137310,BENZHYDROCODONE HYDROCHLORIDE,COc1ccc2c3c1O[C@H]1C(OC(=O)c4ccccc4)=CC[C@@H]4[C@@H](C2)N(C)CC[C@@]341.Cl,CHEMBL2095181,Opioid receptors; mu/kappa/delta,AGONIST,Opioid receptors; mu/kappa/delta agonist,4
CHEMBL3707245,OMIDENEPAG,O=C(O)CNc1cccc(CN(Cc2ccc(-n3cccn3)cc2)S(=O)(=O)c2cccnc2)n1,CHEMBL1881,Prostaglandin E2 receptor EP2 subtype,AGONIST,Prostanoid EP2 receptor agonist,2
CHEMBL422648,PRULIFLOXACIN,Cc1oc(=O)oc1CN1CCN(c2cc3c(cc2F)c(=O)c(C(=O)O)c2n3C(C)S2)CC1,CHEMBL2311224,Bacterial DNA gyrase,INHIBITOR,Bacterial DNA gyrase inhibitor,3
CHEMBL2107455,IGURATIMOD,CS(=O)(=O)Nc1cc2occ(NC=O)c(=O)c2cc1Oc1ccccc1,CHEMBL2085,Macrophage migration inhibitory factor,INHIBITOR,Macrophage migration inhibitory factor inhibitor,3
CHEMBL2107455,IGURATIMOD,CS(=O)(=O)Nc1cc2occ(NC=O)c(=O)c2cc1Oc1ccccc1,CHEMBL4523586,E3 ubiquitin ligase TRAF3IP2,INHIBITOR,E3 ubiquitin ligase TRAF3IP2 inhibitor,3
CHEMBL4297528,RISDIPLAM,Cc1cn2nc(-c3cc(=O)n4cc(N5CCNC6(CC6)C5)ccc4n3)cc(C)c2n1,CHEMBL3826841,SMN2 pre-mRNA,POSITIVE MODULATOR,SMN2 pre-mRNA positive modulator,4
CHEMBL26,SULPIRIDE,CCN1CCCC1CNC(=O)c1cc(S(N)(=O)=O)ccc1OC,CHEMBL217,D(2) dopamine receptor,ANTAGONIST,Dopamine D2 receptor antagonist,3
CHEMBL1323,DARUNAVIR,CC(C)CN(C[C@@H](O)[C@H](Cc1ccccc1)NC(=O)O[C@H]1CO[C@H]2OCC[C@H]21)S(=O)(=O)c1ccc(N)cc1,CHEMBL243,Human immunodeficiency virus type 1 protease,INHIBITOR,Human immunodeficiency virus type 1 protease inhibitor,4
CHEMBL3989944,DIROXIMEL FUMARATE,COC(=O)/C=C/C(=O)OCCN1C(=O)CCC1=O,CHEMBL2069156,Kelch-like ECH-associated protein 1,INHIBITOR,Kelch-like ECH-associated protein 1 inhibitor,4
CHEMBL589586,MONOMETHYL FUMARATE,COC(=O)/C=C/C(=O)O,CHEMBL2069156,Kelch-like ECH-associated protein 1,INHIBITOR,Kelch-like ECH-associated protein 1 inhibitor,4
CHEMBL4297592,AMENAMEVIR,Cc1cccc(C)c1N(CC(=O)Nc1ccc(-c2ncon2)cc1)C(=O)C1CCS(=O)(=O)CC1,CHEMBL4523677,Helicase primase complex,INHIBITOR,Helicase primate complex inhibitor,4
CHEMBL4297621,EVOCALCET,C[C@@H](N[C@H]1CCN(c2ccc(CC(=O)O)cc2)C1)c1cccc2ccccc12,CHEMBL1878,Extracellular calcium-sensing receptor,POSITIVE ALLOSTERIC MODULATOR,Calcium sensing receptor positive allosteric modulator,3
CHEMBL240163,PAZUFLOXACIN,C[C@H]1COc2c(C3(N)CC3)c(F)cc3c(=O)c(C(=O)O)cn1c23,CHEMBL2311224,Bacterial DNA gyrase,INHIBITOR,Bacterial DNA gyrase inhibitor,3
CHEMBL240163,PAZUFLOXACIN,C[C@H]1COc2c(C3(N)CC3)c(F)cc3c(=O)c(C(=O)O)cn1c23,CHEMBL2094255,DNA topoisomerase II,INHIBITOR,DNA topoisomerase II inhibitor,3
CHEMBL3989504,SITAFLOXACIN,N[C@@H]1CN(c2c(F)cc3c(=O)c(C(=O)O)cn([C@@H]4C[C@@H]4F)c3c2Cl)CC12CC2.O,CHEMBL2311224,Bacterial DNA gyrase,INHIBITOR,Bacterial DNA gyrase inhibitor,2
CHEMBL4297516,LURBINECTEDIN,COc1ccc2[nH]c3c(c2c1)CCN[C@]31CS[C@@H]2c3c(OC(C)=O)c(C)c4c(c3[C@H](COC1=O)N1[C@@H]2[C@H]2c3c(cc(C)c(OC)c3O)C[C@@H]([C@@H]1O)N2C)OCO4,CHEMBL2311221,DNA,NEGATIVE MODULATOR,DNA negative modulator,4
CHEMBL4297522,PEMIGATINIB,CCN1C(=O)N(c2c(F)c(OC)cc(OC)c2F)Cc2cnc3[nH]c(CN4CCOCC4)cc3c21,CHEMBL2742,Fibroblast growth factor receptor 3,INHIBITOR,Fibroblast growth factor receptor 3 inhibitor,4
CHEMBL4297522,PEMIGATINIB,CCN1C(=O)N(c2c(F)c(OC)cc(OC)c2F)Cc2cnc3[nH]c(CN4CCOCC4)cc3c21,CHEMBL3650,Fibroblast growth factor receptor 1,INHIBITOR,Fibroblast growth factor receptor 1 inhibitor,4
CHEMBL4216467,RIPRETINIB,CCn1c(=O)c(-c2cc(NC(=O)Nc3ccccc3)c(F)cc2Br)cc2cnc(NC)cc21,CHEMBL2007,Platelet-derived growth factor receptor alpha,INHIBITOR,Platelet-derived growth factor receptor alpha inhibitor,4
CHEMBL4559134,SELPERCATINIB,COc1ccc(CN2C3CC2CN(c2ccc(-c4cc(OCC(C)(C)O)cn5ncc(C#N)c45)cn2)C3)cn1,CHEMBL3430888,Kinesin-1 heavy chain/ Tyrosine-protein kinase receptor RET,INHIBITOR,Kinesin-1 heavy chain/ Tyrosine-protein kinase receptor RET inhibitor,4
CHEMBL4559134,SELPERCATINIB,COc1ccc(CN2C3CC2CN(c2ccc(-c4cc(OCC(C)(C)O)cn5ncc(C#N)c45)cn2)C3)cn1,CHEMBL3430904,Coiled-coil domain-containing protein 6/Tyrosine-protein kinase receptor RET,INHIBITOR,Coiled-coil domain-containing protein 6/Tyrosine-protein kinase receptor RET inhibitor,4
CHEMBL441738,AFAMELANOTIDE,CCCC[C@H](NC(=O)[C@H](CO)NC(=O)[C@H](Cc1ccc(O)cc1)NC(=O)[C@H](CO)NC(C)=O)C(=O)N[C@@H](CCC(=O)O)C(=O)N[C@@H](Cc1c[nH]cn1)C(=O)N[C@H](Cc1ccccc1)C(=O)N[C@@H](CCCNC(=N)N)C(=O)N[C@@H](Cc1c[nH]c2ccccc12)C(=O)NCC(=O)N[C@@H](CCCCN)C(=O)N1CCC[C@H]1C(=O)N[C@H](C(N)=O)C(C)C,CHEMBL3795,Melanocyte-stimulating hormone receptor,AGONIST,Melanocortin receptor 1 agonist,4
CHEMBL4297211,CEFIDEROCOL SULFATE TOSYLATE,CC(C)(O/N=C(\C(=O)N[C@@H]1C(=O)N2C(C(=O)O)=C(C[N+]3(CCNC(=O)c4ccc(O)c(O)c4Cl)CCCC3)CS[C@H]12)c1csc(N)n1)C(=O)O.CC(C)(O/N=C(\C(=O)N[C@@H]1C(=O)N2C(C(=O)O)=C(C[N+]3(CCNC(=O)c4ccc(O)c(O)c4Cl)CCCC3)CS[C@H]12)c1csc(N)n1)C(=O)O.CC(C)(O/N=C(\C(=O)N[C@@H]1C(=O)N2C(C(=O)O)=C(C[N+]3(CCNC(=O)c4ccc(O)c(O)c4Cl)CCCC3)CS[C@H]12)c1csc(N)n1)C(=O)O.Cc1ccc(S(=O)(=O)O)cc1.Cc1ccc(S(=O)(=O)O)cc1.Cc1ccc(S(=O)(=O)O)cc1.Cc1ccc(S(=O)(=O)[O-])cc1.O.O=S(=O)([O-])[O-],CHEMBL2354204,Bacterial penicillin-binding protein,INHIBITOR,Bacterial penicillin-binding protein inhibitor,4
CHEMBL3989504,SITAFLOXACIN,N[C@@H]1CN(c2c(F)cc3c(=O)c(C(=O)O)cn([C@@H]4C[C@@H]4F)c3c2Cl)CC12CC2.O,CHEMBL2363076,Topoisomerase IV,INHIBITOR,Topoisomerase IV inhibitor,2
CHEMBL333325,FOSRAVUCONAZOLE,C[C@@H](c1nc(-c2ccc(C#N)cc2)cs1)[C@@](Cn1cncn1)(OCOP(=O)(O)O)c1ccc(F)cc1F,CHEMBL1780,Lanosterol 14-alpha demethylase,INHIBITOR,Cytochrome P450 51 inhibitor,2
CHEMBL53366,IMIDAFENACIN,Cc1nccn1CCC(C(N)=O)(c1ccccc1)c1ccccc1,CHEMBL245,Muscarinic acetylcholine receptor M3,ANTAGONIST,Muscarinic acetylcholine receptor M3 antagonist,3
CHEMBL3646221,VADADUSTAT,O=C(O)CNC(=O)c1ncc(-c2cccc(Cl)c2)cc1O,CHEMBL5697,Egl nine homolog 1,INHIBITOR,Egl nine homolog 1 inhibitor,4
CHEMBL3646221,VADADUSTAT,O=C(O)CNC(=O)c1ncc(-c2cccc(Cl)c2)cc1O,CHEMBL5705,Prolyl hydroxylase EGLN3,INHIBITOR,Egl nine homolog 3 inhibitor,4
CHEMBL3646221,VADADUSTAT,O=C(O)CNC(=O)c1ncc(-c2cccc(Cl)c2)cc1O,CHEMBL3028,Prolyl hydroxylase EGLN2,INHIBITOR,Hypoxia-inducible factor prolyl hydroxylase 1 inhibitor,4
CHEMBL1742461,LAFUTIDINE,O=C(C[S+]([O-])Cc1ccco1)NC/C=C\COc1cc(CN2CCCCC2)ccn1,CHEMBL1941,Histamine H2 receptor,ANTAGONIST,Histamine H2 receptor antagonist,3
CHEMBL2107383,VERNAKALANT HYDROCHLORIDE,COc1ccc(CCO[C@@H]2CCCC[C@H]2N2CC[C@@H](O)C2)cc1OC.Cl,CHEMBL3038488,Kir3.1/Kir3.4,BLOCKER,Kir3.1/Kir3.4 blocker,4
CHEMBL2107383,VERNAKALANT HYDROCHLORIDE,COc1ccc(CCO[C@@H]2CCCC[C@H]2N2CC[C@@H](O)C2)cc1OC.Cl,CHEMBL4306,Potassium voltage-gated channel subfamily A member 5,BLOCKER,Voltage-gated potassium channel subunit Kv1.5 blocker,4
CHEMBL2107383,VERNAKALANT HYDROCHLORIDE,COc1ccc(CCO[C@@H]2CCCC[C@H]2N2CC[C@@H](O)C2)cc1OC.Cl,CHEMBL240,Voltage-gated inwardly rectifying potassium channel KCNH2,BLOCKER,HERG blocker,4
CHEMBL290960,NIFURTIMOX,CC1CS(=O)(=O)CCN1/N=C/c1ccc([N+](=O)[O-])o1,CHEMBL4495551,DNA,INHIBITOR,DNA inhibitor,4
CHEMBL4594446,DOTINURAD,O=C(c1cc(Cl)c(O)c(Cl)c1)N1CS(=O)(=O)c2ccccc21,CHEMBL6120,Solute carrier family 22 member 12,INHIBITOR,Solute carrier family 22 member 12 inhibitor,3
CHEMBL954,ENCLOMIPHENE,CCN(CC)CCOc1ccc(/C(=C(/Cl)c2ccccc2)c2ccccc2)cc1,CHEMBL206,Estrogen receptor,MODULATOR,Estrogen receptor alpha modulator,3
CHEMBL4065616,REMDESIVIR,CCC(CC)COC(=O)[C@H](C)N[P@](=O)(OC[C@H]1O[C@@](C#N)(c2ccc3c(N)ncnn23)[C@H](O)[C@@H]1O)Oc1ccccc1,CHEMBL4523582,Replicase polyprotein 1ab,INHIBITOR,Replicase polyprotein 1ab inhibitor,4
CHEMBL2103761,BARNIDIPINE,COC(=O)C1=C(C)NC(C)=C(C(=O)O[C@H]2CCN(Cc3ccccc3)C2)[C@H]1c1cccc([N+](=O)[O-])c1,CHEMBL2095229,Voltage-gated L-type calcium channel,BLOCKER,Voltage-gated L-type calcium channel blocker,2
CHEMBL6067995,BEROTRALSTAT HYDROCHLORIDE,Cl.Cl.N#Cc1cccc([C@@H](NCC2CC2)c2ccc(F)c(NC(=O)c3cc(C(F)(F)F)nn3-c3cccc(CN)c3)c2)c1,CHEMBL2000,Plasma kallikrein,INHIBITOR,Plasma kallikrein inhibitor,4
CHEMBL363392,MARALIXIBAT,CCCCC1(CCCC)CS(=O)(=O)c2ccc(N(C)C)cc2[C@@H](c2ccc(OCc3ccc(C[N+]45CCN(CC4)CC5)cc3)cc2)[C@H]1O,CHEMBL2778,Ileal sodium/bile acid cotransporter,INHIBITOR,Ileal bile acid transporter inhibitor,4
CHEMBL4297588,ODEVIXIBAT,CCCCC1(CCCC)CN(c2ccccc2)c2cc(SC)c(OCC(=O)N[C@@H](C(=O)N[C@@H](CC)C(=O)O)c3ccc(O)cc3)cc2S(=O)(=O)N1,CHEMBL2778,Ileal sodium/bile acid cotransporter,INHIBITOR,Ileal bile acid transporter inhibitor,4
CHEMBL3707222,VOLIXIBAT,CCCC[C@]1(CC)CS(=O)(=O)c2ccc(N(C)C)cc2[C@@H](c2cccc(NC(=O)N[C@@H]3O[C@H](COS(=O)(=O)O)[C@@H](O)[C@H](OCc4ccccc4)[C@H]3O)c2)[C@H]1O,CHEMBL2778,Ileal sodium/bile acid cotransporter,INHIBITOR,Ileal bile acid transporter inhibitor,2
CHEMBL2387408,LINERIXIBAT,CCCC[C@]1(CC)CS(=O)(=O)c2cc(CNC(CC(=O)O)CC(=O)O)c(OC)cc2[C@@H](c2ccccc2)N1,CHEMBL2778,Ileal sodium/bile acid cotransporter,INHIBITOR,Ileal bile acid transporter inhibitor,3
CHEMBL4582651,PRALSETINIB,CO[C@]1(C(=O)N[C@@H](C)c2ccc(-n3cc(F)cn3)nc2)CC[C@H](c2nc(C)cc(Nc3cc(C)[nH]n3)n2)CC1,CHEMBL2041,Proto-oncogene tyrosine-protein kinase receptor Ret,INHIBITOR,Tyrosine-protein kinase receptor RET inhibitor,4
CHEMBL4297619,ENARODUSTAT,O=C(O)CNC(=O)c1c(O)cc(CCc2ccccc2)n2ncnc12,CHEMBL5697,Egl nine homolog 1,INHIBITOR,Egl nine homolog 1 inhibitor,3
CHEMBL3707223,SOFPIRONIUM BROMIDE,CCOC(=O)C[N+]1(C)CC[C@@H](OC(=O)[C@](O)(c2ccccc2)C2CCCC2)C1.[Br-],CHEMBL2094109,Muscarinic acetylcholine receptor,INHIBITOR,Muscarinic acetylcholine receptor inhibitor,4
CHEMBL2107383,VERNAKALANT HYDROCHLORIDE,COc1ccc(CCO[C@@H]2CCCC[C@H]2N2CC[C@@H](O)C2)cc1OC.Cl,CHEMBL1964,A-type voltage-gated potassium channel KCND3,BLOCKER,Voltage-gated potassium channel subunit Kv4.3 blocker,4
CHEMBL2107383,VERNAKALANT HYDROCHLORIDE,COc1ccc(CCO[C@@H]2CCCC[C@H]2N2CC[C@@H](O)C2)cc1OC.Cl,CHEMBL1980,Sodium channel protein type 5 subunit alpha,BLOCKER,Sodium channel protein type V alpha subunit blocker,4
CHEMBL2205807,ABAMETAPIR,Cc1ccc(-c2ccc(C)cn2)nc1,CHEMBL2363056,Zinc,SEQUESTERING AGENT,Zinc sequestering agent,4
CHEMBL422648,PRULIFLOXACIN,Cc1oc(=O)oc1CN1CCN(c2cc3c(cc2F)c(=O)c(C(=O)O)c2n3C(C)S2)CC1,CHEMBL2363076,Topoisomerase IV,INHIBITOR,Topoisomerase IV inhibitor,3
CHEMBL4297627,SELITRECTINIB,C[C@@H]1CCc2ncc(F)cc2[C@H]2CCCN2c2ccn3ncc(c3n2)C(=O)N1,CHEMBL3559684,Neurotrophic tyrosine kinase receptor,INHIBITOR,Neurotrophic tyrosine kinase receptor inhibitor,2
CHEMBL3707290,SOMAPACITAN,C=C(CCCCCCCCCCCCCCCc1nnn[nH]1)NS(=O)(=O)CCCC(=O)NCCOCCOCC(=O)N[C@@H](CCC(=O)N[C@@H](CCC(=O)NCCOCCOCC(=O)N[C@@H](CCCCNC(=O)CSC[C@H](N)C(=O)O)C(N)=O)C(=O)O)C(=O)O,CHEMBL1976,Growth hormone receptor,AGONIST,Growth hormone receptor agonist,4
CHEMBL4582651,PRALSETINIB,CO[C@]1(C(=O)N[C@@H](C)c2ccc(-n3cc(F)cn3)nc2)CC[C@H](c2nc(C)cc(Nc3cc(C)[nH]n3)n2)CC1,CHEMBL3430904,Coiled-coil domain-containing protein 6/Tyrosine-protein kinase receptor RET,INHIBITOR,Coiled-coil domain-containing protein 6/Tyrosine-protein kinase receptor RET inhibitor,4
CHEMBL4582651,PRALSETINIB,CO[C@]1(C(=O)N[C@@H](C)c2ccc(-n3cc(F)cn3)nc2)CC[C@H](c2nc(C)cc(Nc3cc(C)[nH]n3)n2)CC1,CHEMBL3430888,Kinesin-1 heavy chain/ Tyrosine-protein kinase receptor RET,INHIBITOR,Kinesin-1 heavy chain/ Tyrosine-protein kinase receptor RET inhibitor,4
CHEMBL1236524,GALIDESIVIR,Nc1ncnc2c([C@@H]3N[C@H](CO)[C@@H](O)[C@H]3O)c[nH]c12,CHEMBL4523585,Genome polyprotein,INHIBITOR,Genome polyprotein inhibitor,2
CHEMBL1236524,GALIDESIVIR,Nc1ncnc2c([C@@H]3N[C@H](CO)[C@@H](O)[C@H]3O)c[nH]c12,CHEMBL4523307,Genome polyprotein,INHIBITOR,Genome polyprotein inhibitor,2
CHEMBL1236524,GALIDESIVIR,Nc1ncnc2c([C@@H]3N[C@H](CO)[C@@H](O)[C@H]3O)c[nH]c12,CHEMBL4303062,RNA-directed RNA polymerase L,INHIBITOR,RNA-directed RNA polymerase L inhibitor,2
CHEMBL1236524,GALIDESIVIR,Nc1ncnc2c([C@@H]3N[C@H](CO)[C@@H](O)[C@H]3O)c[nH]c12,CHEMBL4523582,Replicase polyprotein 1ab,INHIBITOR,Replicase polyprotein 1ab inhibitor,2
CHEMBL221722,FAVIPIRAVIR,NC(=O)c1nc(F)cnc1O,CHEMBL4523676,RNA-directed RNA polymerase,INHIBITOR,RNA-directed RNA polymerase inhibitor,4
CHEMBL475534,NITRENDIPINE,CCOC(=O)C1=C(C)NC(C)=C(C(=O)OC)C1c1cccc([N+](=O)[O-])c1,CHEMBL2095229,Voltage-gated L-type calcium channel,BLOCKER,Voltage-gated L-type calcium channel blocker,3
CHEMBL2074972,BENIDIPINE,COC(=O)C1=C(C)NC(C)=C(C(=O)OC2CCCN(Cc3ccccc3)C2)C1c1cccc([N+](=O)[O-])c1,CHEMBL2095229,Voltage-gated L-type calcium channel,BLOCKER,Voltage-gated L-type calcium channel blocker,3
CHEMBL1085699,MANIDIPINE 6300,COC(=O)C1=C(C)NC(C)=C(C(=O)OCCN2CCN(C(c3ccccc3)c3ccccc3)CC2)C1c1cccc([N+](=O)[O-])c1,CHEMBL2095229,Voltage-gated L-type calcium channel,BLOCKER,Voltage-gated L-type calcium channel blocker,3
CHEMBL517427,NILVADIPINE,COC(=O)C1=C(C#N)NC(C)=C(C(=O)OC(C)C)C1c1cccc([N+](=O)[O-])c1,CHEMBL2095229,Voltage-gated L-type calcium channel,BLOCKER,Voltage-gated L-type calcium channel blocker,3
CHEMBL452076,CILNIDIPINE,COCCOC(=O)C1=C(C)NC(C)=C(C(=O)OC/C=C/c2ccccc2)C1c1cccc([N+](=O)[O-])c1,CHEMBL2095229,Voltage-gated L-type calcium channel,BLOCKER,Voltage-gated L-type calcium channel blocker,3
CHEMBL1742466,LANDIOLOL,CC1(C)OC[C@@H](COC(=O)CCc2ccc(OC[C@@H](O)CNCCNC(=O)N3CCOCC3)cc2)O1,CHEMBL213,Beta-1 adrenergic receptor,ANTAGONIST,Beta-1 adrenergic receptor antagonist,4
CHEMBL2107455,IGURATIMOD,CS(=O)(=O)Nc1cc2occ(NC=O)c(=O)c2cc1Oc1ccccc1,CHEMBL230,Prostaglandin G/H synthase 2,INHIBITOR,Cyclooxygenase-2 inhibitor,3
CHEMBL2105684,SELUMETINIB SULFATE,Cn1cnc2c(F)c(Nc3ccc(Br)cc3Cl)c(C(=O)NOCCO)cc21.O=S(=O)(O)O,CHEMBL2111289,Dual specificity mitogen-activated protein kinase kinase; MEK1/2,INHIBITOR,Dual specificity mitogen-activated protein kinase kinase; MEK1/2 inhibitor,4
CHEMBL1089318,OPICAPONE,Cc1c(Cl)c(C)[n+]([O-])c(Cl)c1-c1noc(-c2cc(O)c(O)c([N+](=O)[O-])c2)n1,CHEMBL2023,Catechol O-methyltransferase,INHIBITOR,Catechol O-methyltransferase inhibitor,4
CHEMBL3989937,CAPMATINIB HYDROCHLORIDE,CNC(=O)c1ccc(-c2cnc3ncc(Cc4ccc5ncccc5c4)n3n2)cc1F.Cl.Cl.O,CHEMBL3717,Hepatocyte growth factor receptor,INHIBITOR,Hepatocyte growth factor receptor inhibitor,4
CHEMBL4594292,TEPOTINIB HYDROCHLORIDE,CN1CCC(COc2cnc(-c3cccc(Cn4nc(-c5cccc(C#N)c5)ccc4=O)c3)nc2)CC1.Cl.O,CHEMBL3717,Hepatocyte growth factor receptor,INHIBITOR,Hepatocyte growth factor receptor inhibitor,4
CHEMBL4297666,OMIDENEPAG ISOPROPYL,CC(C)OC(=O)CNc1cccc(CN(Cc2ccc(-n3cccn3)cc2)S(=O)(=O)c2cccnc2)n1,CHEMBL1881,Prostaglandin E2 receptor EP2 subtype,AGONIST,Prostanoid EP2 receptor agonist,4
CHEMBL4297258,FIRMONERTINIB,C=CC(=O)Nc1cc(Nc2nccc(-c3cn(C)c4ccccc34)n2)c(OCC(F)(F)F)nc1N(C)CCN(C)C,CHEMBL203,Epidermal growth factor receptor,INHIBITOR,Epidermal growth factor receptor erbB1 inhibitor,3
CHEMBL4297601,ROCACETRAPIB,COc1cc(F)c(C(C)C)cc1C1=C(CN2C(=O)O[C@H](c3cc(C(F)(F)F)cc(C(F)(F)F)c3)[C@@H]2C)CC(C)(C)CC1,CHEMBL3572,Cholesteryl ester transfer protein,INHIBITOR,Cholesteryl ester transfer protein inhibitor,2
CHEMBL2105804,IMPLITAPIDE,Cc1cc(C)c2c3ccccc3n(Cc3cccc([C@@H](C(=O)N[C@@H](CO)c4ccccc4)C4CCCC4)c3)c2n1,CHEMBL2364681,Microsomal triglyceride transfer protein,INHIBITOR,Microsomal triglyceride transfer protein inhibitor,2
CHEMBL4594419,BMS-813160,CC(=O)N[C@@H]1C[C@H](NC(C)(C)C)CC[C@@H]1N1CC[C@H](Nc2ncnc3cc(C(C)(C)C)nn23)C1=O,CHEMBL4015,C-C chemokine receptor type 2,ANTAGONIST,C-C chemokine receptor type 2 antagonist,2
CHEMBL2107457,ITOPRIDE,COc1ccc(C(=O)NCc2ccc(OCCN(C)C)cc2)cc1OC,CHEMBL217,D(2) dopamine receptor,ANTAGONIST,Dopamine D2 receptor antagonist,3
CHEMBL2107457,ITOPRIDE,COc1ccc(C(=O)NCc2ccc(OCCN(C)C)cc2)cc1OC,CHEMBL220,Acetylcholinesterase,INHIBITOR,Acetylcholinesterase inhibitor,3
CHEMBL497939,CYTISINICLINE,O=c1cccc2n1C[C@@H]1CNC[C@H]2C1,CHEMBL1907589,Neuronal acetylcholine receptor; alpha4/beta2,PARTIAL AGONIST,Neuronal acetylcholine receptor; alpha4/beta2 partial agonist,3
CHEMBL4594419,BMS-813160,CC(=O)N[C@@H]1C[C@H](NC(C)(C)C)CC[C@@H]1N1CC[C@H](Nc2ncnc3cc(C(C)(C)C)nn23)C1=O,CHEMBL274,C-C chemokine receptor type 5,ANTAGONIST,C-C chemokine receptor type 5 antagonist,2
CHEMBL4297436,SRT-2104,Cc1nc(-c2cccnc2)sc1C(=O)Nc1ccccc1-c1cn2c(CN3CCOCC3)csc2n1,CHEMBL4506,NAD-dependent protein deacetylase sirtuin-1,ACTIVATOR,NAD-dependent deacetylase sirtuin 1 activator,2
CHEMBL4297674,BRANEBRUTINIB,CC#CC(=O)N[C@H]1CCCN(c2c(F)cc(C(N)=O)c3[nH]c(C)c(C)c23)C1,CHEMBL5251,Tyrosine-protein kinase BTK,INHIBITOR,Tyrosine-protein kinase BTK inhibitor,2
CHEMBL3786098,PF-06459988,C=CC(=O)N1C[C@H](COc2nc(Nc3cnn(C)c3)nc3[nH]cc(Cl)c23)[C@@H](OC)C1,CHEMBL203,Epidermal growth factor receptor,INHIBITOR,Epidermal growth factor receptor erbB1 inhibitor,2
CHEMBL1269258,CE-326597,CC(C)N(Cc1ccccc1)C(=O)CN1C(=O)[C@@H](Cc2c[nH]c3ccccc23)c2nnc(-c3ccccc3)n2-c2ccccc21,CHEMBL1901,Cholecystokinin receptor type A,AGONIST,Cholecystokinin A receptor agonist,2
CHEMBL3989970,MAVELERTINIB,C=CC(=O)N[C@@H]1CN(c2nc(Nc3cn(C)nc3OC)c3ncn(C)c3n2)C[C@H]1F,CHEMBL203,Epidermal growth factor receptor,INHIBITOR,Epidermal growth factor receptor erbB1 inhibitor,2
CHEMBL3663929,NAQUOTINIB,C=CC(=O)N1CC[C@@H](Oc2nc(Nc3ccc(N4CCC(N5CCN(C)CC5)CC4)cc3)c(C(N)=O)nc2CC)C1,CHEMBL203,Epidermal growth factor receptor,INHIBITOR,Epidermal growth factor receptor erbB1 inhibitor,3
CHEMBL3707347,VERINURAD,CC(C)(Sc1ccncc1-c1ccc(C#N)c2ccccc12)C(=O)O,CHEMBL6120,Solute carrier family 22 member 12,INHIBITOR,Solute carrier family 22 member 12 inhibitor,2
CHEMBL2403238,CABOTEGRAVIR,C[C@H]1CO[C@@H]2Cn3cc(C(=O)NCc4ccc(F)cc4F)c(=O)c(O)c3C(=O)N12,CHEMBL3471,Human immunodeficiency virus type 1 integrase,INHIBITOR,Human immunodeficiency virus type 1 integrase inhibitor,4
CHEMBL4298169,TROPIFEXOR,O=C(O)c1cc(F)c2nc(N3[C@@H]4CC[C@H]3C[C@@H](OCc3c(-c5ccccc5OC(F)(F)F)noc3C3CC3)C4)sc2c1,CHEMBL2047,Bile acid receptor,AGONIST,Bile acid receptor FXR agonist,2
CHEMBL4297626,NIDUFEXOR,Cn1nc(C(=O)N(Cc2ccccc2)Cc2ccc(C(=O)O)cc2)c2c1-c1cc(Cl)ccc1OC2,CHEMBL2047,Bile acid receptor,AGONIST,Bile acid receptor FXR agonist,2
CHEMBL4297613,CILOFEXOR,O=C(O)c1ccnc(N2CC(O)(c3ccc(OCc4c(-c5c(Cl)cccc5Cl)noc4C4CC4)cc3Cl)C2)c1,CHEMBL2047,Bile acid receptor,AGONIST,Bile acid receptor FXR agonist,3
CHEMBL4297383,GSK-1521498,Fc1cc(-c2cccc(-c3nc[nH]n3)c2)cc(F)c1CNC1Cc2ccccc2C1,CHEMBL233,Mu-type opioid receptor,ANTAGONIST,Mu opioid receptor antagonist,2
CHEMBL3989927,IBERDOMIDE,O=C1CC[C@H](N2Cc3c(OCc4ccc(CN5CCOCC5)cc4)cccc3C2=O)C(=O)N1,CHEMBL3833061,CRL4(CRBN) E3 ubiquitin ligase,MODULATOR,CRL4(CRBN) E3 ubiquitin ligase modulator,3
CHEMBL4297477,BREPOCITINIB,Cn1cc(Nc2nccc(N3C[C@H]4CC[C@@H](C3)N4C(=O)[C@@H]3CC3(F)F)n2)cn1,CHEMBL3553,Non-receptor tyrosine-protein kinase TYK2,INHIBITOR,Tyrosine-protein kinase TYK2 inhibitor,3
CHEMBL4594444,PECAVAPTAN,C[C@H](O)c1nc(Cn2nc(-c3ccc(Cl)cc3)n(C[C@H](O)C(F)(F)F)c2=O)nn1-c1cccc(Cl)c1,CHEMBL1889,Vasopressin V1a receptor,ANTAGONIST,Vasopressin V1a receptor antagonist,2
CHEMBL4297596,FULACIMSTAT,Cn1c(=O)oc2cc(-n3cc(C(=O)O)c(=O)n([C@@H]4CCc5c4cccc5C(F)(F)F)c3=O)ccc21,CHEMBL4068,Chymase,INHIBITOR,Chymase inhibitor,2
CHEMBL4297483,NAVAFENTEROL,CN(CCCn1nnc2cc(CNC[C@H](O)c3ccc(O)c4[nH]c(=O)ccc34)ccc21)[C@H]1CC[C@H](OC(=O)C(O)(c2cccs2)c2cccs2)CC1,CHEMBL210,Beta-2 adrenergic receptor,AGONIST,Beta-2 adrenergic receptor agonist,2
CHEMBL2141296,IXAZOMIB,CC(C)C[C@H](NC(=O)CNC(=O)c1cc(Cl)ccc1Cl)B(O)O,CHEMBL2364701,26S proteasome,INHIBITOR,26S proteasome inhibitor,3
CHEMBL3644587,2X-121,O=c1[nH]nc2c3c(cccc13)N=C(CN1Cc3ccccc3C1)N2,CHEMBL3105,Poly [ADP-ribose] polymerase 1,INHIBITOR,Poly [ADP-ribose] polymerase-1 inhibitor,2
CHEMBL4594444,PECAVAPTAN,C[C@H](O)c1nc(Cn2nc(-c3ccc(Cl)cc3)n(C[C@H](O)C(F)(F)F)c2=O)nn1-c1cccc(Cl)c1,CHEMBL1790,Vasopressin V2 receptor,ANTAGONIST,Vasopressin V2 receptor antagonist,2
CHEMBL4298172,SOTICLESTAT,O=C(c1cccnc1-c1ccncc1)N1CCC(O)(Cc2ccccc2)CC1,CHEMBL4523510,Cholesterol 24-hydroxylase,INHIBITOR,Cholesterol 24-hydroxylase inhibitor,3
CHEMBL4297630,COTADUTIDE,CCCCCCCCCCCCCCCC(=O)N[C@@H](CCC(=O)NCCCC[C@H](NC(=O)[C@H](CC(=O)O)NC(=O)[C@H](CO)NC(=O)[C@@H](NC(=O)[C@H](Cc1ccccc1)NC(=O)[C@@H](NC(=O)CNC(=O)[C@H](CCC(N)=O)NC(=O)[C@H](CO)NC(=O)[C@@H](N)Cc1c[nH]cn1)[C@@H](C)O)[C@@H](C)O)C(=O)N[C@@H](CO)C(=O)N[C@@H](CCC(=O)O)C(=O)N[C@@H](Cc1ccc(O)cc1)C(=O)N[C@@H](CC(C)C)C(=O)N[C@@H](CC(=O)O)C(=O)N[C@@H](CO)C(=O)N[C@@H](CCC(=O)O)C(=O)N[C@@H](CCCNC(=N)N)C(=O)N[C@@H](C)C(=O)N[C@@H](CCCNC(=N)N)C(=O)N[C@@H](CC(=O)O)C(=O)N[C@@H](Cc1ccccc1)C(=O)N[C@H](C(=O)N[C@@H](C)C(=O)N[C@@H](Cc1c[nH]c2ccccc12)C(=O)N[C@@H](CC(C)C)C(=O)N[C@@H](CCC(=O)O)C(=O)N[C@@H](C)C(=O)NCC(=O)NCC(=O)O)C(C)C)C(=O)O,CHEMBL1985,Glucagon receptor,AGONIST,Glucagon receptor agonist,2
CHEMBL1236936,CINACIGUAT,O=C(O)CCCCN(CCc1ccccc1OCc1ccc(CCc2ccccc2)cc1)Cc1ccc(C(=O)O)cc1,CHEMBL2111348,Soluble guanylate cyclase,ACTIVATOR,Soluble guanylate cyclase activator,2
CHEMBL4297214,PRALICIGUAT,OC(CNc1nc(-c2cc(-c3ccon3)n(Cc3ccccc3F)n2)ncc1F)(C(F)(F)F)C(F)(F)F,CHEMBL2111348,Soluble guanylate cyclase,ACTIVATOR,Soluble guanylate cyclase activator,2
CHEMBL3644587,2X-121,O=c1[nH]nc2c3c(cccc13)N=C(CN1Cc3ccccc3C1)N2,CHEMBL5366,Poly [ADP-ribose] polymerase 2,INHIBITOR,Poly [ADP-ribose] polymerase 2 inhibitor,2
CHEMBL3644587,2X-121,O=c1[nH]nc2c3c(cccc13)N=C(CN1Cc3ccccc3C1)N2,CHEMBL3038515,Tankyrase 1/2,INHIBITOR,Tankyrase 1/2 inhibitor,2
CHEMBL3317856,GEPOTIDACIN,O=c1ccc2ncc(=O)n3c2n1C[C@H]3CN1CCC(NCc2cc3c(cn2)OCCC3)CC1,CHEMBL2363076,Topoisomerase IV,INHIBITOR,Topoisomerase IV inhibitor,3
CHEMBL2158685,ABC-294640,O=C(NCc1ccncc1)C12CC3CC(C1)CC(c1ccc(Cl)cc1)(C3)C2,CHEMBL3023,Sphingosine kinase 2,INHIBITOR,Sphingosine kinase 2 inhibitor,2
CHEMBL4297599,ASPACYTARABINE,N[C@@H](CC(=O)Nc1ccn([C@@H]2O[C@H](CO)[C@@H](O)[C@@H]2O)c(=O)n1)C(=O)O,CHEMBL2311221,DNA,DISRUPTING AGENT,DNA disrupting agent,2
CHEMBL3417258,LUMICITABINE,CC(C)C(=O)OC[C@@]1(CCl)O[C@@H](n2ccc(N)nc2=O)[C@H](F)[C@@H]1OC(=O)C(C)C,CHEMBL4630897,RNA-directed RNA polymerase L,INHIBITOR,RNA-directed RNA polymerase L inhibitor,2
CHEMBL1189025,BROSTALLICIN,C=C(Br)C(=O)Nc1cc(C(=O)Nc2cc(C(=O)Nc3cc(C(=O)Nc4cc(C(=O)NCCNC(=N)N)n(C)c4)n(C)c3)n(C)c2)n(C)c1,CHEMBL2311221,DNA,DISRUPTING AGENT,DNA disrupting agent,2
CHEMBL3219616,CP-866087,CC[C@]1(c2cccc(NS(C)(=O)=O)c2)[C@@H]2CN(CC3(O)Cc4ccccc4C3)C[C@@H]21,CHEMBL233,Mu-type opioid receptor,ANTAGONIST,Mu opioid receptor antagonist,2
CHEMBL2110737,CELGOSIVIR,CCCC(=O)O[C@H]1CN2CC[C@H](O)[C@@H]2[C@@H](O)[C@@H]1O,CHEMBL3833502,Alpha glucosidase,INHIBITOR,Alpha glucosidase inhibitor,2
CHEMBL3182343,PIVAMPICILLIN,CC(C)(C)C(=O)OCOC(=O)[C@@H]1N2C(=O)[C@@H](NC(=O)[C@H](N)c3ccccc3)[C@H]2SC1(C)C,CHEMBL2354204,Bacterial penicillin-binding protein,INHIBITOR,Bacterial penicillin-binding protein inhibitor,2
CHEMBL4594246,SULOPENEM ETZADROXIL,CCC(CC)C(=O)OCOC(=O)C1=C(S[C@H]2CC[S+]([O-])C2)S[C@@H]2[C@@H]([C@@H](C)O)C(=O)N12,CHEMBL2354204,Bacterial penicillin-binding protein,INHIBITOR,Bacterial penicillin-binding protein inhibitor,4
CHEMBL1921847,ATICAPRANT,Cc1cc(C)cc([C@@H]2CCCN2Cc2ccc(Oc3ccc(C(N)=O)cc3F)cc2)c1,CHEMBL237,Kappa-type opioid receptor,ANTAGONIST,Kappa opioid receptor antagonist,3
CHEMBL1190199,ASIMADOLINE,CN(C(=O)C(c1ccccc1)c1ccccc1)[C@H](CN1CC[C@H](O)C1)c1ccccc1,CHEMBL237,Kappa-type opioid receptor,AGONIST,Kappa opioid receptor agonist,3
CHEMBL515564,TENOFOVIR EXALIDEX,CCCCCCCCCCCCCCCCOCCCOP(=O)(O)CO[C@H](C)Cn1cnc2c(N)ncnc21,CHEMBL247,Human immunodeficiency virus type 1 reverse transcriptase,INHIBITOR,Human immunodeficiency virus type 1 reverse transcriptase inhibitor,2
CHEMBL4594257,ROVAFOVIR ETALAFENAMIDE,CCOC(=O)[C@H](C)N[P@](=O)(CO[C@@H]1C=C(F)[C@H](n2cnc3c(N)ncnc32)O1)Oc1ccccc1,CHEMBL247,Human immunodeficiency virus type 1 reverse transcriptase,INHIBITOR,Human immunodeficiency virus type 1 reverse transcriptase inhibitor,2
CHEMBL4592045,NAVACAPRANT,CCc1cc(F)c2nc(N3CCC(NC4CCOCC4)CC3)c(-c3nc(C)no3)c(C)c2c1,CHEMBL237,Kappa-type opioid receptor,ANTAGONIST,Kappa opioid receptor antagonist,3
CHEMBL3989865,MIPSAGARGIN,C/C=C(/C)C(=O)O[C@H]1C(C)=C2[C@H]([C@@H]1OC(=O)CCCCCCC)[C@@](C)(OC(C)=O)C[C@H](OC(=O)CCCCCCCCCCCNC(=O)C[C@H](N)C(=O)N[C@@H](CCC(=O)N[C@@H](CCC(=O)N[C@@H](CCC(=O)N[C@@H](CCC(=O)O)C(=O)O)C(=O)O)C(=O)O)C(=O)O)[C@@]1(O)[C@H]2OC(=O)[C@@]1(C)O,CHEMBL3831290,Sarcoplasmic/endoplasmic reticulum calcium ATPase,INHIBITOR,Sarcoplasmic/endoplasmic reticulum calcium ATPase inhibitor,2
CHEMBL3989915,DIFELIKEFALIN,CC(C)C[C@@H](NC(=O)[C@@H](Cc1ccccc1)NC(=O)[C@H](N)Cc1ccccc1)C(=O)N[C@H](CCCCN)C(=O)N1CCC(N)(C(=O)O)CC1,CHEMBL237,Kappa-type opioid receptor,AGONIST,Kappa opioid receptor agonist,4
CHEMBL484,ADEFOVIR,Nc1ncnc2c1ncn2CCOCP(=O)(O)O,CHEMBL2362994,DNA polymerase/reverse transcriptase,INHIBITOR,DNA polymerase/reverse transcriptase inhibitor,3
CHEMBL2062774,VAPENDAVIR,CCOc1noc2cc(OCCC3CCN(c4ccc(C)nn4)CC3)ccc12,CHEMBL3833484,VP1 capsid protein,INHIBITOR,VP1 capsid protein inhibitor,2
CHEMBL1269597,SCY 635,C/C=C/C[C@@H](C)[C@@H](O)[C@H]1C(=O)N[C@@H](CC)C(=O)N(C)[C@H](SCCN(C)C)C(=O)N(C)[C@@H](CC(C)(C)O)C(=O)N[C@@H](C(C)C)C(=O)N(C)[C@@H](CC(C)C)C(=O)N[C@@H](C)C(=O)N[C@H](C)C(=O)N(C)[C@@H](CC(C)C)C(=O)N(C)[C@@H](CC(C)C)C(=O)N(C)[C@@H](C(C)C)C(=O)N1C,CHEMBL1949,Peptidyl-prolyl cis-trans isomerase A,INHIBITOR,Cyclophilin A inhibitor,2
CHEMBL3818875,GSK2256294,CNc1nc(C)nc(N[C@H]2CCC[C@@H](C(=O)NCc3ccc(C#N)cc3C(F)(F)F)C2)n1,CHEMBL2409,Bifunctional epoxide hydrolase 2,INHIBITOR,Epoxide hydratase inhibitor,2
CHEMBL419792,SUMANIROLE,CN[C@@H]1Cc2cccc3[nH]c(=O)n(c23)C1,CHEMBL217,D(2) dopamine receptor,AGONIST,Dopamine D2 receptor agonist,3
CHEMBL3121539,RADALBUVIR,CC1=CC[C@H](C(=O)N(c2cc(C#CC(C)(C)C)sc2C(=O)O)[C@H]2CC[C@](O)(CO[C@H]3CCOC3)CC2)CC1,CHEMBL4296320,RNA-directed RNA polymerase,INHIBITOR,RNA-directed RNA polymerase inhibitor,2
CHEMBL549344,CPG-52852,CCc1nc2c(N)nc3ccccc3c2n1CCCCNS(C)(=O)=O,CHEMBL5936,Toll-like receptor 7,AGONIST,Toll-like receptor 7 agonist,2
CHEMBL2153191,AZD-4017,CCCSc1nc(N2CCC[C@@H](CC(=O)O)C2)ccc1C(=O)NC1CCCCC1,CHEMBL4235,11-beta-hydroxysteroid dehydrogenase 1,INHIBITOR,11-beta-hydroxysteroid dehydrogenase 1 inhibitor,2
CHEMBL1256722,RAZUPENEM,C[C@H]1C=C(c2csc(SC3=C(C(=O)O)N4C(=O)[C@H]([C@@H](C)O)[C@H]4[C@H]3C)n2)CN1,CHEMBL2354204,Bacterial penicillin-binding protein,INHIBITOR,Bacterial penicillin-binding protein inhibitor,2
CHEMBL556262,FAROPENEM,C[C@@H](O)[C@H]1C(=O)N2C(C(=O)O)=C([C@H]3CCCO3)S[C@H]12,CHEMBL2354204,Bacterial penicillin-binding protein,INHIBITOR,Bacterial penicillin-binding protein inhibitor,3
CHEMBL1908305,SULOPENEM,C[C@@H](O)[C@H]1C(=O)N2C(C(=O)O)=C(S[C@H]3CC[S@@+]([O-])C3)S[C@H]12,CHEMBL2354204,Bacterial penicillin-binding protein,INHIBITOR,Bacterial penicillin-binding protein inhibitor,3
CHEMBL3410450,PRESATOVIR,Cc1cn2nc([C@@H]3CCCCN3C(=O)c3cc(Cl)ccc3NS(C)(=O)=O)cc2nc1N1CC[C@H](N)C1,CHEMBL3856166,Fusion glycoprotein F0,INHIBITOR,Fusion glycoprotein F0 inhibitor,2
CHEMBL4297616,OLINCIGUAT,NC(=O)[C@](O)(CNc1nc(-c2cc(-c3ccon3)n(Cc3ccccc3F)n2)ncc1F)C(F)(F)F,CHEMBL2111348,Soluble guanylate cyclase,POSITIVE ALLOSTERIC MODULATOR,Soluble guanylate cyclase positive allosteric modulator,2
CHEMBL1761322,MK-0736,CCS(=O)(=O)CCCC12CCC(c3nnc(-c4ccccc4C(F)(F)F)n3C)(CC1)CC2,CHEMBL4235,11-beta-hydroxysteroid dehydrogenase 1,INHIBITOR,11-beta-hydroxysteroid dehydrogenase 1 inhibitor,2
CHEMBL4081711,ZIMLOVISERTIB,CC[C@@H]1[C@H](F)C(=O)N[C@@H]1COc1nccc2cc(C(N)=O)c(OC)cc12,CHEMBL3778,Interleukin-1 receptor-associated kinase 4,INHIBITOR,Interleukin-1 receptor-associated kinase 4 inhibitor,2
CHEMBL4297320,PL-3994,CCCCCCC(=O)N[C@@H]1CSSC[C@@H](C(=O)N[C@@H](Cc2ccc(O)cc2)C(=O)N2C[C@H](C(N)=O)NC(=O)[C@@H]2CCCNC(=N)N)NC(=O)[C@H](CO)NC(=O)[C@H]([C@@H](C)CC)NC(=O)[C@H](CCCNC(=N)N)NC(=O)[C@H](CC(=O)O)NC(=O)[C@@H](CCCC)NC(=O)[C@H](CCCNC(=N)N)NC(=O)CNC(=O)[C@@H](C)NC(=O)[C@H](Cc2ccccc2)NC(=O)[C@H](Cc2c[nH]cn2)NC1=O,CHEMBL1988,Atrial natriuretic peptide receptor 1,AGONIST,Atrial natriuretic peptide receptor A agonist,2
CHEMBL3989968,DIFAMILAST,CCOc1ccccc1C(=O)NCc1coc(-c2ccc(OC(F)F)c(OC(C)C)c2)n1,CHEMBL2093863,Phosphodiesterase 4,INHIBITOR,Phosphodiesterase 4 inhibitor,3
CHEMBL169896,OSI-7904,Cc1nc2ccc3ccc(CNc4ccc5c(c4)CN([C@@H](CCC(=O)O)C(=O)O)C5=O)cc3c2c(=O)[nH]1,CHEMBL1952,Thymidylate synthase,INHIBITOR,Thymidylate synthase inhibitor,2
CHEMBL483,TENOFOVIR ANHYDROUS,C[C@H](Cn1cnc2c(N)ncnc21)OCP(=O)(O)O,CHEMBL247,Human immunodeficiency virus type 1 reverse transcriptase,INHIBITOR,Human immunodeficiency virus type 1 reverse transcriptase inhibitor,3
CHEMBL4297300,LB-100,CN1CCN(C(=O)C2C(C(=O)O)[C@H]3CC[C@@H]2O3)CC1,CHEMBL4703,Serine/threonine-protein phosphatase 2A catalytic subunit alpha isoform,INHIBITOR,"Serine/threonine protein phosphatase 2A, catalytic subunit, alpha isoform inhibitor",2
CHEMBL3359265,PF-05175157,Cc1nc2ccc(C(=O)N3CCC4(CC3)CC(=O)c3c(cnn3C(C)C)C4)cc2[nH]1,CHEMBL3885507,Acetyl-CoA carboxylase,INHIBITOR,Acetyl-CoA carboxylase inhibitor,2
CHEMBL4297294,JNJ-42165279,O=C(Nc1cnccc1Cl)N1CCN(Cc2ccc3c(c2)OC(F)(F)O3)CC1,CHEMBL2243,Fatty-acid amide hydrolase 1,INHIBITOR,Anandamide amidohydrolase inhibitor,2
CHEMBL3912251,ONO-8539,Cc1cc(C(=O)O)ccc1COc1cc2c(cc1N(CC(C)C)S(=O)(=O)c1nccs1)CCC2,CHEMBL1811,Prostaglandin E2 receptor EP1 subtype,ANTAGONIST,Prostanoid EP1 receptor antagonist,2
CHEMBL4437054,RILEMATOVIR,CS(=O)(=O)CCCn1c(Cn2c(=O)n(CC(F)(F)F)c3ccncc32)cc2cc(Cl)ccc21,CHEMBL2364165,Fusion glycoprotein F0,INHIBITOR,Fusion glycoprotein F0 inhibitor,3
CHEMBL3334824,BMS-817399,CC(C)[C@@H](NC(=O)NCC(C)(C)O)C(=O)N1CC[C@](O)(c2ccc(Cl)cc2)C(C)(C)C1,CHEMBL2413,C-C chemokine receptor type 1,ANTAGONIST,C-C chemokine receptor type 1 antagonist,2
CHEMBL1651534,REDAFAMDASTAT,O=C(Nc1cccnn1)N1CCC(=Cc2cccc(Oc3ccc(C(F)(F)F)cn3)c2)CC1,CHEMBL2243,Fatty-acid amide hydrolase 1,INHIBITOR,Anandamide amidohydrolase inhibitor,2
CHEMBL4297256,ABT-384,CC(C)(C(=O)NC1C2CC3CC1CC(C(N)=O)(C3)C2)N1CCN(c2ccc(C(F)(F)F)cn2)CC1,CHEMBL4235,11-beta-hydroxysteroid dehydrogenase 1,INHIBITOR,11-beta-hydroxysteroid dehydrogenase 1 inhibitor,2
CHEMBL3113734,UK-500001,Cc1ccc(O)c(C(=O)N[C@H]2CC[C@@H](NC(=O)c3cc(F)cnc3Oc3ccc(F)c(F)c3)CC2)c1,CHEMBL4523374,Phosphodiesterase isozyme 4,INHIBITOR,Phosphodiesterase isozyme 4 inhibitor,2
CHEMBL3219124,AZD-1656,COC[C@H](C)Oc1cc(Oc2cnc(C(=O)N3CCC3)cn2)cc(C(=O)Nc2cnc(C)cn2)c1,CHEMBL3820,Hexokinase-4,ACTIVATOR,Hexokinase type IV activator,2
CHEMBL4594404,RIFAQUIZINONE,CO[C@H]1/C=C/O[C@@]2(C)Oc3c(C)c(O)c4c(O)c(c(/C=N/N5CCC(N(C)C6([C@@H]7CCN(c8c(F)cn9c(=O)c(C(=O)O)cc(C%10CC%10)c9c8C)C7)CC6)CC5)c(O)c4c3C2=O)NC(=O)/C(C)=C\C=C\[C@H](C)[C@H](O)[C@@H](C)[C@@H](O)[C@H](C)[C@H](OC(C)=O)[C@H]1C,CHEMBL2364672,Bacterial DNA-directed RNA polymerase,INHIBITOR,Bacterial DNA-directed RNA polymerase inhibitor,2
CHEMBL4303404,PELABRESIB,Cc1noc2c1-c1ccccc1C(c1ccc(Cl)cc1)=N[C@H]2CC(N)=O,CHEMBL4296614,Bromodomain and extra-terminal motif (BET),INHIBITOR,Bromodomain and extra-terminal motif (BET) inhibitor,3
CHEMBL4518483,DANUGLIPRON,N#Cc1ccc(COc2cccc(C3CCN(Cc4nc5ccc(C(=O)O)cc5n4C[C@@H]4CCO4)CC3)n2)c(F)c1,CHEMBL1784,Glucagon-like peptide 1 receptor,AGONIST,Glucagon-like peptide 1 receptor agonist,2
CHEMBL4072756,AZD-5423,COc1cccc([C@@H](Oc2ccc3c(cnn3-c3ccc(F)cc3)c2)[C@H](C)NC(=O)C(F)(F)F)c1,CHEMBL2034,Glucocorticoid receptor,MODULATOR,Glucocorticoid receptor modulator,2
CHEMBL4069597,PRITELIVIR,Cc1nc(N(C)C(=O)Cc2ccc(-c3ccccn3)cc2)sc1S(N)(=O)=O,CHEMBL4630721,Helicase/primase,INHIBITOR,Helicase/primase inhibitor,3
CHEMBL1076263,SETROBUVIR,CS(=O)(=O)Nc1ccc2c(c1)S(=O)(=O)N=C(C1=C(O)[C@@H]3[C@H]4CC[C@H](C4)[C@@H]3N(Cc3ccc(F)cc3)C1=O)N2,CHEMBL4296320,RNA-directed RNA polymerase,INHIBITOR,RNA-directed RNA polymerase inhibitor,2
CHEMBL1082723,CIPARGAMIN,C[C@H]1Cc2c([nH]c3cc(Cl)c(F)cc23)[C@@]2(N1)C(=O)Nc1ccc(Cl)cc12,CHEMBL4630875,P-type ATPase,INHIBITOR,P-type ATPase inhibitor,2
CHEMBL4594448,IPTACOPAN,CCO[C@H]1CCN(Cc2c(OC)cc(C)c3[nH]ccc23)[C@H](c2ccc(C(=O)O)cc2)C1,CHEMBL5731,Complement factor B,INHIBITOR,Complement factor B inhibitor,4
CHEMBL2110581,BEVASIRANIB,Cc1cn([C@H]2C[C@H](OP(=O)(O)OC[C@H]3O[C@@H](n4cc(C)c(=O)[nH]c4=O)C[C@@H]3O)[C@@H](COP(=O)(O)O[C@H]3[C@@H](O)[C@H](n4ccc(N)nc4=O)O[C@@H]3COP(=O)(O)O[C@H]3[C@@H](O)[C@H](n4cnc5c(N)ncnc54)O[C@@H]3COP(=O)(O)O[C@H]3[C@@H](O)[C@H](n4ccc(N)nc4=O)O[C@@H]3COP(=O)(O)O[C@H]3[C@@H](O)[C@H](n4cnc5c(=O)[nH]c(N)nc54)O[C@@H]3COP(=O)(O)O[C@H]3[C@@H](O)[C@H](n4cnc5c(N)ncnc54)O[C@@H]3COP(=O)(O)O[C@H]3[C@@H](O)[C@H](n4ccc(N)nc4=O)O[C@@H]3COP(=O)(O)O[C@H]3[C@@H](O)[C@H](n4ccc(N)nc4=O)O[C@@H]3COP(=O)(O)O[C@H]3[C@@H](O)[C@H](n4cnc5c(=O)[nH]c(N)nc54)O[C@@H]3COP(=O)(O)O[C@H]3[C@@H](O)[C@H](n4cnc5c(=O)[nH]c(N)nc54)O[C@@H]3COP(=O)(O)O[C@H]3[C@@H](O)[C@H](n4cnc5c(N)ncnc54)O[C@@H]3COP(=O)(O)O[C@H]3[C@@H](O)[C@H](n4cnc5c(N)ncnc54)O[C@@H]3COP(=O)(O)O[C@H]3[C@@H](O)[C@H](n4ccc(N)nc4=O)O[C@@H]3COP(=O)(O)O[C@H]3[C@@H](O)[C@H](n4ccc(N)nc4=O)O[C@@H]3COP(=O)(O)O[C@H]3[C@@H](O)[C@H](n4cnc5c(N)ncnc54)O[C@@H]3COP(=O)(O)O[C@H]3[C@@H](O)[C@H](n4ccc(N)nc4=O)O[C@@H]3COP(=O)(O)O[C@H]3[C@@H](O)[C@H](n4ccc(=O)[nH]c4=O)O[C@@H]3COP(=O)(O)O[C@H]3[C@@H](O)[C@H](n4ccc(N)nc4=O)O[C@@H]3COP(=O)(O)O[C@H]3[C@@H](O)[C@H](n4ccc(N)nc4=O)O[C@@H]3COP(=O)(O)O[C@H]3[C@@H](O)[C@H](n4cnc5c(N)ncnc54)O[C@@H]3CO)O2)c(=O)[nH]c1=O,CHEMBL4630576,VEGF-A mRNA,RNAI INHIBITOR,VEGF-A mRNA RNAi inhibitor,3
CHEMBL406050,PX-12,CCC(C)SSc1ncc[nH]1,CHEMBL2010624,Thioredoxin,INHIBITOR,Thioredoxin inhibitor,2
CHEMBL4297422,RG-4733,CC(C)(C(=O)NCC(F)(F)C(F)(F)F)C(=O)N[C@@H]1C(=O)Nc2ccccc2-c2ccccc21,CHEMBL2094135,Gamma-secretase,INHIBITOR,Gamma-secretase inhibitor,2
CHEMBL595573,MK-0557,O=C1O[C@]2(CC[C@H](C(=O)Nc3ccn(-c4ccccc4F)n3)CC2)c2cnccc21,CHEMBL4561,Neuropeptide Y receptor type 5,ANTAGONIST,Neuropeptide Y receptor type 5 antagonist,3
CHEMBL3608680,FEZOLINETANT,Cc1nsc(-c2nnc3n2CCN(C(=O)c2ccc(F)cc2)[C@@H]3C)n1,CHEMBL4429,Neuromedin-K receptor,ANTAGONIST,Neurokinin 3 receptor antagonist,4
CHEMBL4291143,PC-786,Cc1cnc(N2CC3(CCOCC3)C2)c(C(=O)Nc2ccc(C(=O)N3CCc4cc(C(=O)Nc5c(C)cccc5F)sc4-c4ccccc43)cc2)c1,CHEMBL4630897,RNA-directed RNA polymerase L,INHIBITOR,RNA-directed RNA polymerase L inhibitor,2
CHEMBL4297329,PIFUSERTIB,C[C@]1(O)C[C@@](N)(c2ccc(-c3nc4n(c3-c3ccccc3)COc3ccncc3-4)cc2)C1,CHEMBL2111353,Serine/threonine-protein kinase AKT,NEGATIVE ALLOSTERIC MODULATOR,Serine/threonine-protein kinase AKT negative allosteric modulator,2
CHEMBL4297315,PCI-27483,N=C(N)c1ccc2nc(-c3cc(CC(=O)N[C@@H](CC(=O)O)C(=O)O)cc(-c4cc(S(N)(=O)=O)ccc4O)c3O)[nH]c2c1,CHEMBL3991,Coagulation factor VII,INHIBITOR,Coagulation factor VII inhibitor,2
CHEMBL3318007,PIMODIVIR,O=C(O)[C@H]1C2CCC(CC2)[C@@H]1Nc1nc(-c2c[nH]c3ncc(F)cc23)ncc1F,CHEMBL3317339,Polymerase basic protein 2,INHIBITOR,Polymerase basic protein 2 inhibitor,3
CHEMBL3989929,AZELIRAGON,CCCCc1nc(-c2ccc(OCCCN(CC)CC)cc2)cn1-c1ccc(Oc2ccc(Cl)cc2)cc1,CHEMBL2176846,Advanced glycosylation end product-specific receptor,ANTAGONIST,Advanced glycosylation end product-specific receptor antagonist,3
CHEMBL149082,TRAMIPROSATE,NCCCS(=O)(=O)O,CHEMBL2487,Amyloid-beta precursor protein,STABILISER,Amyloid-beta A4 protein stabiliser,3
CHEMBL435381,CIMICOXIB,COc1ccc(-c2c(Cl)ncn2-c2ccc(S(N)(=O)=O)cc2)cc1F,CHEMBL230,Prostaglandin G/H synthase 2,INHIBITOR,Cyclooxygenase-2 inhibitor,2
CHEMBL4297583,TEGOPRAZAN,Cc1nc2cc(C(=O)N(C)C)cc(O[C@H]3CCOc4cc(F)cc(F)c43)c2[nH]1,CHEMBL2095173,Potassium-transporting ATPase,BLOCKER,Potassium-transporting ATPase blocker,3
CHEMBL4297524,RADOTINIB,Cc1cn(-c2cc(NC(=O)c3ccc(C)c(Nc4nccc(-c5cnccn5)n4)c3)cc(C(F)(F)F)c2)cn1,CHEMBL2096618,Bcr/Abl fusion protein,INHIBITOR,Bcr/Abl fusion protein inhibitor,3
CHEMBL4297442,OLITIGALTIN,OC[C@H]1O[C@@H](S[C@@H]2O[C@H](CO)[C@H](O)[C@H](n3cc(-c4cccc(F)c4)nn3)[C@H]2O)[C@H](O)[C@@H](n2cc(-c3cccc(F)c3)nn2)[C@H]1O,CHEMBL4531,Galectin-3,INHIBITOR,Galectin-3 inhibitor,2
CHEMBL4297323,PZ-128,CCCCCCCCCCCCCCCC(=O)N[C@@H](CCCCN)C(=O)N[C@@H](CCCCN)C(=O)N[C@@H](CO)C(=O)N[C@@H](CCCNC(=N)N)C(=O)N[C@@H](C)C(=O)N[C@@H](CC(C)C)C(=O)N[C@@H](Cc1ccccc1)C(N)=O,CHEMBL3974,Proteinase-activated receptor 1,INHIBITOR,Proteinase-activated receptor 1 inhibitor,2
CHEMBL2179105,EDELINONTRINE,C[C@@H]1CN(Cc2ncccn2)C[C@H]1c1nc2c(cnn2C2CCOCC2)c(=O)[nH]1,CHEMBL3535,"High affinity cGMP-specific 3',5'-cyclic phosphodiesterase 9A",INHIBITOR,Phosphodiesterase 9A inhibitor,2
CHEMBL225157,RESATORVID,CCOC(=O)C1=CCCC[C@H]1S(=O)(=O)Nc1ccc(F)cc1Cl,CHEMBL5255,Toll-like receptor 4,INHIBITOR,Toll-like receptor 4 inhibitor,3
CHEMBL3337527,JNJ-40411813,CCCCn1ccc(N2CCC(c3ccccc3)CC2)c(Cl)c1=O,CHEMBL5137,Metabotropic glutamate receptor 2,POSITIVE ALLOSTERIC MODULATOR,Metabotropic glutamate receptor 2 positive allosteric modulator,2
CHEMBL3590674,ABT-639,O=C(c1cc(S(=O)(=O)Nc2ccccc2F)c(F)cc1Cl)N1CCN2CCC[C@@H]2C1,CHEMBL1859,Voltage-dependent T-type calcium channel subunit alpha-1H,BLOCKER,Voltage-gated T-type calcium channel alpha-1H subunit blocker,2
CHEMBL517231,ISLATRAVIR,C#C[C@]1(CO)O[C@@H](n2cnc3c(N)nc(F)nc32)C[C@@H]1O,CHEMBL1681630,Reverse transcriptase,INHIBITOR,Reverse transcriptase inhibitor,3
CHEMBL4297530,SAROGLITAZAR,CCO[C@@H](Cc1ccc(OCCn2c(C)ccc2-c2ccc(SC)cc2)cc1)C(=O)O,CHEMBL239,Peroxisome proliferator-activated receptor alpha,AGONIST,Peroxisome proliferator-activated receptor alpha agonist,3
CHEMBL435128,CAPRAVIRINE,CC(C)c1nc(COC(N)=O)n(Cc2ccncc2)c1Sc1cc(Cl)cc(Cl)c1,CHEMBL247,Human immunodeficiency virus type 1 reverse transcriptase,INHIBITOR,Human immunodeficiency virus type 1 reverse transcriptase inhibitor,2
CHEMBL1171754,JNJ-39220675,O=C(c1ccc(Oc2ccc(F)cc2)nc1)N1CCCN(C2CCC2)CC1,CHEMBL264,Histamine H3 receptor,ANTAGONIST,Histamine H3 receptor antagonist,2
CHEMBL3984425,EGANELISIB,C[C@H](NC(=O)c1c(N)nn2cccnc12)c1cc2cccc(C#Cc3cnn(C)c3)c2c(=O)n1-c1ccccc1,CHEMBL3267,"Phosphatidylinositol 4,5-bisphosphate 3-kinase catalytic subunit gamma isoform",INHIBITOR,PI3-kinase p110-gamma subunit inhibitor,2
CHEMBL3900554,BMS-986142,Cc1c(-c2c(F)cc(C(N)=O)c3[nH]c4c(c23)CC[C@H](C(C)(C)O)C4)cccc1-n1c(=O)c2cccc(F)c2n(C)c1=O,CHEMBL5251,Tyrosine-protein kinase BTK,INHIBITOR,Tyrosine-protein kinase BTK inhibitor,2
CHEMBL160038,NEBICAPONE,O=C(Cc1ccccc1)c1cc(O)c(O)c([N+](=O)[O-])c1,CHEMBL2023,Catechol O-methyltransferase,INHIBITOR,Catechol O-methyltransferase inhibitor,2
CHEMBL20684,ABT-751,COc1ccc(S(=O)(=O)Nc2cccnc2Nc2ccc(O)cc2)cc1,CHEMBL3832942,Tubulin beta,INHIBITOR,Tubulin beta inhibitor,2
CHEMBL4297598,LINRODOSTAT,C[C@@H](C(=O)Nc1ccc(Cl)cc1)C1CCC(c2ccnc3ccc(F)cc23)CC1,CHEMBL4685,"Indoleamine 2,3-dioxygenase 1",INHIBITOR,"Indoleamine 2,3-dioxygenase inhibitor",3
CHEMBL4594424,TZP-102,CC(C)C[C@H]1NC(=O)[C@@H](C)N(C)C(=O)[C@H](C2CC2)NC[C@@H](C)Oc2ccccc2CC[C@H](C)NC1=O,CHEMBL4616,Growth hormone secretagogue receptor type 1,AGONIST,Ghrelin receptor agonist,2
CHEMBL3306918,PRX-03140,CC(C)n1c(=O)c(C(=O)NCCCN2CCCCC2)c(O)c2ccsc21,CHEMBL1875,5-hydroxytryptamine receptor 4,PARTIAL AGONIST,Serotonin 4 (5-HT4) receptor partial agonist,2
CHEMBL3039503,LOMIBUVIR,CC(C)(C)C#Cc1cc(N(C(=O)[C@H]2CC[C@H](C)CC2)[C@H]2CC[C@H](O)CC2)c(C(=O)O)s1,CHEMBL4296320,RNA-directed RNA polymerase,NEGATIVE ALLOSTERIC MODULATOR,RNA-directed RNA polymerase negative allosteric modulator,2
CHEMBL4297504,BELORANIB,CO[C@@H]1[C@H](OC(=O)/C=C/c2ccc(OCCN(C)C)cc2)CC[C@]2(CO2)[C@H]1[C@@]1(C)O[C@@H]1CC=C(C)C,CHEMBL3922,Methionine aminopeptidase 2,INHIBITOR,Methionine aminopeptidase 2 inhibitor,3
CHEMBL513922,EMAPUNIL,CCN(Cc1ccccc1)C(=O)Cn1c(=O)n(C)c2cnc(-c3ccccc3)nc21,CHEMBL5742,Translocator protein,AGONIST,Translocator protein agonist,2
CHEMBL4066936,VERICIGUAT,COC(=O)Nc1c(N)nc(-c2nn(Cc3ccccc3F)c3ncc(F)cc23)nc1N,CHEMBL2111348,Soluble guanylate cyclase,ACTIVATOR,Soluble guanylate cyclase activator,4
CHEMBL290194,ALIZAPRIDE,C=CCN1CCCC1CNC(=O)c1cc2nn[nH]c2cc1OC,CHEMBL217,D(2) dopamine receptor,ANTAGONIST,Dopamine D2 receptor antagonist,3
CHEMBL3317856,GEPOTIDACIN,O=c1ccc2ncc(=O)n3c2n1C[C@H]3CN1CCC(NCc2cc3c(cn2)OCCC3)CC1,CHEMBL2311224,Bacterial DNA gyrase,INHIBITOR,Bacterial DNA gyrase inhibitor,3
CHEMBL4594442,IMARADENANT,Cc1cc(-c2nnc(N)nc2-c2ccc(F)cc2)cc(Cl)n1,CHEMBL251,Adenosine receptor A2a,ANTAGONIST,Adenosine A2a receptor antagonist,2
CHEMBL4297630,COTADUTIDE,CCCCCCCCCCCCCCCC(=O)N[C@@H](CCC(=O)NCCCC[C@H](NC(=O)[C@H](CC(=O)O)NC(=O)[C@H](CO)NC(=O)[C@@H](NC(=O)[C@H](Cc1ccccc1)NC(=O)[C@@H](NC(=O)CNC(=O)[C@H](CCC(N)=O)NC(=O)[C@H](CO)NC(=O)[C@@H](N)Cc1c[nH]cn1)[C@@H](C)O)[C@@H](C)O)C(=O)N[C@@H](CO)C(=O)N[C@@H](CCC(=O)O)C(=O)N[C@@H](Cc1ccc(O)cc1)C(=O)N[C@@H](CC(C)C)C(=O)N[C@@H](CC(=O)O)C(=O)N[C@@H](CO)C(=O)N[C@@H](CCC(=O)O)C(=O)N[C@@H](CCCNC(=N)N)C(=O)N[C@@H](C)C(=O)N[C@@H](CCCNC(=N)N)C(=O)N[C@@H](CC(=O)O)C(=O)N[C@@H](Cc1ccccc1)C(=O)N[C@H](C(=O)N[C@@H](C)C(=O)N[C@@H](Cc1c[nH]c2ccccc12)C(=O)N[C@@H](CC(C)C)C(=O)N[C@@H](CCC(=O)O)C(=O)N[C@@H](C)C(=O)NCC(=O)NCC(=O)O)C(C)C)C(=O)O,CHEMBL1784,Glucagon-like peptide 1 receptor,AGONIST,Glucagon-like peptide 1 receptor agonist,2
CHEMBL4297483,NAVAFENTEROL,CN(CCCn1nnc2cc(CNC[C@H](O)c3ccc(O)c4[nH]c(=O)ccc34)ccc21)[C@H]1CC[C@H](OC(=O)C(O)(c2cccs2)c2cccs2)CC1,CHEMBL245,Muscarinic acetylcholine receptor M3,ANTAGONIST,Muscarinic acetylcholine receptor M3 antagonist,2
CHEMBL4297477,BREPOCITINIB,Cn1cc(Nc2nccc(N3C[C@H]4CC[C@@H](C3)N4C(=O)[C@@H]3CC3(F)F)n2)cn1,CHEMBL2835,Tyrosine-protein kinase JAK1,INHIBITOR,Tyrosine-protein kinase JAK1 inhibitor,3
CHEMBL4541964,ZATOLMILAST,O=C(O)Cc1ccc(Cc2cc(-c3cccc(Cl)c3)nc(C(F)(F)F)c2)cc1,CHEMBL288,"3',5'-cyclic-AMP phosphodiesterase 4D",INHIBITOR,Phosphodiesterase 4D inhibitor,3
CHEMBL4297460,DOVRAMILAST,CCOc1cc([C@@H](CS(C)(=O)=O)N2Cc3cccc(NC(=O)C4CC4)c3C2=O)ccc1OC,CHEMBL2093863,Phosphodiesterase 4,INHIBITOR,Phosphodiesterase 4 inhibitor,2
CHEMBL3113974,TRANIMILAST,CS(=O)(=O)Nc1ccc(C(=O)O[C@@H](Cc2c(Cl)c[n+]([O-])cc2Cl)c2ccc(OC(F)F)c(OCC3CC3)c2)cc1OCC1CC1,CHEMBL2093863,Phosphodiesterase 4,INHIBITOR,Phosphodiesterase 4 inhibitor,2
CHEMBL570015,GSK-256066,COc1cccc(Nc2c(C(N)=O)cnc3c(C)cc(S(=O)(=O)c4cccc(C(=O)N(C)C)c4)cc23)c1,CHEMBL2093863,Phosphodiesterase 4,INHIBITOR,Phosphodiesterase 4 inhibitor,2
CHEMBL4297287,HT-0712,COc1ccc([C@H]2CNC(=O)[C@H](Cc3cccc(C)c3)C2)cc1OC1CCCC1,CHEMBL2093863,Phosphodiesterase 4,INHIBITOR,Phosphodiesterase 4 inhibitor,2
CHEMBL3989967,LOTAMILAST,CNc1nc(-c2cccc(NC(=O)c3ccc(C(=O)OC)cc3)c2)c2cc(OC)c(OC)cc2n1,CHEMBL2093863,Phosphodiesterase 4,INHIBITOR,Phosphodiesterase 4 inhibitor,2
CHEMBL485629,MK-0873,O=C(NC1CC1)c1cn(-c2cccc(C#Cc3ccc[n+]([O-])c3)c2)c2ncccc2c1=O,CHEMBL2093863,Phosphodiesterase 4,INHIBITOR,Phosphodiesterase 4 inhibitor,2
CHEMBL4297520,OGLEMILAST,CS(=O)(=O)Nc1ccc2oc3c(OC(F)F)ccc(C(=O)Nc4c(Cl)cncc4Cl)c3c2c1,CHEMBL2093863,Phosphodiesterase 4,INHIBITOR,Phosphodiesterase 4 inhibitor,2
CHEMBL217899,TOFIMILAST,CCc1nn(C2CCCC2)c2c1CCn1c(-c3cccs3)nnc1-2,CHEMBL2093863,Phosphodiesterase 4,INHIBITOR,Phosphodiesterase 4 inhibitor,2
CHEMBL511115,CILOMILAST,COc1ccc([C@]2(C#N)CC[C@@H](C(=O)O)CC2)cc1OC1CCCC1,CHEMBL2093863,Phosphodiesterase 4,INHIBITOR,Phosphodiesterase 4 inhibitor,3
CHEMBL332750,TETOMILAST,CCOc1ccc(-c2nc(-c3cccc(C(=O)O)n3)cs2)cc1OCC,CHEMBL2093863,Phosphodiesterase 4,INHIBITOR,Phosphodiesterase 4 inhibitor,3
CHEMBL483465,ELRAGLUSIB,Cn1cc(C2=C(c3coc4ccc(F)cc34)C(=O)NC2=O)c2cc3c(cc21)OCO3,CHEMBL262,Glycogen synthase kinase-3 beta,INHIBITOR,Glycogen synthase kinase-3 beta inhibitor,2
CHEMBL455136,ALMOREXANT,CNC(=O)[C@@H](c1ccccc1)N1CCc2cc(OC)c(OC)cc2[C@@H]1CCc1ccc(C(F)(F)F)cc1,CHEMBL3307226,Orexin receptor,ANTAGONIST,Orexin receptor antagonist,3
CHEMBL2107822,FILOREXANT,Cc1ccc(-c2ncccn2)c(C(=O)N2C[C@H](COc3ccc(F)cn3)CC[C@H]2C)c1,CHEMBL3307226,Orexin receptor,ANTAGONIST,Orexin receptor antagonist,2
CHEMBL4297590,DARIDOREXANT,COc1ccc(-n2nccn2)c(C(=O)N2CCC[C@@]2(C)c2nc3c(C)c(Cl)ccc3[nH]2)c1,CHEMBL3307226,Orexin receptor,ANTAGONIST,Orexin receptor antagonist,4
CHEMBL3597971,SELTOREXANT,Cc1cc(C)nc(N2CC3CN(C(=O)c4c(F)cccc4-n4nccn4)CC3C2)n1,CHEMBL4792,Orexin receptor type 2,ANTAGONIST,Orexin receptor 2 antagonist,3
CHEMBL4297624,BISEGLIPTIN,CCOC(=O)C12CCC(NCC(=O)N3C[C@@H](F)C[C@H]3C#N)(CC1)CC2,CHEMBL284,Dipeptidyl peptidase 4,INHIBITOR,Dipeptidyl peptidase IV inhibitor,2
CHEMBL3125702,NAVTEMADLIN,CC(C)[C@@H](CS(=O)(=O)C(C)C)N1C(=O)[C@@](C)(CC(=O)O)C[C@H](c2cccc(Cl)c2)[C@H]1c1ccc(Cl)cc1,CHEMBL1907611,Tumour suppressor p53/oncoprotein Mdm2,INHIBITOR,Tumour suppressor p53/oncoprotein Mdm2 inhibitor,3
CHEMBL256997,ATALUREN,O=C(O)c1cccc(-c2noc(-c3ccccc3F)n2)c1,CHEMBL3987582,80S Ribosome,MODULATOR,80S Ribosome modulator,4
CHEMBL1257051,TEDIZOLID,Cn1nnc(-c2ccc(-c3ccc(N4C[C@H](CO)OC4=O)cc3F)cn2)n1,CHEMBL2363135,Bacterial 70S ribosome,INHIBITOR,Bacterial 70S ribosome inhibitor,3
CHEMBL3707376,CADAZOLID,O=C(O)c1cn(C2CC2)c2cc(N3CCC(O)(COc4ccc(N5C[C@H](CO)OC5=O)cc4F)CC3)c(F)cc2c1=O,CHEMBL2363135,Bacterial 70S ribosome,INHIBITOR,Bacterial 70S ribosome inhibitor,3
CHEMBL4072833,EVOBRUTINIB,C=CC(=O)N1CCC(CNc2ncnc(N)c2-c2ccc(Oc3ccccc3)cc2)CC1,CHEMBL5251,Tyrosine-protein kinase BTK,INHIBITOR,Tyrosine-protein kinase BTK inhibitor,3
CHEMBL4297632,OXYCODEGOL,COCCOCCOCCOCCOCCOCCO[C@H]1CCC2(O)[C@H]3Cc4ccc(OC)c5c4[C@@]2(CCN3C)[C@H]1O5,CHEMBL233,Mu-type opioid receptor,AGONIST,Mu opioid receptor agonist,3
CHEMBL4594402,ORP-101,CO[C@]12CC[C@@]3(C[C@@H]1[C@](C)(O)C(C)(C)C)[C@H]1Cc4ccc(OCCOc5ccc6c7c5O[C@H]5[C@@]8(OC)CC[C@@]9(C[C@@H]8[C@](C)(O)C(C)(C)C)[C@@H](C6)N(CC6CC6)CC[C@]759)c5c4[C@@]3(CCN1CC1CC1)[C@H]2O5,CHEMBL233,Mu-type opioid receptor,PARTIAL AGONIST,Mu opioid receptor partial agonist,2
CHEMBL314437,MEPTAZINOL,CCC1(c2cccc(O)c2)CCCCN(C)C1,CHEMBL233,Mu-type opioid receptor,PARTIAL AGONIST,Mu opioid receptor partial agonist,2
CHEMBL1614637,PHENETHICILLIN,CC(Oc1ccccc1)C(=O)N[C@@H]1C(=O)N2[C@@H]1SC(C)(C)[C@@H]2C(=O)O,CHEMBL2354204,Bacterial penicillin-binding protein,INHIBITOR,Bacterial penicillin-binding protein inhibitor,2
CHEMBL1276310,TEMOCILLIN,CO[C@@]1(NC(=O)C(C(=O)O)c2ccsc2)C(=O)N2[C@@H](C(=O)O)C(C)(C)S[C@@H]21,CHEMBL2354204,Bacterial penicillin-binding protein,INHIBITOR,Bacterial penicillin-binding protein inhibitor,3
CHEMBL2106988,PENAMECILLIN,CC(=O)OCOC(=O)[C@@H]1N2C(=O)[C@@H](NC(=O)Cc3ccccc3)[C@H]2SC1(C)C,CHEMBL2354204,Bacterial penicillin-binding protein,INHIBITOR,Bacterial penicillin-binding protein inhibitor,2
CHEMBL1672,CEFPODOXIME,COCC1=C(C(=O)O)N2C(=O)[C@@H](NC(=O)/C(=N\OC)c3csc(N)n3)[C@H]2SC1,CHEMBL2354204,Bacterial penicillin-binding protein,INHIBITOR,Bacterial penicillin-binding protein inhibitor,2
CHEMBL520642,CEFTOBIPROLE,Nc1nc(/C(=N/O)C(=O)N[C@@H]2C(=O)N3C(C(=O)O)=C(/C=C4\CCN([C@@H]5CCNC5)C4=O)CS[C@H]23)ns1,CHEMBL2354204,Bacterial penicillin-binding protein,INHIBITOR,Bacterial penicillin-binding protein inhibitor,2
CHEMBL222645,FLOXACILLIN,Cc1onc(-c2c(F)cccc2Cl)c1C(=O)N[C@@H]1C(=O)N2[C@@H]1SC(C)(C)[C@@H]2C(=O)O,CHEMBL2354204,Bacterial penicillin-binding protein,INHIBITOR,Bacterial penicillin-binding protein inhibitor,3
CHEMBL1619785,TALAMPICILLIN,CC1(C)S[C@@H]2[C@H](NC(=O)[C@H](N)c3ccccc3)C(=O)N2[C@H]1C(=O)OC1OC(=O)c2ccccc21,CHEMBL2354204,Bacterial penicillin-binding protein,INHIBITOR,Bacterial penicillin-binding protein inhibitor,2
CHEMBL4594348,ELSUBRUTINIB,C=CC(=O)N1CCC[C@@H](c2ccc(C(N)=O)c3[nH]ccc23)C1,CHEMBL5251,Tyrosine-protein kinase BTK,INHIBITOR,Tyrosine-protein kinase BTK inhibitor,2
CHEMBL4065122,FENEBRUTINIB,C[C@H]1CN(C2COC2)CCN1c1ccc(Nc2cc(-c3ccnc(N4CCn5c(cc6c5CC(C)(C)C6)C4=O)c3CO)cn(C)c2=O)nc1,CHEMBL5251,Tyrosine-protein kinase BTK,INHIBITOR,Tyrosine-protein kinase BTK inhibitor,3
CHEMBL3702854,RILZABRUTINIB,CC(C)(/C=C(\C#N)C(=O)N1CCC[C@@H](n2nc(-c3ccc(Oc4ccccc4)cc3F)c3c(N)ncnc32)C1)N1CCN(C2COC2)CC1,CHEMBL5251,Tyrosine-protein kinase BTK,INHIBITOR,Tyrosine-protein kinase BTK inhibitor,3
CHEMBL4297300,LB-100,CN1CCN(C(=O)C2C(C(=O)O)[C@H]3CC[C@@H]2O3)CC1,CHEMBL2435,Serine/threonine-protein phosphatase 2A catalytic subunit beta isoform,INHIBITOR,"Serine/threonine protein phosphatase 2A, catalytic subunit, beta isoform inhibitor",2
CHEMBL4297300,LB-100,CN1CCN(C(=O)C2C(C(=O)O)[C@H]3CC[C@@H]2O3)CC1,CHEMBL3425389,Serine/threonine-protein phosphatase 5,INHIBITOR,Serine/threonine-protein phosphatase 5 inhibitor,2
CHEMBL38943,GW501516,Cc1cc(SCc2sc(-c3ccc(C(F)(F)F)cc3)nc2C)ccc1OCC(=O)O,CHEMBL3979,Peroxisome proliferator-activated receptor delta,AGONIST,Peroxisome proliferator-activated receptor delta agonist,2
CHEMBL3707395,ELAFIBRANOR,CSc1ccc(C(=O)/C=C/c2cc(C)c(OC(C)(C)C(=O)O)c(C)c2)cc1,CHEMBL239,Peroxisome proliferator-activated receptor alpha,AGONIST,Peroxisome proliferator-activated receptor alpha agonist,4
CHEMBL455461,RADEZOLID,CC(=O)NC[C@H]1CN(c2ccc(-c3ccc(CNCc4cnn[nH]4)cc3)c(F)c2)C(=O)O1,CHEMBL2363135,Bacterial 70S ribosome,INHIBITOR,Bacterial 70S ribosome inhibitor,2
CHEMBL4740383,ETRUMADENANT,Cc1c(C#N)cccc1-c1cc(-c2cn(Cc3cccc(C(C)(C)O)n3)nn2)nc(N)n1,CHEMBL251,Adenosine receptor A2a,ANTAGONIST,Adenosine A2a receptor antagonist,2
CHEMBL4091374,LANIFIBRANOR,O=C(O)CCCc1cc2cc(Cl)ccc2n1S(=O)(=O)c1ccc2ncsc2c1,CHEMBL3559683,Peroxisome proliferator-activated receptor,AGONIST,Peroxisome proliferator-activated receptor agonist,3
CHEMBL3971095,RUZASVIR,COC(=O)N[C@H](C(=O)N1CCC[C@H]1c1ncc(-c2cc(F)c3c(c2)O[C@@H](c2cnc(C4CC4)s2)n2c-3cc3cc(-c4cnc([C@@H]5CCCN5C(=O)[C@@H](NC(=O)OC)C(C)C)[nH]4)ccc32)[nH]1)C(C)C,CHEMBL3307224,Nonstructural protein 5A,INHIBITOR,Nonstructural protein 5A inhibitor,2
CHEMBL3121849,RAVIDASVIR,COC(=O)N[C@H](C(=O)N1CCC[C@H]1c1nc(-c2ccc3cc(-c4ccc5[nH]c([C@@H]6CCCN6C(=O)[C@@H](NC(=O)OC)C(C)C)nc5c4)ccc3c2)c[nH]1)C(C)C,CHEMBL3307224,Nonstructural protein 5A,INHIBITOR,Nonstructural protein 5A inhibitor,2
CHEMBL301829,CP-195543,O=C(O)c1ccc(C(F)(F)F)cc1-c1ccc2c(c1)OC[C@H](Cc1ccccc1)[C@H]2O,CHEMBL2095160,Leukotriene B4 receptor,ANTAGONIST,Leukotriene B4 receptor antagonist,2
CHEMBL4297404,MK-0767,COc1ccc(CC2OC(=O)NC2=O)cc1C(=O)NCc1ccc(C(F)(F)F)cc1,CHEMBL235,Peroxisome proliferator-activated receptor gamma,AGONIST,Peroxisome proliferator-activated receptor gamma agonist,3
CHEMBL288149,SUTEZOLID,CC(=O)NC[C@H]1CN(c2ccc(N3CCSCC3)c(F)c2)C(=O)O1,CHEMBL2363965,70S ribosome,INHIBITOR,70S ribosome inhibitor,2
CHEMBL1933350,MK-3577,CCC[C@H](c1ccc(C(=O)NCCC(=O)O)cc1)[C@H](c1ccc(Cl)cc1)c1c[nH]c2c(F)cc(C)cc12,CHEMBL1985,Glucagon receptor,ANTAGONIST,Glucagon receptor antagonist,2
CHEMBL3353541,GLPG-0974,C[C@]1(C(=O)N(CCCC(=O)O)Cc2cccc(Cl)c2)CCN1C(=O)c1csc2ccccc12,CHEMBL5493,Free fatty acid receptor 2,ANTAGONIST,Free fatty acid receptor 2 antagonist,2
CHEMBL3287379,CONTEZOLID,O=C1C=CN(c2c(F)cc(N3C[C@H](CNc4ccon4)OC3=O)c(F)c2F)CC1,CHEMBL2363135,Bacterial 70S ribosome,INHIBITOR,Bacterial 70S ribosome inhibitor,3
CHEMBL1673408,DELPAZOLID,CN1CCN(c2ccc(N3C[C@H](CO)OC3=O)cc2F)C=N1,CHEMBL2363135,Bacterial 70S ribosome,INHIBITOR,Bacterial 70S ribosome inhibitor,2
CHEMBL176,BEKANAMYCIN,NC[C@H]1O[C@H](O[C@H]2[C@H](O)[C@@H](O[C@H]3O[C@H](CO)[C@@H](O)[C@H](N)[C@H]3O)[C@H](N)C[C@@H]2N)[C@H](N)[C@@H](O)[C@@H]1O,CHEMBL2363135,Bacterial 70S ribosome,INHIBITOR,Bacterial 70S ribosome inhibitor,3
CHEMBL4297404,MK-0767,COc1ccc(CC2OC(=O)NC2=O)cc1C(=O)NCc1ccc(C(F)(F)F)cc1,CHEMBL239,Peroxisome proliferator-activated receptor alpha,AGONIST,Peroxisome proliferator-activated receptor alpha agonist,3
CHEMBL3707395,ELAFIBRANOR,CSc1ccc(C(=O)/C=C/c2cc(C)c(OC(C)(C)C(=O)O)c(C)c2)cc1,CHEMBL3979,Peroxisome proliferator-activated receptor delta,AGONIST,Peroxisome proliferator-activated receptor delta agonist,4
CHEMBL3716365,GLPG-1205,O=c1nc(OC[C@@H]2COCCO2)cc2n1CCc1cc(C#CC3CC3)ccc1-2,CHEMBL3714079,G-protein coupled receptor 84,NEGATIVE ALLOSTERIC MODULATOR,G-protein coupled receptor 84 negative allosteric modulator,2
CHEMBL4297268,BMS-275183,COC(=O)O[C@@]12CO[C@@H]1C[C@H](O)[C@@]1(C)C(=O)[C@H](OC(C)=O)C3=C(C)[C@@H](OC(=O)[C@H](O)[C@@H](NC(=O)OC(C)(C)C)C(C)(C)C)C[C@@](O)([C@@H](OC(=O)c4ccccc4)[C@H]21)C3(C)C,CHEMBL2095182,Tubulin,STABILISER,Tubulin stabiliser,2
CHEMBL39541,DOLASTATIN-10,CC[C@H](C)[C@@H]([C@@H](CC(=O)N1CCC[C@H]1[C@H](OC)[C@@H](C)C(=O)N[C@@H](Cc1ccccc1)c1nccs1)OC)N(C)C(=O)[C@@H](NC(=O)[C@H](C(C)C)N(C)C)C(C)C,CHEMBL2095182,Tubulin,INHIBITOR,Tubulin inhibitor,2
CHEMBL96172,EPOTHILONE D,C/C1=C/C[C@@H](/C(C)=C/c2csc(C)n2)OC(=O)C[C@H](O)C(C)(C)C(=O)[C@H](C)[C@@H](O)[C@@H](C)CCC1,CHEMBL2095182,Tubulin,STABILISER,Tubulin stabiliser,2
CHEMBL4297296,KOS-1584,C/C1=C/C[C@@H](/C(C)=C/c2csc(C)n2)OC(=O)C[C@H](O)C(C)(C)C(=O)[C@H](C)[C@@H](O)[C@@H](C)/C=C/C1,CHEMBL2095182,Tubulin,STABILISER,Tubulin stabiliser,2
CHEMBL4279455,LAROTAXEL,CC(=O)O[C@H]1C(=O)[C@]23C[C@H]2C[C@H]2OC[C@@]2(OC(C)=O)[C@H]3[C@H](OC(=O)c2ccccc2)[C@]2(O)C[C@H](OC(=O)[C@H](O)[C@@H](NC(=O)OC(C)(C)C)c3ccccc3)C(C)=C1C2(C)C,CHEMBL2095182,Tubulin,STABILISER,Tubulin stabiliser,3
CHEMBL4297441,PACLITAXEL DOCOSAHEXAENOIC ACID,CC/C=C\C/C=C\C/C=C\C/C=C\C/C=C\C/C=C\CCC(=O)O[C@@H](C(=O)O[C@H]1C[C@@]2(O)[C@@H](OC(=O)c3ccccc3)[C@@H]3[C@]4(OC(C)=O)CO[C@@H]4C[C@H](O)[C@@]3(C)C(=O)[C@H](OC(C)=O)C(=C1C)C2(C)C)[C@@H](NC(=O)c1ccccc1)c1ccccc1,CHEMBL2095182,Tubulin,STABILISER,Tubulin stabiliser,3
CHEMBL280527,ATEVIRDINE MESYLATE,CCNc1cccnc1N1CCN(C(=O)c2cc3cc(OC)ccc3[nH]2)CC1,CHEMBL247,Human immunodeficiency virus type 1 reverse transcriptase,INHIBITOR,Human immunodeficiency virus type 1 reverse transcriptase inhibitor,2
CHEMBL1630842,BILR 355,CCN1c2ncc(CCOc3cc[n+]([O-])c4ccccc34)cc2C(=O)N(C)c2cccnc21,CHEMBL247,Human immunodeficiency virus type 1 reverse transcriptase,INHIBITOR,Human immunodeficiency virus type 1 reverse transcriptase inhibitor,2
CHEMBL38700,ELVUCITABINE,Nc1nc(=O)n([C@@H]2C=C[C@H](CO)O2)cc1F,CHEMBL247,Human immunodeficiency virus type 1 reverse transcriptase,INHIBITOR,Human immunodeficiency virus type 1 reverse transcriptase inhibitor,2
CHEMBL35033,EMIVIRINE,CCOCn1c(Cc2ccccc2)c(C(C)C)c(=O)[nH]c1=O,CHEMBL247,Human immunodeficiency virus type 1 reverse transcriptase,INHIBITOR,Human immunodeficiency virus type 1 reverse transcriptase inhibitor,2
CHEMBL571987,LERSIVIRINE,CCc1nn(CCO)c(CC)c1Oc1cc(C#N)cc(C#N)c1,CHEMBL247,Human immunodeficiency virus type 1 reverse transcriptase,INHIBITOR,Human immunodeficiency virus type 1 reverse transcriptase inhibitor,2
CHEMBL1649931,PF-232798,CC(=O)N[C@@H](CCN1[C@@H]2CC[C@H]1C[C@@H](n1c(C)nc3c1CCN(C(=O)C(C)C)C3)C2)c1cccc(F)c1,CHEMBL274,C-C chemokine receptor type 5,INHIBITOR,C-C chemokine receptor type 5 inhibitor,2
CHEMBL210651,APRICITABINE,Nc1ccn([C@H]2CO[C@@H](CO)S2)c(=O)n1,CHEMBL247,Human immunodeficiency virus type 1 reverse transcriptase,INHIBITOR,Human immunodeficiency virus type 1 reverse transcriptase inhibitor,3
CHEMBL4594352,TLC-388,CC[C@@]1(OC(=O)C(C)ON=C2c3cc([N+](=O)[O-])cc([N+](=O)[O-])c3-c3c2cc([N+](=O)[O-])cc3[N+](=O)[O-])C(=O)OCc2c1cc1n(c2=O)Cc2cc3c(CN(C)C)c(O)ccc3nc2-1,CHEMBL1781,DNA topoisomerase 1,INHIBITOR,DNA topoisomerase I inhibitor,2
CHEMBL306280,DIFLOMOTECAN,CC[C@@]1(O)CC(=O)OCc2c1cc1n(c2=O)Cc2cc3cc(F)c(F)cc3nc2-1,CHEMBL1781,DNA topoisomerase 1,INHIBITOR,DNA topoisomerase I inhibitor,2
CHEMBL77305,RUBITECAN,CC[C@@]1(O)C(=O)OCc2c1cc1n(c2=O)Cc2cc3c([N+](=O)[O-])cccc3nc2-1,CHEMBL1781,DNA topoisomerase 1,INHIBITOR,DNA topoisomerase I inhibitor,3
CHEMBL1213456,NEMONOXACIN,COc1c(N2C[C@@H](C)C[C@H](N)C2)ccc2c(=O)c(C(=O)O)cn(C3CC3)c12,CHEMBL2311224,Bacterial DNA gyrase,INHIBITOR,Bacterial DNA gyrase inhibitor,3
CHEMBL267648,PEFLOXACIN,CCn1cc(C(=O)O)c(=O)c2cc(F)c(N3CCN(C)CC3)cc21,CHEMBL2311224,Bacterial DNA gyrase,INHIBITOR,Bacterial DNA gyrase inhibitor,2
CHEMBL1256978,GSK-364735,Cn1c(=O)c(C(=O)NCCO)c(O)c2ncc(Cc3ccc(F)cc3)cc21,CHEMBL3471,Human immunodeficiency virus type 1 integrase,INHIBITOR,Human immunodeficiency virus type 1 integrase inhibitor,2
CHEMBL3623290,AZD-3759,COc1cc2ncnc(Nc3cccc(Cl)c3F)c2cc1OC(=O)N1CCN(C)C[C@H]1C,CHEMBL203,Epidermal growth factor receptor,INHIBITOR,Epidermal growth factor receptor erbB1 inhibitor,2
CHEMBL4076467,ABT-072,COc1c(/C=C/c2ccc(NS(C)(=O)=O)cc2)cc(-n2ccc(=O)[nH]c2=O)cc1C(C)(C)C,CHEMBL4296320,RNA-directed RNA polymerase,INHIBITOR,RNA-directed RNA polymerase inhibitor,2
CHEMBL490672,FILIBUVIR,CCc1cc(CC[C@]2(C3CCCC3)CC(O)=C(Cc3nc4nc(C)cc(C)n4n3)C(=O)O2)cc(CC)n1,CHEMBL4296320,RNA-directed RNA polymerase,INHIBITOR,RNA-directed RNA polymerase inhibitor,3
CHEMBL3544977,ODALASVIR,COC(=O)N[C@H](C(=O)N1[C@H](c2nc3cc(-c4cc5ccc4CCc4ccc(c(-c6ccc7[nH]c([C@@H]8C[C@@H]9CCCC[C@@H]9N8C(=O)[C@@H](NC(=O)OC)C(C)C)nc7c6)c4)CC5)ccc3[nH]2)C[C@@H]2CCCC[C@@H]21)C(C)C,CHEMBL3307224,Nonstructural protein 5A,INHIBITOR,Nonstructural protein 5A inhibitor,2
CHEMBL4297492,GSK-2245035,CCC[C@H](C)Oc1nc(N)c2[nH]c(=O)n(CCCCCN3CCCCC3)c2n1,CHEMBL5936,Toll-like receptor 7,AGONIST,Toll-like receptor 7 agonist,2
CHEMBL4594258,SELGANTOLIMOD,CCCC[C@](C)(CO)Nc1nc(N)nc2cc(F)cnc12,CHEMBL5805,Toll-like receptor 8,AGONIST,Toll-like receptor 8 agonist,2
CHEMBL4217292,APINOCALTAMIDE,N#Cc1ccc(Cn2ccc(NC(=O)Cc3ccc(C4(C(F)(F)F)CC4)cc3)n2)nc1,CHEMBL2362995,Voltage-gated T-type calcium channel,BLOCKER,Voltage-gated T-type calcium channel blocker,2
CHEMBL4594402,ORP-101,CO[C@]12CC[C@@]3(C[C@@H]1[C@](C)(O)C(C)(C)C)[C@H]1Cc4ccc(OCCOc5ccc6c7c5O[C@H]5[C@@]8(OC)CC[C@@]9(C[C@@H]8[C@](C)(O)C(C)(C)C)[C@@H](C6)N(CC6CC6)CC[C@]759)c5c4[C@@]3(CCN1CC1CC1)[C@H]2O5,CHEMBL237,Kappa-type opioid receptor,ANTAGONIST,Kappa opioid receptor antagonist,2
CHEMBL4594403,OSAVAMPATOR,CC1=CN2CCS(=O)(=O)N=C2C(c2ccc(OC3CCCCC3)cc2)=N1,CHEMBL2096670,Glutamate receptor ionotropic AMPA,POSITIVE ALLOSTERIC MODULATOR,Glutamate receptor ionotropic AMPA positive allosteric modulator,2
CHEMBL112797,SGS-742,CCCCP(=O)(O)CCCN,CHEMBL2111463,GABA-B receptor,ANTAGONIST,GABA-B receptor antagonist,2
CHEMBL517231,ISLATRAVIR,C#C[C@]1(CO)O[C@@H](n2cnc3c(N)nc(F)nc32)C[C@@H]1O,CHEMBL247,Human immunodeficiency virus type 1 reverse transcriptase,INHIBITOR,Human immunodeficiency virus type 1 reverse transcriptase inhibitor,3
CHEMBL4594404,RIFAQUIZINONE,CO[C@H]1/C=C/O[C@@]2(C)Oc3c(C)c(O)c4c(O)c(c(/C=N/N5CCC(N(C)C6([C@@H]7CCN(c8c(F)cn9c(=O)c(C(=O)O)cc(C%10CC%10)c9c8C)C7)CC6)CC5)c(O)c4c3C2=O)NC(=O)/C(C)=C\C=C\[C@H](C)[C@H](O)[C@@H](C)[C@@H](O)[C@H](C)[C@H](OC(C)=O)[C@H]1C,CHEMBL2311224,Bacterial DNA gyrase,INHIBITOR,Bacterial DNA gyrase inhibitor,2
CHEMBL4594404,RIFAQUIZINONE,CO[C@H]1/C=C/O[C@@]2(C)Oc3c(C)c(O)c4c(O)c(c(/C=N/N5CCC(N(C)C6([C@@H]7CCN(c8c(F)cn9c(=O)c(C(=O)O)cc(C%10CC%10)c9c8C)C7)CC6)CC5)c(O)c4c3C2=O)NC(=O)/C(C)=C\C=C\[C@H](C)[C@H](O)[C@@H](C)[C@@H](O)[C@H](C)[C@H](OC(C)=O)[C@H]1C,CHEMBL2363076,Topoisomerase IV,INHIBITOR,Topoisomerase IV inhibitor,2
CHEMBL4740383,ETRUMADENANT,Cc1c(C#N)cccc1-c1cc(-c2cn(Cc3cccc(C(C)(C)O)n3)nn2)nc(N)n1,CHEMBL255,Adenosine receptor A2b,ANTAGONIST,Adenosine A2b receptor antagonist,2
CHEMBL4297530,SAROGLITAZAR,CCO[C@@H](Cc1ccc(OCCn2c(C)ccc2-c2ccc(SC)cc2)cc1)C(=O)O,CHEMBL235,Peroxisome proliferator-activated receptor gamma,AGONIST,Peroxisome proliferator-activated receptor gamma agonist,3
CHEMBL4297599,ASPACYTARABINE,N[C@@H](CC(=O)Nc1ccn([C@@H]2O[C@H](CO)[C@@H](O)[C@@H]2O)c(=O)n1)C(=O)O,CHEMBL2311222,RNA,DISRUPTING AGENT,RNA disrupting agent,2
CHEMBL4297599,ASPACYTARABINE,N[C@@H](CC(=O)Nc1ccn([C@@H]2O[C@H](CO)[C@@H](O)[C@@H]2O)c(=O)n1)C(=O)O,CHEMBL2363042,DNA polymerase (alpha/delta/epsilon),INHIBITOR,DNA polymerase (alpha/delta/epsilon) inhibitor,2
CHEMBL1615933,OMIGANAN,CC[C@H](C)[C@H](N)C(=O)N[C@@H](CC(C)C)C(=O)N[C@@H](CCCNC(=N)N)C(=O)N[C@@H](Cc1c[nH]c2ccccc12)C(=O)N1CCC[C@H]1C(=O)N[C@@H](Cc1c[nH]c2ccccc12)C(=O)N[C@@H](Cc1c[nH]c2ccccc12)C(=O)N1CCC[C@H]1C(=O)N[C@@H](Cc1c[nH]c2ccccc12)C(=O)N[C@@H](CCCNC(=N)N)C(=O)N[C@@H](CCCNC(=N)N)C(=O)N[C@@H](CCCCN)C(N)=O,CHEMBL2364031,Cell membrane,DISRUPTING AGENT,Cell membrane disrupting agent,3
CHEMBL134561,ICLAPRIM,COc1cc(Cc2cnc(N)nc2N)c2c(c1OC)OC(C1CC1)C=C2,CHEMBL2364669,Dihydrofolate reductase,INHIBITOR,Bacterial dihydrofolate reductase inhibitor,3
CHEMBL2111084,BELOTECAN,CC[C@@]1(O)C(=O)OCc2c1cc1n(c2=O)Cc2c-1nc1ccccc1c2CCNC(C)C,CHEMBL1781,DNA topoisomerase 1,INHIBITOR,DNA topoisomerase I inhibitor,3
CHEMBL4105584,BECLABUVIR,COc1ccc2c(c1)[C@@H]1C[C@]1(C(=O)N1[C@@H]3CC[C@H]1CN(C)C3)Cn1c-2c(C2CCCCC2)c2ccc(C(=O)NS(=O)(=O)N(C)C)cc21,CHEMBL4296320,RNA-directed RNA polymerase,NEGATIVE ALLOSTERIC MODULATOR,RNA-directed RNA polymerase negative allosteric modulator,3
CHEMBL1684950,SUVECALTAMIDE,CC(C)c1ccc(CC(=O)N[C@H](C)c2ccc(OCC(F)(F)F)cn2)cc1,CHEMBL2362995,Voltage-gated T-type calcium channel,MODULATOR,Voltage-gated T-type calcium channel modulator,2
CHEMBL4761468,AUMOLERTINIB,C=CC(=O)Nc1cc(Nc2nccc(-c3cn(C4CC4)c4ccccc34)n2)c(OC)cc1N(C)CCN(C)C,CHEMBL203,Epidermal growth factor receptor,INHIBITOR,Epidermal growth factor receptor erbB1 inhibitor,3
CHEMBL2110581,BEVASIRANIB,Cc1cn([C@H]2C[C@H](OP(=O)(O)OC[C@H]3O[C@@H](n4cc(C)c(=O)[nH]c4=O)C[C@@H]3O)[C@@H](COP(=O)(O)O[C@H]3[C@@H](O)[C@H](n4ccc(N)nc4=O)O[C@@H]3COP(=O)(O)O[C@H]3[C@@H](O)[C@H](n4cnc5c(N)ncnc54)O[C@@H]3COP(=O)(O)O[C@H]3[C@@H](O)[C@H](n4ccc(N)nc4=O)O[C@@H]3COP(=O)(O)O[C@H]3[C@@H](O)[C@H](n4cnc5c(=O)[nH]c(N)nc54)O[C@@H]3COP(=O)(O)O[C@H]3[C@@H](O)[C@H](n4cnc5c(N)ncnc54)O[C@@H]3COP(=O)(O)O[C@H]3[C@@H](O)[C@H](n4ccc(N)nc4=O)O[C@@H]3COP(=O)(O)O[C@H]3[C@@H](O)[C@H](n4ccc(N)nc4=O)O[C@@H]3COP(=O)(O)O[C@H]3[C@@H](O)[C@H](n4cnc5c(=O)[nH]c(N)nc54)O[C@@H]3COP(=O)(O)O[C@H]3[C@@H](O)[C@H](n4cnc5c(=O)[nH]c(N)nc54)O[C@@H]3COP(=O)(O)O[C@H]3[C@@H](O)[C@H](n4cnc5c(N)ncnc54)O[C@@H]3COP(=O)(O)O[C@H]3[C@@H](O)[C@H](n4cnc5c(N)ncnc54)O[C@@H]3COP(=O)(O)O[C@H]3[C@@H](O)[C@H](n4ccc(N)nc4=O)O[C@@H]3COP(=O)(O)O[C@H]3[C@@H](O)[C@H](n4ccc(N)nc4=O)O[C@@H]3COP(=O)(O)O[C@H]3[C@@H](O)[C@H](n4cnc5c(N)ncnc54)O[C@@H]3COP(=O)(O)O[C@H]3[C@@H](O)[C@H](n4ccc(N)nc4=O)O[C@@H]3COP(=O)(O)O[C@H]3[C@@H](O)[C@H](n4ccc(=O)[nH]c4=O)O[C@@H]3COP(=O)(O)O[C@H]3[C@@H](O)[C@H](n4ccc(N)nc4=O)O[C@@H]3COP(=O)(O)O[C@H]3[C@@H](O)[C@H](n4ccc(N)nc4=O)O[C@@H]3COP(=O)(O)O[C@H]3[C@@H](O)[C@H](n4cnc5c(N)ncnc54)O[C@@H]3CO)O2)c(=O)[nH]c1=O,CHEMBL1075113,Toll-like receptor 3,ACTIVATOR,Toll-like receptor 3 activator,3
CHEMBL562967,MERICITABINE,CC(C)C(=O)OC[C@H]1O[C@@H](n2ccc(N)nc2=O)[C@](C)(F)[C@@H]1OC(=O)C(C)C,CHEMBL4296320,RNA-directed RNA polymerase,INHIBITOR,RNA-directed RNA polymerase inhibitor,2
CHEMBL218227,S-1360,O=C(/C=C(\O)c1nc[nH]n1)c1ccc(Cc2ccc(F)cc2)o1,CHEMBL3471,Human immunodeficiency virus type 1 integrase,INHIBITOR,Human immunodeficiency virus type 1 integrase inhibitor,2
CHEMBL2087361,ICOTINIB,C#Cc1cccc(Nc2ncnc3cc4c(cc23)OCCOCCOCCO4)c1,CHEMBL203,Epidermal growth factor receptor,INHIBITOR,Epidermal growth factor receptor erbB1 inhibitor,3
CHEMBL4297356,AZD-8848,CCCCOc1nc(N)c2[nH]c(=O)n(CCCN(CCCN3CCOCC3)Cc3cccc(CC(=O)OC)c3)c2n1,CHEMBL5936,Toll-like receptor 7,AGONIST,Toll-like receptor 7 agonist,2
CHEMBL467399,BIIB021,COc1c(C)cnc(Cn2cnc3c(Cl)nc(N)nc32)c1C,CHEMBL2095165,Heat shock protein HSP90,INHIBITOR,Heat shock protein HSP90 inhibitor,2
CHEMBL3940890,ACORAMIDIS,Cc1n[nH]c(C)c1CCCOc1cc(C(=O)O)ccc1F,CHEMBL3194,Transthyretin,STABILISER,Transthyretin stabiliser,4
CHEMBL4297270,BMS-986020,Cc1noc(-c2ccc(-c3ccc(C4(C(=O)O)CC4)cc3)cc2)c1NC(=O)O[C@H](C)c1ccccc1,CHEMBL3819,Lysophosphatidic acid receptor 1,ANTAGONIST,Lysophosphatidic acid receptor Edg-2 antagonist,2
CHEMBL3716552,BMS-986141,COc1cc(OCc2csc(-c3ccc(C(=O)N(C)C)cc3)n2)c2cc(-c3cn4nc(OC)sc4n3)oc2c1,CHEMBL4691,Proteinase-activated receptor 4,ANTAGONIST,Proteinase activated receptor 4 antagonist,2
CHEMBL113313,CAPROMORELIN,CN1N=C2CCN(C(=O)[C@@H](COCc3ccccc3)NC(=O)C(C)(C)N)C[C@@]2(Cc2ccccc2)C1=O,CHEMBL4616,Growth hormone secretagogue receptor type 1,AGONIST,Ghrelin receptor agonist,2
CHEMBL439338,ABT-925,CC(C)(C)c1nc(N2CCN(CCCSc3nccc(O)n3)CC2)cc(C(F)(F)F)n1,CHEMBL234,D(3) dopamine receptor,ANTAGONIST,Dopamine D3 receptor antagonist,2
CHEMBL3989904,CETHROMYCIN,CC[C@H]1OC(=O)[C@H](C)C(=O)[C@H](C)[C@@H](O[C@@H]2O[C@H](C)C[C@H](N(C)C)[C@H]2O)[C@](C)(OCC=Cc2cnc3ccccc3c2)C[C@@H](C)C(=O)[C@H](C)[C@H]2NC(=O)O[C@@]21C,CHEMBL2363135,Bacterial 70S ribosome,INHIBITOR,Bacterial 70S ribosome inhibitor,3
CHEMBL2103825,CETILISTAT,CCCCCCCCCCCCCCCCOc1nc2ccc(C)cc2c(=O)o1,CHEMBL1812,Pancreatic triacylglycerol lipase,INHIBITOR,Pancreatic lipase inhibitor,2
CHEMBL3408947,OCIFISERTIB,COc1ccc2c(c1)[C@]1(C[C@H]1c1ccc3c(/C=C/c4ccc(CN5C[C@@H](C)O[C@@H](C)C5)cc4)n[nH]c3c1)C(=O)N2,CHEMBL3788,Serine/threonine-protein kinase PLK4,INHIBITOR,Serine/threonine-protein kinase PLK4 inhibitor,2
CHEMBL3544919,CIRAPARANTAG,N=C(N)NCCC[C@H](N)C(=O)NCCCN1CCN(CCCNC(=O)[C@@H](N)CCCNC(=N)N)CC1,CHEMBL2364712,Heparin,SEQUESTERING AGENT,Heparin sequestering agent,2
CHEMBL6067994,VORBIPIPRANT,O=C(O)c1ccc(C2(NC(=O)[C@H]3CC4(CCN3Cc3ccc(C(F)(F)F)cc3)CC4)CC2)cc1,CHEMBL1836,Prostaglandin E2 receptor EP4 subtype,ANTAGONIST,Prostanoid EP4 receptor antagonist,2
CHEMBL4129286,ADAFOSBUVIR,CC(C)OC(=O)[C@H](C)N[P@](=O)(OC[C@@]1(F)O[C@@H](n2ccc(=O)[nH]c2=O)[C@](C)(O)[C@@H]1O)Oc1ccccc1,CHEMBL4296320,RNA-directed RNA polymerase,INHIBITOR,RNA-directed RNA polymerase inhibitor,2
CHEMBL84158,TIAPRIDE,CCN(CC)CCNC(=O)c1cc(S(C)(=O)=O)ccc1OC,CHEMBL234,D(3) dopamine receptor,ANTAGONIST,Dopamine D3 receptor antagonist,3
CHEMBL84158,TIAPRIDE,CCN(CC)CCNC(=O)c1cc(S(C)(=O)=O)ccc1OC,CHEMBL217,D(2) dopamine receptor,ANTAGONIST,Dopamine D2 receptor antagonist,3
CHEMBL3916243,ATABECESTAT,C[C@@]1(c2cc(NC(=O)c3ccc(C#N)cn3)ccc2F)C=CSC(N)=N1,CHEMBL4822,Beta-secretase 1,INHIBITOR,Beta-secretase 1 inhibitor,2
CHEMBL2263632,ASLAN-003,COc1cccc(-c2cc(F)c(Nc3ncccc3C(=O)O)c(F)c2)c1,CHEMBL1966,"Dihydroorotate dehydrogenase (quinone), mitochondrial",INHIBITOR,Dihydroorotate dehydrogenase inhibitor,2
CHEMBL4297609,OLOROFIM,Cc1cc(-c2ccccc2)c(C(=O)C(=O)Nc2ccc(N3CCN(c4ncc(F)cn4)CC3)cc2)n1C,CHEMBL4630893,"Dihydroorotate dehydrogenase (quinone), mitochondrial",INHIBITOR,"Dihydroorotate dehydrogenase (quinone), mitochondrial inhibitor",3
CHEMBL3234237,JNJ-37822681,Fc1ccc(CN2CCC(Nc3ccc(C(F)(F)F)nn3)CC2)cc1F,CHEMBL217,D(2) dopamine receptor,ANTAGONIST,Dopamine D2 receptor antagonist,2
CHEMBL2204263,JNJ-41443532,O=C(CNC(=O)c1cccc(C(F)(F)F)c1)NC1CN([C@H]2CC[C@@](O)(c3cncs3)CC2)C1,CHEMBL4015,C-C chemokine receptor type 2,ANTAGONIST,C-C chemokine receptor type 2 antagonist,2
CHEMBL4297589,SELATOGREL,CCCCOC(=O)N1CCN(C(=O)[C@H](CP(=O)(O)O)NC(=O)c2cc(N3CC[C@H](OC)C3)nc(-c3ccccc3)n2)CC1,CHEMBL2001,P2Y purinoceptor 12,ANTAGONIST,Purinergic receptor P2Y12 antagonist,3
CHEMBL4297505,CENERIMOD,CCc1cc(-c2noc(-c3cc(OC)nc(C4CCCC4)c3)n2)cc(C)c1OC[C@@H](O)CO,CHEMBL4333,Sphingosine 1-phosphate receptor 1,MODULATOR,Sphingosine 1-phosphate receptor Edg-1 modulator,3
CHEMBL837,7-ETHYL-10-HYDROXYCAMPTOTHECIN,CCc1c2c(nc3ccc(O)cc13)-c1cc3c(c(=O)n1C2)COC(=O)[C@]3(O)CC,CHEMBL1781,DNA topoisomerase 1,INHIBITOR,DNA topoisomerase I inhibitor,2
CHEMBL4297215,BALOXAVIR,O=C1c2c(O)c(=O)ccn2N([C@@H]2c3ccccc3SCc3c2ccc(F)c3F)[C@@H]2COCCN12,CHEMBL2028641,Polymerase acidic protein,INHIBITOR,Polymerase acidic protein inhibitor,2
CHEMBL4297215,BALOXAVIR,O=C1c2c(O)c(=O)ccn2N([C@@H]2c3ccccc3SCc3c2ccc(F)c3F)[C@@H]2COCCN12,CHEMBL1169598,Polymerase acidic protein,INHIBITOR,Polymerase acidic protein inhibitor,2
CHEMBL1956820,GS-9256,COc1ccc2c(O[C@@H]3C[C@H]4C(=O)N[C@]5(P(=O)(O)Cc6c(F)cccc6F)C[C@H]5CCCCCCC[C@H](NC(=O)OC5CCCC5)C(=O)N4C3)cc(-c3csc(NC(C)C)n3)nc2c1Cl,CHEMBL2095231,"Hepatitis C virus serine protease, NS3/NS4A",INHIBITOR,"Hepatitis C virus serine protease, NS3/NS4A inhibitor",2
CHEMBL2403318,DELEOBUVIR,Cn1c(C2(NC(=O)c3ccc4c(C5CCCC5)c(-c5ncc(Br)cn5)n(C)c4c3)CCC2)nc2ccc(/C=C/C(=O)O)cc21,CHEMBL4296320,RNA-directed RNA polymerase,INHIBITOR,RNA-directed RNA polymerase inhibitor,3
CHEMBL511099,BICIFADINE,Cc1ccc(C23CNCC2C3)cc1,CHEMBL2363064,Monoamine transporter,INHIBITOR,Monoamine transporter inhibitor,3
CHEMBL124162,CAMPTOTHECIN-20-O-PROPIONATE,CCC(=O)O[C@]1(CC)C(=O)OCc2c1cc1n(c2=O)Cc2cc3ccccc3nc2-1,CHEMBL1781,DNA topoisomerase 1,INHIBITOR,DNA topoisomerase I inhibitor,2
CHEMBL4297866,ABIVERTINIB MALEATE,C=CC(=O)Nc1cccc(Oc2nc(Nc3ccc(N4CCN(C)CC4)c(F)c3)nc3[nH]ccc23)c1.O.O.O=C(O)/C=C\C(=O)O,CHEMBL203,Epidermal growth factor receptor,INHIBITOR,Epidermal growth factor receptor erbB1 inhibitor,3
CHEMBL4297865,ABIVERTINIB,C=CC(=O)Nc1cccc(Oc2nc(Nc3ccc(N4CCN(C)CC4)c(F)c3)nc3[nH]ccc23)c1,CHEMBL203,Epidermal growth factor receptor,INHIBITOR,Epidermal growth factor receptor erbB1 inhibitor,3
CHEMBL4297866,ABIVERTINIB MALEATE,C=CC(=O)Nc1cccc(Oc2nc(Nc3ccc(N4CCN(C)CC4)c(F)c3)nc3[nH]ccc23)c1.O.O.O=C(O)/C=C\C(=O)O,CHEMBL5251,Tyrosine-protein kinase BTK,INHIBITOR,Tyrosine-protein kinase BTK inhibitor,3
CHEMBL4297865,ABIVERTINIB,C=CC(=O)Nc1cccc(Oc2nc(Nc3ccc(N4CCN(C)CC4)c(F)c3)nc3[nH]ccc23)c1,CHEMBL5251,Tyrosine-protein kinase BTK,INHIBITOR,Tyrosine-protein kinase BTK inhibitor,3
CHEMBL4297297,KP-1461,CCCCCCCOC(=O)NC1=NC(=O)N([C@H]2C[C@H](O)[C@@H](CO)O2)CN1,CHEMBL2363046,DNA,DISRUPTING AGENT,DNA disrupting agent,2
CHEMBL363449,NADIFLOXACIN,CC1CCc2c(N3CCC(O)CC3)c(F)cc3c(=O)c(C(=O)O)cn1c23,CHEMBL2311224,Bacterial DNA gyrase,INHIBITOR,Bacterial DNA gyrase inhibitor,3
CHEMBL363449,NADIFLOXACIN,CC1CCc2c(N3CCC(O)CC3)c(F)cc3c(=O)c(C(=O)O)cn1c23,CHEMBL2363076,Topoisomerase IV,INHIBITOR,Topoisomerase IV inhibitor,3
CHEMBL1213456,NEMONOXACIN,COc1c(N2C[C@@H](C)C[C@H](N)C2)ccc2c(=O)c(C(=O)O)cn(C3CC3)c12,CHEMBL2363076,Topoisomerase IV,INHIBITOR,Topoisomerase IV inhibitor,3
CHEMBL267648,PEFLOXACIN,CCn1cc(C(=O)O)c(=O)c2cc(F)c(N3CCN(C)CC3)cc21,CHEMBL2363076,Topoisomerase IV,INHIBITOR,Topoisomerase IV inhibitor,2
CHEMBL3301601,VERUBECESTAT,CN1C(N)=N[C@](C)(c2cc(NC(=O)c3ccc(F)cn3)ccc2F)CS1(=O)=O,CHEMBL4822,Beta-secretase 1,INHIBITOR,Beta-secretase 1 inhibitor,3
CHEMBL3186011,EPRENETAPOPT,COCC1(CO)C(=O)C2CCN1CC2,CHEMBL4096,Cellular tumor antigen p53,STABILISER,Cellular tumor antigen p53 stabiliser,3
CHEMBL4297431,HENAGLIFLOZIN,CCOc1ccc(Cc2cc([C@@]34OC[C@@](CO)(O3)[C@@H](O)[C@H](O)[C@H]4O)ccc2Cl)cc1F,CHEMBL3884,Sodium/glucose cotransporter 2,INHIBITOR,Sodium/glucose cotransporter 2 inhibitor,3
CHEMBL4297290,TOVINONTRINE,C[C@@H]1CN(Cc2ncccn2)C[C@H]1c1cn2c(C3CCOCC3)ncc2c(=O)[nH]1,CHEMBL3535,"High affinity cGMP-specific 3',5'-cyclic phosphodiesterase 9A",INHIBITOR,Phosphodiesterase 9A inhibitor,2
CHEMBL589583,DELAPRIL,CCOC(=O)[C@H](CCc1ccccc1)N[C@@H](C)C(=O)N(CC(=O)O)C1Cc2ccccc2C1,CHEMBL1808,Angiotensin-converting enzyme,INHIBITOR,Angiotensin-converting enzyme inhibitor,3
CHEMBL3187812,ILEPATRIL,CC(=O)S[C@H](C(=O)N[C@H]1Cc2ccccc2[C@H]2CCC[C@@H](C(=O)O)N2C1=O)C(C)C,CHEMBL1808,Angiotensin-converting enzyme,INHIBITOR,Angiotensin-converting enzyme inhibitor,2
CHEMBL2018096,IPRAGLIFLOZIN,OC[C@H]1O[C@@H](c2ccc(F)c(Cc3cc4ccccc4s3)c2)[C@H](O)[C@@H](O)[C@@H]1O,CHEMBL3884,Sodium/glucose cotransporter 2,INHIBITOR,Sodium/glucose cotransporter 2 inhibitor,4
CHEMBL3682589,ELISMETREP,O=C(O)c1ccc(S(=O)(=O)N(Cc2ccc(OC(F)(F)F)cc2)c2ncc3ccccc3c2C2CC2)cc1,CHEMBL1075319,Transient receptor potential cation channel subfamily M member 8,INHIBITOR,Transient receptor potential cation channel subfamily M member 8 inhibitor,2
CHEMBL444172,ZOSUQUIDAR,O[C@@H](COc1cccc2ncccc12)CN1CCN([C@@H]2c3ccccc3[C@@H]3[C@H](c4ccccc42)C3(F)F)CC1,CHEMBL4302,ATP-dependent translocase ABCB1,INHIBITOR,P-glycoprotein 1 inhibitor,3
CHEMBL4650215,INAVOLISIB,C[C@H](Nc1ccc2c(c1)OCCn1cc(N3C(=O)OC[C@H]3C(F)F)nc1-2)C(N)=O,CHEMBL4005,"Phosphatidylinositol 4,5-bisphosphate 3-kinase catalytic subunit alpha isoform",INHIBITOR,PI3-kinase p110-alpha subunit inhibitor,4
CHEMBL1951143,FIMASARTAN,CCCCc1nc(C)c(CC(=S)N(C)C)c(=O)n1Cc1ccc(-c2ccccc2-c2nnn[nH]2)cc1,CHEMBL227,Type-1 angiotensin II receptor,ANTAGONIST,Type-1 angiotensin II receptor antagonist,3
CHEMBL114551,GW-274150,CC(=N)NCCSCC[C@H](N)C(=O)O,CHEMBL4481,"Nitric oxide synthase, inducible",INHIBITOR,"Nitric oxide synthase, inducible inhibitor",2
CHEMBL551813,BI-671800,CN(C)c1nc(Cc2ccc(NC(=O)c3ccc(C(F)(F)F)cc3)cc2)nc(N(C)C)c1CC(=O)O,CHEMBL5071,Prostaglandin D2 receptor 2,ANTAGONIST,G protein-coupled receptor 44 antagonist,2
CHEMBL1275802,PEXIGANAN,CC[C@H](C)[C@H](NC(=O)CN)C(=O)NCC(=O)N[C@@H](CCCCN)C(=O)N[C@@H](Cc1ccccc1)C(=O)N[C@@H](CC(C)C)C(=O)N[C@@H](CCCCN)C(=O)N[C@@H](CCCCN)C(=O)N[C@@H](C)C(=O)N[C@@H](CCCCN)C(=O)N[C@@H](CCCCN)C(=O)N[C@@H](Cc1ccccc1)C(=O)NCC(=O)N[C@@H](CCCCN)C(=O)N[C@@H](C)C(=O)N[C@@H](Cc1ccccc1)C(=O)N[C@H](C(=O)N[C@@H](CCCCN)C(=O)N[C@H](C(=O)N[C@@H](CC(C)C)C(=O)N[C@@H](CCCCN)C(=O)N[C@@H](CCCCN)C(N)=O)[C@@H](C)CC)C(C)C,CHEMBL2364031,Cell membrane,DISRUPTING AGENT,Cell membrane disrupting agent,3
CHEMBL4594275,GUSACITINIB,N#CCC1CCN(c2nc(Nc3ccc(N4CCC(O)CC4)cc3)c3c(=O)[nH]ncc3n2)CC1,CHEMBL2363062,Janus Kinase (JAK),INHIBITOR,Janus Kinase (JAK) inhibitor,2
CHEMBL4594275,GUSACITINIB,N#CCC1CCN(c2nc(Nc3ccc(N4CCC(O)CC4)cc3)c3c(=O)[nH]ncc3n2)CC1,CHEMBL2599,Tyrosine-protein kinase SYK,INHIBITOR,Tyrosine-protein kinase SYK inhibitor,2
CHEMBL4094894,CIPEPOFOL,CC(C)c1cccc([C@H](C)C2CC2)c1O,CHEMBL2093872,GABA-A receptor; anion channel,AGONIST,GABA-A receptor; anion channel agonist,3
CHEMBL4297513,IBREXAFUNGERP,CC(C)[C@@H](C)[C@@]1(C)CC[C@]2(C)[C@H]3CC[C@@H]4[C@@]5(COC[C@@]4(C)[C@@H](OC[C@](C)(N)C(C)(C)C)[C@H](n4ncnc4-c4ccncc4)C5)C3=CC[C@@]2(C)[C@@H]1C(=O)O,CHEMBL2364674,"1,3-beta-glucan synthase",INHIBITOR,"1,3-beta-glucan synthase inhibitor",4
CHEMBL4297513,IBREXAFUNGERP,CC(C)[C@@H](C)[C@@]1(C)CC[C@]2(C)[C@H]3CC[C@@H]4[C@@]5(COC[C@@]4(C)[C@@H](OC[C@](C)(N)C(C)(C)C)[C@H](n4ncnc4-c4ccncc4)C5)C3=CC[C@@]2(C)[C@@H]1C(=O)O,CHEMBL2364673,"1,3-beta-glucan synthase",INHIBITOR,"1,3-beta-glucan synthase inhibitor",4
CHEMBL3989690,TESOFENSINE,CCOC[C@@H]1[C@@H](c2ccc(Cl)c(Cl)c2)C[C@@H]2CC[C@H]1N2C,CHEMBL2363064,Monoamine transporter,INHIBITOR,Monoamine transporter inhibitor,2
CHEMBL1086997,LUCERASTAT,CCCCN1C[C@H](O)[C@@H](O)[C@@H](O)[C@H]1CO,CHEMBL2063,Ceramide glucosyltransferase,INHIBITOR,Ceramide glucosyltransferase inhibitor,3
CHEMBL2165326,APROCITENTAN,NS(=O)(=O)Nc1ncnc(OCCOc2ncc(Br)cn2)c1-c1ccc(Br)cc1,CHEMBL2096678,"Endothelin receptor, ET-A/ET-B",ANTAGONIST,"Endothelin receptor, ET-A/ET-B antagonist",4
CHEMBL3187503,GSK-1292263,CC(C)c1noc(N2CCC(COc3ccc(-c4ccc(S(C)(=O)=O)cc4)nc3)CC2)n1,CHEMBL5652,Glucose-dependent insulinotropic receptor,AGONIST,Glucose-dependent insulinotropic receptor agonist,2
CHEMBL4079239,JNJ-54175446,C[C@@H]1c2nnn(-c3ncc(F)cn3)c2CCN1C(=O)c1cccc(C(F)(F)F)c1Cl,CHEMBL4805,P2X purinoceptor 7,ANTAGONIST,P2X purinoceptor 7 antagonist,2
CHEMBL4650521,BATOPROTAFIB,C[C@@H]1OCC2(CCN(c3cnc(Sc4ccnc(N)c4Cl)c(N)n3)CC2)[C@@H]1N,CHEMBL3864,Tyrosine-protein phosphatase non-receptor type 11,INHIBITOR,Protein-tyrosine phosphatase 2C inhibitor,2
CHEMBL4297311,ONO-2952,COc1cc(Cl)ccc1[C@H]1c2[nH]c3cccc(F)c3c2C2(CC2)CN1C(C)=O,CHEMBL5742,Translocator protein,ANTAGONIST,Translocator protein antagonist,2
CHEMBL4297474,OBI-3424,C[C@@H](OP(=O)(N1CC1)N1CC1)c1ccc([N+](=O)[O-])c(Oc2cccc(C(=O)N(C)C)c2)c1,CHEMBL2311221,DNA,CROSS-LINKING AGENT,DNA cross-linking agent,2
CHEMBL383824,ALVESPIMYCIN,CO[C@H]1/C=C\C=C(/C)C(=O)NC2=CC(=O)C(NCCN(C)C)=C(C[C@@H](C)C[C@H](OC)[C@H](O)[C@@H](C)/C=C(\C)[C@@H]1OC(N)=O)C2=O,CHEMBL2095165,Heat shock protein HSP90,INHIBITOR,Heat shock protein HSP90 inhibitor,2
CHEMBL1928262,GISADENAFIL,CCOc1ncc(S(=O)(=O)N2CCN(CC)CC2)cc1-c1nc2c(CC)n(CCOC)nc2c(=O)[nH]1,CHEMBL1827,"cGMP-specific 3',5'-cyclic phosphodiesterase",INHIBITOR,Phosphodiesterase 5A inhibitor,2
CHEMBL550781,DEXLOXIGLUMIDE,CCCCCN(CCCOC)C(=O)[C@@H](CCC(=O)O)NC(=O)c1ccc(Cl)c(Cl)c1,CHEMBL1901,Cholecystokinin receptor type A,ANTAGONIST,Cholecystokinin A receptor antagonist,3
CHEMBL3039498,GRAPIPRANT,CCc1nc2c(C)nc(C)cc2n1-c1ccc(CCNC(=O)NS(=O)(=O)c2ccc(C)cc2)cc1,CHEMBL1836,Prostaglandin E2 receptor EP4 subtype,ANTAGONIST,Prostanoid EP4 receptor antagonist,2
CHEMBL3900409,BRENSOCATIB,Cn1c(=O)oc2ccc(-c3ccc(C[C@@H](C#N)NC(=O)[C@@H]4CNCCCO4)cc3)cc21,CHEMBL2252,Dipeptidyl peptidase 1,INHIBITOR,Dipeptidyl peptidase I inhibitor,3
CHEMBL4210847,PF-00489791,CCOCCn1nc(C(=O)NS(C)(=O)=O)c2nc(N(C)CC)nc(Nc3cc(C)ccn3)c21,CHEMBL1827,"cGMP-specific 3',5'-cyclic phosphodiesterase",INHIBITOR,Phosphodiesterase 5A inhibitor,2
CHEMBL1240967,PF-00610355,CC(C)(Cc1cccc(CC(=O)NCc2cccc(-c3ccc(O)cc3)c2)c1)NC[C@H](O)c1ccc(O)c(NS(C)(=O)=O)c1,CHEMBL210,Beta-2 adrenergic receptor,AGONIST,Beta-2 adrenergic receptor agonist,2
CHEMBL563251,PF-03463275,CN1C[C@@H]2[C@H](C1)[C@H]2CN(Cc1ccc(F)c(Cl)c1)C(=O)c1cn(C)cn1,CHEMBL2337,Sodium- and chloride-dependent glycine transporter 1,INHIBITOR,Glycine transporter 1 inhibitor,2
CHEMBL4297497,SISUNATOVIR,NCc1ccc2c(c1)nc(CN1C(=O)C3(CC3)c3ccc(F)cc31)n2CCCC(F)(F)F,CHEMBL2364165,Fusion glycoprotein F0,INHIBITOR,Fusion glycoprotein F0 inhibitor,2
CHEMBL466659,PENTAERYTHRITOL TETRANITRATE,O=[N+]([O-])OCC(CO[N+](=O)[O-])(CO[N+](=O)[O-])CO[N+](=O)[O-],CHEMBL2111348,Soluble guanylate cyclase,ACTIVATOR,Soluble guanylate cyclase activator,3
CHEMBL2347655,FILANESIB,CON(C)C(=O)N1N=C(c2cc(F)ccc2F)S[C@@]1(CCCN)c1ccccc1,CHEMBL4581,Kinesin-like protein KIF11,INHIBITOR,Kinesin-like protein 1 inhibitor,2
CHEMBL4089083,FOLIGLURAX,O/N=c1\cc(-c2cc3sccc3cn2)oc2ccc(CCCN3CCOCC3)cc12,CHEMBL2736,Metabotropic glutamate receptor 4,POSITIVE ALLOSTERIC MODULATOR,Metabotropic glutamate receptor 4 positive allosteric modulator,2
CHEMBL3946483,MUREPAVADIN,CC[C@H](C)[C@@H]1NC(=O)[C@H](Cc2c[nH]c3ccccc23)NC(=O)[C@H]([C@@H](C)O)NC(=O)[C@@H]2CCCN2C(=O)[C@H]2CCCN2C(=O)[C@H](CO)NC(=O)[C@H](C)NC(=O)[C@H](CCN)NC(=O)[C@H](CCN)NC(=O)[C@H](Cc2c[nH]c3ccccc23)NC(=O)[C@H](CCN)NC(=O)[C@@H](CCN)NC(=O)[C@H](CCCN)NC(=O)[C@H](CCN)NC1=O,CHEMBL3879863,LPS-assembly protein LptD,INHIBITOR,LPS-assembly protein LptD inhibitor,3
CHEMBL3643413,LENIOLISIB,CCC(=O)N1CC[C@H](Nc2ncnc3c2CN(c2cnc(OC)c(C(F)(F)F)c2)CC3)C1,CHEMBL3130,"Phosphatidylinositol 4,5-bisphosphate 3-kinase catalytic subunit delta isoform",INHIBITOR,PI3-kinase p110-delta subunit inhibitor,4
CHEMBL1817968,LTX-109,CC(C)(C)c1cc(C(C)(C)C)c2[nH]c(C(C)(C)C)c(C[C@H](NC(=O)[C@@H](N)CCCNC(=N)N)C(=O)N[C@@H](CCCNC(=N)N)C(=O)NCCc3ccccc3)c2c1,CHEMBL2364031,Cell membrane,DISRUPTING AGENT,Cell membrane disrupting agent,2
CHEMBL3989954,ROSIPTOR,C=C1CC[C@H]2[C@H](CN)[C@@H]([C@@]3(C)CC[C@H](O)C[C@@H]3CO)CC[C@]12C,CHEMBL1781870,"Phosphatidylinositol 3,4,5-trisphosphate 5-phosphatase 1",ACTIVATOR,"Phosphatidylinositol-3,4,5-trisphosphate 5-phosphatase 1 activator",3
CHEMBL2019090,S-777469,CCc1c(C)cc(C(=O)NC2(C(=O)O)CCCCC2)c(=O)n1Cc1ccc(F)cc1,CHEMBL253,Cannabinoid receptor 2,AGONIST,Cannabinoid CB2 receptor agonist,2
CHEMBL4594351,TAK-071,Cc1c(Cc2ccc(-n3cccn3)cc2)cc2c(c1F)CN([C@H]1COCC[C@@H]1O)C2=O,CHEMBL216,Muscarinic acetylcholine receptor M1,POSITIVE ALLOSTERIC MODULATOR,Muscarinic acetylcholine receptor M1 positive allosteric modulator,2
CHEMBL371064,BALICATIB,CCCN1CCN(c2ccc(C(=O)NC3(C(=O)NCC#N)CCCCC3)cc2)CC1,CHEMBL268,Cathepsin K,INHIBITOR,Cathepsin K inhibitor,2
CHEMBL3349001,AVN-944,CC[C@H](CC#N)OC(=O)N[C@@H](C)c1cccc(NC(=O)Nc2ccc(-c3cnco3)c(OC)c2)c1,CHEMBL2111369,Inosine-5'-monophosphate dehydrogenase (IMPDH),INHIBITOR,Inosine-5'-monophosphate dehydrogenase (IMPDH) inhibitor,2
CHEMBL4297352,AZD-1236,C[C@]1(CS(=O)(=O)N2CCC(Oc3ccc(Cl)cn3)CC2)NC(=O)NC1=O,CHEMBL321,Matrix metalloproteinase-9,INHIBITOR,Matrix metalloproteinase 9 inhibitor,2
CHEMBL4297352,AZD-1236,C[C@]1(CS(=O)(=O)N2CCC(Oc3ccc(Cl)cn3)CC2)NC(=O)NC1=O,CHEMBL4393,Macrophage metalloelastase,INHIBITOR,Matrix metalloproteinase 12 inhibitor,2
CHEMBL4297501,AFABICIN,Cc1c(CN(C)C(=O)/C=C/c2cnc3c(c2)CCC(=O)N3COP(=O)(O)O)oc2ccccc12,CHEMBL3994,Enoyl-[acyl-carrier-protein] reductase [NADPH] FabI,INHIBITOR,Enoyl-[acyl-carrier-protein] reductase (FabI) inhibitor,2
CHEMBL3945728,ELCUBRAGISTAT,O=C(OC(C(F)(F)F)C(F)(F)F)N1CCN(Cc2ccc(C(F)(F)F)cc2N2CCCC2)CC1,CHEMBL4191,Monoglyceride lipase,INHIBITOR,Monoglyceride lipase inhibitor,2
CHEMBL228814,ISPINESIB,Cc1ccc(C(=O)N(CCCN)[C@@H](c2nc3cc(Cl)ccc3c(=O)n2Cc2ccccc2)C(C)C)cc1,CHEMBL4581,Kinesin-like protein KIF11,INHIBITOR,Kinesin-like protein 1 inhibitor,2
CHEMBL3260505,MBX-2982,CCc1cnc(N2CCC(c3nc(COc4ccc(-n5cnnn5)cc4)cs3)CC2)nc1,CHEMBL5652,Glucose-dependent insulinotropic receptor,AGONIST,Glucose-dependent insulinotropic receptor agonist,2
CHEMBL4078588,MK-7622,Cc1ccc(Cc2cc3c(=O)n([C@H]4CCCC[C@@H]4O)cnc3c3ccccc23)cn1,CHEMBL216,Muscarinic acetylcholine receptor M1,POSITIVE ALLOSTERIC MODULATOR,Muscarinic acetylcholine receptor M1 positive allosteric modulator,2
CHEMBL75753,XAMOTEROL,O=C(NCCNCC(O)COc1ccc(O)cc1)N1CCOCC1,CHEMBL213,Beta-1 adrenergic receptor,PARTIAL AGONIST,Beta-1 adrenergic receptor partial agonist,2
CHEMBL256147,TILARGININE,CNC(=N)NCCC[C@H](N)C(=O)O,CHEMBL4630725,Nitric oxide synthase,INHIBITOR,Nitric oxide synthase inhibitor,3
CHEMBL1256175,TILARGININE ACETATE,CC(=O)O.CNC(=N)NCCC[C@H](N)C(=O)O,CHEMBL4630725,Nitric oxide synthase,INHIBITOR,Nitric oxide synthase inhibitor,3
CHEMBL56564,TROPISETRON,CN1[C@@H]2CC[C@H]1C[C@@H](OC(=O)c1c[nH]c3ccccc13)C2,CHEMBL2094132,Serotonin 3 (5-HT3) receptor,ANTAGONIST,Serotonin 3 (5-HT3) receptor antagonist,3
CHEMBL3989947,OLUMACOSTAT GLASARETIL,CCCCCCCCCCCCCCOc1ccc(C(=O)OCC(=O)N(C)CC(=O)OCC)o1,CHEMBL3885507,Acetyl-CoA carboxylase,INHIBITOR,Acetyl-CoA carboxylase inhibitor,3
CHEMBL2103863,ABEXINOSTAT,CN(C)Cc1c(C(=O)NCCOc2ccc(C(=O)NO)cc2)oc2ccccc12,CHEMBL2093865,Histone deacetylase,INHIBITOR,Histone deacetylase inhibitor,3
CHEMBL262747,ACYLINE,CC(=O)Nc1ccc(C[C@H](NC(=O)[C@H](CO)NC(=O)[C@@H](Cc2cccnc2)NC(=O)[C@@H](Cc2ccc(Cl)cc2)NC(=O)[C@@H](Cc2ccc3ccccc3c2)NC(C)=O)C(=O)N[C@H](Cc2ccc(NC(C)=O)cc2)C(=O)N[C@@H](CC(C)C)C(=O)N[C@@H](CCCCNC(C)C)C(=O)N2CCC[C@H]2C(=O)N[C@H](C)C(N)=O)cc1,CHEMBL1855,Gonadotropin-releasing hormone receptor,ANTAGONIST,Gonadotropin-releasing hormone receptor antagonist,2
CHEMBL3707351,ADOMEGLIVANT,Cc1cc(O[C@@H](CCC(F)(F)F)c2ccc(C(=O)NCCC(=O)O)cc2)cc(C)c1-c1ccc(C(C)(C)C)cc1,CHEMBL1985,Glucagon receptor,ANTAGONIST,Glucagon receptor antagonist,2
CHEMBL1214827,ONALESPIB,CC(C)c1cc(C(=O)N2Cc3ccc(CN4CCN(C)CC4)cc3C2)c(O)cc1O,CHEMBL2095165,Heat shock protein HSP90,INHIBITOR,Heat shock protein HSP90 inhibitor,2
CHEMBL4297416,PF-4191834,Cn1nccc1-c1ccc(Sc2cccc(C3(C(N)=O)CCOCC3)c2)cc1,CHEMBL215,Polyunsaturated fatty acid 5-lipoxygenase,INHIBITOR,Arachidonate 5-lipoxygenase inhibitor,2
CHEMBL3287218,PF-5190457,Cc1cc(-c2ccc3c(c2)CC[C@H]3N2CC3(CCN(C(=O)Cc4cn5cc(C)sc5n4)CC3)C2)ncn1,CHEMBL4616,Growth hormone secretagogue receptor type 1,INVERSE AGONIST,Ghrelin receptor inverse agonist,2
CHEMBL4297502,AVORALSTAT,C=Cc1cc(C(=O)Nc2ccc(C(=N)N)cc2)c(-c2ccc(C(=O)NCC3CC3)nc2C(=O)O)cc1OC,CHEMBL2000,Plasma kallikrein,INHIBITOR,Plasma kallikrein inhibitor,3
CHEMBL4297289,BOMEDEMSTAT,CN1CCN(C(=O)[C@H](CCCN[C@@H]2C[C@H]2c2ccc(F)cc2)NC(=O)c2ccc(-n3ccnn3)cc2)CC1,CHEMBL6136,Lysine-specific histone demethylase 1A,INHIBITOR,Lysine-specific histone demethylase 1 inhibitor,3
CHEMBL160519,PROCATEROL,CCC(NC(C)C)C(O)c1ccc(O)c2[nH]c(=O)ccc12,CHEMBL210,Beta-2 adrenergic receptor,AGONIST,Beta-2 adrenergic receptor agonist,3
CHEMBL6995,PRACTOLOL,CC(=O)Nc1ccc(OCC(O)CNC(C)C)cc1,CHEMBL213,Beta-1 adrenergic receptor,INHIBITOR,Beta-1 adrenergic receptor inhibitor,4
CHEMBL3986824,LANRAPLENIB,Nc1cncc(-c2cn3ccnc3c(Nc3ccc(N4CCN(C5COC5)CC4)cc3)n2)n1,CHEMBL2599,Tyrosine-protein kinase SYK,INHIBITOR,Tyrosine-protein kinase SYK inhibitor,2
CHEMBL4297326,SLX-4090,COc1cccc(C(=O)Nc2ccc3c(c2)CCN(C(=O)Oc2ccccc2)C3)c1-c1ccc(C(F)(F)F)cc1,CHEMBL2364681,Microsomal triglyceride transfer protein,INHIBITOR,Microsomal triglyceride transfer protein inhibitor,2
CHEMBL46618,OTAMIXABAN,COC(=O)[C@H](Cc1cccc(C(=N)N)c1)[C@@H](C)NC(=O)c1ccc(-c2cc[n+]([O-])cc2)cc1,CHEMBL244,Coagulation factor X,INHIBITOR,Coagulation factor X inhibitor,3
CHEMBL320775,NOLATREXED,Cc1ccc2nc(N)[nH]c(=O)c2c1Sc1ccncc1,CHEMBL1952,Thymidylate synthase,ANTAGONIST,Thymidylate synthase antagonist,3
CHEMBL4112930,PAMIPARIB,C[C@]12CCCN1CC1=NNC(=O)c3cc(F)cc4[nH]c2c1c34,CHEMBL3105,Poly [ADP-ribose] polymerase 1,INHIBITOR,Poly [ADP-ribose] polymerase-1 inhibitor,3
CHEMBL4112930,PAMIPARIB,C[C@]12CCCN1CC1=NNC(=O)c3cc(F)cc4[nH]c2c1c34,CHEMBL5366,Poly [ADP-ribose] polymerase 2,INHIBITOR,Poly [ADP-ribose] polymerase 2 inhibitor,3
CHEMBL3701238,FUTIBATINIB,C=CC(=O)N1CC[C@H](n2nc(C#Cc3cc(OC)cc(OC)c3)c3c(N)ncnc32)C1,CHEMBL2095217,Fibroblast growth factor receptor,INHIBITOR,Fibroblast growth factor receptor inhibitor,4
CHEMBL203125,FOSMIDOMYCIN,O=CN(O)CCCP(=O)(O)O,CHEMBL4295619,"1-deoxy-D-xylulose 5-phosphate reductoisomerase, apicoplastic",INHIBITOR,"1-deoxy-D-xylulose 5-phosphate reductoisomerase, apicoplastic inhibitor",3
CHEMBL3697617,TAVAPADON,Cc1cc(Oc2ncccc2C(F)(F)F)ccc1-c1c(C)c(=O)[nH]c(=O)n1C,CHEMBL2056,D(1A) dopamine receptor,PARTIAL AGONIST,Dopamine D1 receptor partial agonist,3
CHEMBL3697617,TAVAPADON,Cc1cc(Oc2ncccc2C(F)(F)F)ccc1-c1c(C)c(=O)[nH]c(=O)n1C,CHEMBL1850,D(1B) dopamine receptor,PARTIAL AGONIST,Dopamine D5 receptor partial agonist,3
CHEMBL94657,PATUPILONE,C/C(=C\c1csc(C)n1)[C@@H]1C[C@@H]2O[C@]2(C)CCC[C@H](C)[C@H](O)[C@@H](C)C(=O)C(C)(C)[C@@H](O)CC(=O)O1,CHEMBL2095182,Tubulin,STABILISER,Tubulin stabiliser,3
CHEMBL515564,TENOFOVIR EXALIDEX,CCCCCCCCCCCCCCCCOCCCOP(=O)(O)CO[C@H](C)Cn1cnc2c(N)ncnc21,CHEMBL1681630,Reverse transcriptase,INHIBITOR,Reverse transcriptase inhibitor,2
CHEMBL458876,AMDOXOVIR,Nc1nc(N)c2ncn([C@H]3CO[C@@H](CO)O3)c2n1,CHEMBL247,Human immunodeficiency virus type 1 reverse transcriptase,INHIBITOR,Human immunodeficiency virus type 1 reverse transcriptase inhibitor,2
CHEMBL210651,APRICITABINE,Nc1ccn([C@H]2CO[C@@H](CO)S2)c(=O)n1,CHEMBL1681630,Reverse transcriptase,INHIBITOR,Reverse transcriptase inhibitor,3
CHEMBL4073443,TOMIVOSERTIB,Cc1cc(Nc2cc(N)ncn2)c(=O)n2c1C(=O)NC21CCCCC1,CHEMBL3883293,MAP kinase-interacting serine/threonine-protein kinase 1/2,INHIBITOR,MAP kinase-interacting serine/threonine-protein kinase 1/2 inhibitor,2
CHEMBL231616,TRIAPINE,NC(=S)N/N=C/c1ncccc1N,CHEMBL3301398,Ribonucleotide reductase,INHIBITOR,Ribonucleotide reductase inhibitor,3
CHEMBL1159717,TULOBUTEROL,CC(C)(C)NCC(O)c1ccccc1Cl,CHEMBL210,Beta-2 adrenergic receptor,AGONIST,Beta-2 adrenergic receptor agonist,2
CHEMBL3989971,UPROLESELAN,CC[C@H]1C[C@@H](C(=O)NCCNC(=O)CCOCCOCCOCCOCCOCCOCCOCCOCCOCCOCCOCCOC)C[C@@H](O[C@@H]2O[C@H](CO)[C@H](O)[C@H](O[C@@H](CC3CCCCC3)C(=O)O)[C@H]2NC(C)=O)[C@@H]1O[C@@H]1O[C@@H](C)[C@@H](O)[C@@H](O)[C@@H]1O,CHEMBL3890,E-selectin,ANTAGONIST,Selectin E antagonist,3
CHEMBL2360841,RO-24-7429,CNC1=Nc2ccc(Cl)cc2C(c2ccc[nH]2)=NC1,CHEMBL4011,Protein Tat,ANTAGONIST,Human immunodeficiency virus type 1 Tat protein antagonist,2
CHEMBL308148,SAREDUTANT,CC(=O)NC1(c2ccccc2)CCN(CC[C@H](CN(C)C(=O)c2ccccc2)c2ccc(Cl)c(Cl)c2)CC1,CHEMBL2327,Substance-K receptor,ANTAGONIST,Neurokinin 2 receptor antagonist,3
CHEMBL2364628,RICOLINOSTAT,O=C(CCCCCCNC(=O)c1cnc(N(c2ccccc2)c2ccccc2)nc1)NO,CHEMBL1865,Histone deacetylase 6,INHIBITOR,Histone deacetylase 6 inhibitor,2
CHEMBL4297638,PETESICATIB,Cn1cc(-c2ccc(S(=O)(=O)[C@@H]3C[C@@H](C(=O)NC4(C#N)CC4)N(C(=O)C4(C(F)(F)F)CC4)C3)c(C(F)(F)F)c2)cn1,CHEMBL2954,Cathepsin S,INHIBITOR,Cathepsin S inhibitor,2
CHEMBL4297615,PARSACLISIB,CCOc1c([C@H](C)n2nc(C)c3c(N)ncnc32)cc(Cl)c(F)c1[C@@H]1CNC(=O)C1,CHEMBL3130,"Phosphatidylinositol 4,5-bisphosphate 3-kinase catalytic subunit delta isoform",INHIBITOR,PI3-kinase p110-delta subunit inhibitor,3
CHEMBL356359,PIBOSEROD,CCCCN1CCC(CNC(=O)c2c3n(c4ccccc24)CCCO3)CC1,CHEMBL1875,5-hydroxytryptamine receptor 4,ANTAGONIST,Serotonin 4 (5-HT4) receptor antagonist,2
CHEMBL34124,OLODANRIGAN,COc1ccc2c(c1OCc1ccccc1)C[C@@H](C(=O)O)N(C(=O)C(c1ccccc1)c1ccccc1)C2,CHEMBL4607,Type-2 angiotensin II receptor,ANTAGONIST,Angiotensin II type 2 (AT-2) receptor antagonist,2
CHEMBL3931971,RAZUPROTAFIB,COC(=O)N[C@@H](Cc1ccccc1)C(=O)N[C@@H](Cc1ccc(NS(=O)(=O)O)cc1)c1csc(-c2cccs2)n1,CHEMBL2706,Receptor-type tyrosine-protein phosphatase beta,INHIBITOR,Receptor-type tyrosine-protein phosphatase beta inhibitor,2
CHEMBL3991065,ATOGEPANT,C[C@@H]1[C@H](c2c(F)ccc(F)c2F)C[C@H](NC(=O)c2cnc3c(c2)C[C@@]2(C3)C(=O)Nc3ncccc32)C(=O)N1CC(F)(F)F,CHEMBL3798,Calcitonin gene-related peptide type 1 receptor,ANTAGONIST,Calcitonin gene-related peptide type 1 receptor antagonist,4
CHEMBL4297646,AMPRELOXETINE,Fc1cc(F)c(OCc2ccccc2C2CCNCC2)c(F)c1,CHEMBL222,Sodium-dependent noradrenaline transporter,INHIBITOR,Norepinephrine transporter inhibitor,3
CHEMBL4297455,CAFICRESTAT,O=C(O)Cc1nn(Cc2nc3cc(C(F)(F)F)ccc3s2)c(=O)c2nccnc12,CHEMBL1900,Aldo-keto reductase family 1 member B1,INHIBITOR,Aldose reductase inhibitor,3
CHEMBL4297456,ATN-161,CC(=O)N1CCC[C@H]1C(=O)N[C@@H](Cc1cnc[nH]1)C(=O)N[C@@H](CO)C(=O)N[C@@H](CS)C(=O)N[C@@H](CC(N)=O)C(N)=O,CHEMBL2095226,Integrin alpha-5/beta-1,ANTAGONIST,Integrin alpha-5/beta-1 antagonist,2
CHEMBL4297456,ATN-161,CC(=O)N1CCC[C@H]1C(=O)N[C@@H](Cc1cnc[nH]1)C(=O)N[C@@H](CO)C(=O)N[C@@H](CS)C(=O)N[C@@H](CC(N)=O)C(N)=O,CHEMBL1907598,Integrin alpha-V/beta-3,ANTAGONIST,Integrin alpha-V/beta-3 antagonist,2
CHEMBL3334624,BI-44370,Cc1cc(C[C@@H](OC(=O)N2CCC(N3CCc4ccccc4NC3=O)CC2)C(=O)N2CCC(N3CCOCC3)CC2)cc(C)c1O,CHEMBL3798,Calcitonin gene-related peptide type 1 receptor,ANTAGONIST,Calcitonin gene-related peptide type 1 receptor antagonist,2
CHEMBL4297508,DORZAGLIATIN,CC(C)C[C@@H](C(=O)Nc1ccn(C[C@@H](O)CO)n1)N1CC(Oc2ccccc2Cl)=CC1=O,CHEMBL3820,Hexokinase-4,ACTIVATOR,Hexokinase type IV activator,3
CHEMBL3109802,TBA-7371,COc1ncnc(Cn2cc(C(=O)NCCO)c3ncc(C)cc32)c1C,CHEMBL3804751,Decaprenylphosphoryl-beta-D-ribose oxidase,INHIBITOR,FAD-dependent decaprenylphosphoryl-beta-D-ribofuranose 2-oxidase inhibitor,2
CHEMBL2216859,NEMIRALISIB,CC(C)N1CCN(Cc2cnc(-c3cc(-c4cccc5[nH]ccc45)cc4[nH]ncc34)o2)CC1,CHEMBL3130,"Phosphatidylinositol 4,5-bisphosphate 3-kinase catalytic subunit delta isoform",INHIBITOR,PI3-kinase p110-delta subunit inhibitor,2
CHEMBL3407547,FIRSOCOSTAT,COc1ccccc1[C@H](Cn1c(=O)n(C(C)(C)C(=O)O)c(=O)c2c(C)c(-c3ncco3)sc21)OC1CCOCC1,CHEMBL3885507,Acetyl-CoA carboxylase,NEGATIVE ALLOSTERIC MODULATOR,Acetyl-CoA carboxylase negative allosteric modulator,2
CHEMBL1195136,SNX 5422,CC1(C)CC(=O)c2c(C(F)(F)F)nn(-c3ccc(C(N)=O)c(N[C@H]4CC[C@H](OC(=O)CN)CC4)c3)c2C1,CHEMBL2095165,Heat shock protein HSP90,INHIBITOR,Heat shock protein HSP90 inhibitor,2
CHEMBL3304244,LY-2940094,Cc1nn(-c2ncccc2CO)cc1CN1CCC2(CC1)OCC(F)(F)c1cc(Cl)sc12,CHEMBL2014,Nociceptin receptor,ANTAGONIST,Nociceptin receptor antagonist,2
CHEMBL259571,TAPINAROF,CC(C)c1c(O)cc(/C=C/c2ccccc2)cc1O,CHEMBL3201,Aryl hydrocarbon receptor,AGONIST,Aryl hydrocarbon receptor agonist,4
CHEMBL266497,SORBINIL,O=C1NC(=O)[C@@]2(CCOc3ccc(F)cc32)N1,CHEMBL1900,Aldo-keto reductase family 1 member B1,INHIBITOR,Aldose reductase inhibitor,3
CHEMBL3301621,CENTANAFADINE,c1ccc2cc([C@]34CNC[C@H]3C4)ccc2c1,CHEMBL2363064,Monoamine transporter,INHIBITOR,Monoamine transporter inhibitor,3
CHEMBL4297511,FIRIBASTAT,N[C@@H](CCS(=O)(=O)O)CSSC[C@@H](N)CCS(=O)(=O)O,CHEMBL3439,Glutamyl aminopeptidase,INHIBITOR,Aminopeptidase A inhibitor,3
CHEMBL1257070,FAROPENEM MEDOXOMIL,Cc1oc(=O)oc1COC(=O)C1=C([C@H]2CCCO2)S[C@@H]2[C@@H]([C@@H](C)O)C(=O)N12,CHEMBL2354204,Bacterial penicillin-binding protein,INHIBITOR,Bacterial penicillin-binding protein inhibitor,3
CHEMBL1130,DOXIFLURIDINE,C[C@H]1O[C@@H](n2cc(F)c(=O)[nH]c2=O)[C@H](O)[C@@H]1O,CHEMBL2311221,DNA,DISRUPTING AGENT,DNA disrupting agent,3
CHEMBL1130,DOXIFLURIDINE,C[C@H]1O[C@@H](n2cc(F)c(=O)[nH]c2=O)[C@H](O)[C@@H]1O,CHEMBL2311222,RNA,DISRUPTING AGENT,RNA disrupting agent,3
CHEMBL1130,DOXIFLURIDINE,C[C@H]1O[C@@H](n2cc(F)c(=O)[nH]c2=O)[C@H](O)[C@@H]1O,CHEMBL1952,Thymidylate synthase,INHIBITOR,Thymidylate synthase inhibitor,3
CHEMBL1209734,BMS-986094,COc1nc(N)nc2c1ncn2[C@@H]1O[C@H](COP(=O)(N[C@@H](C)C(=O)OCC(C)(C)C)Oc2cccc3ccccc23)[C@@H](O)[C@@]1(C)O,CHEMBL4296320,RNA-directed RNA polymerase,INHIBITOR,RNA-directed RNA polymerase inhibitor,2
CHEMBL1829433,AZD-4877,Cc1ccc(C(=O)N(CCCN)C(c2nc3snc(C)c3c(=O)n2Cc2ccccc2)C(C)C)cc1,CHEMBL4581,Kinesin-like protein KIF11,INHIBITOR,Kinesin-like protein 1 inhibitor,2
CHEMBL2093999,ISTAROXIME,C[C@]12CCC(=NOCCN)C[C@@H]1C(=O)C[C@@H]1[C@@H]2CC[C@]2(C)C(=O)CC[C@@H]12,CHEMBL2095186,Sodium/potassium-transporting ATPase,INHIBITOR,Sodium/potassium-transporting ATPase inhibitor,2
CHEMBL2093999,ISTAROXIME,C[C@]12CCC(=NOCCN)C[C@@H]1C(=O)C[C@@H]1[C@@H]2CC[C@]2(C)C(=O)CC[C@@H]12,CHEMBL3901,Sarcoplasmic/endoplasmic reticulum calcium ATPase 2,ACTIVATOR,Sarcoplasmic/endoplasmic reticulum calcium ATPase 2 activator,2
CHEMBL2107819,BELNACASAN,CCO[C@@H]1OC(=O)C[C@@H]1NC(=O)[C@@H]1CCCN1C(=O)[C@@H](NC(=O)c1ccc(N)c(Cl)c1)C(C)(C)C,CHEMBL4801,Caspase-1,INHIBITOR,Caspase-1 inhibitor,2
CHEMBL313971,ZUCAPSAICIN,COc1cc(CNC(=O)CCCC/C=C\C(C)C)ccc1O,CHEMBL4794,Transient receptor potential cation channel subfamily V member 1,AGONIST,Vanilloid receptor agonist,3
CHEMBL135400,ZOPICLONE,CN1CCN(C(=O)OC2c3nccnc3C(=O)N2c2ccc(Cl)cn2)CC1,CHEMBL2109244,GABA-A receptor; agonist GABA site,POSITIVE ALLOSTERIC MODULATOR,GABA-A receptor; agonist GABA site positive allosteric modulator,4
CHEMBL1231529,BLEOMYCIN A6,Cc1c(N)nc([C@H](CC(N)=O)NC[C@H](N)C(N)=O)nc1C(=O)N[C@H](C(=O)N[C@H](C)[C@@H](O)[C@H](C)C(=O)N[C@H](C(=O)NCCc1nc(-c2nc(C(=O)NCCCNCCCCNCCCN)cs2)cs1)[C@@H](C)O)[C@@H](O[C@@H]1O[C@@H](CO)[C@@H](O)[C@H](O)[C@@H]1O[C@H]1O[C@H](CO)[C@@H](O)[C@H](OC(N)=O)[C@@H]1O)c1cnc[nH]1,CHEMBL2311221,DNA,DISRUPTING AGENT,DNA disrupting agent,2
CHEMBL1231529,BLEOMYCIN A6,Cc1c(N)nc([C@H](CC(N)=O)NC[C@H](N)C(N)=O)nc1C(=O)N[C@H](C(=O)N[C@H](C)[C@@H](O)[C@H](C)C(=O)N[C@H](C(=O)NCCc1nc(-c2nc(C(=O)NCCCNCCCCNCCCN)cs2)cs1)[C@@H](C)O)[C@@H](O[C@@H]1O[C@@H](CO)[C@@H](O)[C@H](O)[C@@H]1O[C@H]1O[C@H](CO)[C@@H](O)[C@H](OC(N)=O)[C@@H]1O)c1cnc[nH]1,CHEMBL2311222,RNA,DISRUPTING AGENT,RNA disrupting agent,2
CHEMBL4297253,4-DEMETHYL-4-CHOLESTERYLOXYCARBONYLPENCLOMEDINE,COc1nc(C(Cl)(Cl)Cl)c(Cl)c(OC(=O)O[C@H]2CC[C@@]3(C)C(=CC[C@H]4[C@@H]5CC[C@H]([C@H](C)CCCC(C)C)[C@@]5(C)CC[C@@H]43)C2)c1Cl,CHEMBL2311221,DNA,DISRUPTING AGENT,DNA disrupting agent,2
CHEMBL55400,PROFLAVINE,Nc1ccc2cc3ccc(N)cc3nc2c1,CHEMBL2311221,DNA,DISRUPTING AGENT,DNA disrupting agent,2
CHEMBL4594440,ZAMICASTAT,Fc1cc(F)c2c(c1)C[C@@H](n1c(CCNCc3ccccc3)c[nH]c1=S)CO2,CHEMBL3102,Dopamine beta-hydroxylase,INHIBITOR,Dopamine beta-hydroxylase inhibitor,2
CHEMBL16498,SJG-136,C=C1C[C@H]2C=Nc3cc(OCCCOc4cc5c(cc4OC)C(=O)N4CC(=C)C[C@H]4C=N5)c(OC)cc3C(=O)N2C1,CHEMBL2311221,DNA,CROSS-LINKING AGENT,DNA cross-linking agent,2
CHEMBL197194,VIDOFLUDIMUS,COc1cccc(-c2ccc(NC(=O)C3=C(C(=O)O)CCC3)c(F)c2)c1,CHEMBL1966,"Dihydroorotate dehydrogenase (quinone), mitochondrial",INHIBITOR,Dihydroorotate dehydrogenase inhibitor,3
CHEMBL3989911,VELDOREOTIDE,CC(O)[C@@H]1NC(=O)[C@H](CCCCN)NC(=O)[C@@H](Cc2c[nH]c3ccccc23)NC(=O)[C@H](Cc2c[nH]c3ccccc23)NC(=O)[C@H](Cc2ccccc2)NC(=O)CCCNC(=O)CCCN(CC(N)=O)C(=O)[C@H](Cc2ccccc2)NC1=O,CHEMBL1804,Somatostatin receptor type 2,AGONIST,Somatostatin receptor 2 agonist,2
CHEMBL3989911,VELDOREOTIDE,CC(O)[C@@H]1NC(=O)[C@H](CCCCN)NC(=O)[C@@H](Cc2c[nH]c3ccccc23)NC(=O)[C@H](Cc2c[nH]c3ccccc23)NC(=O)[C@H](Cc2ccccc2)NC(=O)CCCNC(=O)CCCN(CC(N)=O)C(=O)[C@H](Cc2ccccc2)NC1=O,CHEMBL1853,Somatostatin receptor type 4,AGONIST,Somatostatin receptor 4 agonist,2
CHEMBL3989911,VELDOREOTIDE,CC(O)[C@@H]1NC(=O)[C@H](CCCCN)NC(=O)[C@@H](Cc2c[nH]c3ccccc23)NC(=O)[C@H](Cc2c[nH]c3ccccc23)NC(=O)[C@H](Cc2ccccc2)NC(=O)CCCNC(=O)CCCN(CC(N)=O)C(=O)[C@H](Cc2ccccc2)NC1=O,CHEMBL1792,Somatostatin receptor type 5,AGONIST,Somatostatin receptor 5 agonist,2
CHEMBL5314379,VOCLOSPORIN,C=C/C=C/C[C@@H](C)[C@@H](O)[C@H]1C(=O)N[C@@H](CC)C(=O)N(C)CC(=O)N(C)[C@@H](CC(C)C)C(=O)N[C@@H](C(C)C)C(=O)N(C)[C@@H](CC(C)C)C(=O)N[C@@H](C)C(=O)N[C@H](C)C(=O)N(C)[C@@H](CC(C)C)C(=O)N(C)[C@@H](CC(C)C)C(=O)N(C)[C@@H](C(C)C)C(=O)N1C,CHEMBL4445,Protein phosphatase 3 catalytic subunit alpha,INHIBITOR,"Serine/threonine protein phosphatase 2B catalytic subunit, alpha isoform inhibitor",4
CHEMBL4297640,VECABRUTINIB,NC(=O)[C@H]1CCN(c2ncnc(N)c2F)C[C@@H]1N1CCC[C@@H](Nc2cc(Cl)cc(C(F)(F)F)c2)C1=O,CHEMBL5251,Tyrosine-protein kinase BTK,INHIBITOR,Tyrosine-protein kinase BTK inhibitor,2
CHEMBL4650277,TAS0612,CC(C)(C)NCCNc1ccc(C2=NN=C(C(F)(F)F)C2)nc1C1CCN(c2ncnc3c2C(C)(C)C(=O)N3)CC1,CHEMBL2111353,Serine/threonine-protein kinase AKT,INHIBITOR,Serine/threonine-protein kinase AKT inhibitor,1
CHEMBL4650277,TAS0612,CC(C)(C)NCCNc1ccc(C2=NN=C(C(F)(F)F)C2)nc1C1CCN(c2ncnc3c2C(C)(C)C(=O)N3)CC1,CHEMBL2111330,Ribosomal protein S6 kinase (P70S6K),INHIBITOR,Ribosomal protein S6 kinase (P70S6K) inhibitor,1
CHEMBL4650277,TAS0612,CC(C)(C)NCCNc1ccc(C2=NN=C(C(F)(F)F)C2)nc1C1CCN(c2ncnc3c2C(C)(C)C(=O)N3)CC1,CHEMBL4630724,p90RSK,INHIBITOR,p90RSK inhibitor,1
CHEMBL4535757,SOTORASIB,C=CC(=O)N1CCN(c2nc(=O)n(-c3c(C)ccnc3C(C)C)c3nc(-c4c(O)cccc4F)c(F)cc23)[C@@H](C)C1,CHEMBL2189121,GTPase KRas,INHIBITOR,GTPase KRas inhibitor,4
CHEMBL4297480,SX-682,O=C(Nc1ccc(F)cc1)c1cnc(SCc2cc(OC(F)(F)F)ccc2B(O)O)nc1,CHEMBL2096909,"Interleukin-8 receptors, CXCR1/CXCR2",INHIBITOR,"Interleukin-8 receptors, CXCR1/CXCR2 inhibitor",2
CHEMBL4650278,REVUMENIB SESQUIFUMARATE,CCN(C(=O)c1cc(F)ccc1Oc1cncnc1N1CC2(CCN(C[C@H]3CC[C@H](NS(=O)(=O)CC)CC3)CC2)C1)C(C)C.CCN(C(=O)c1cc(F)ccc1Oc1cncnc1N1CC2(CCN(C[C@H]3CC[C@H](NS(=O)(=O)CC)CC3)CC2)C1)C(C)C.O=C(O)/C=C/C(=O)O.O=C(O)/C=C/C(=O)O.O=C(O)/C=C/C(=O)O,CHEMBL2093861,Menin/Histone-lysine N-methyltransferase MLL,INHIBITOR,Menin/Histone-lysine N-methyltransferase MLL inhibitor,1
CHEMBL550936,BALAPIRAVIR,CC(C)C(=O)OC[C@@]1(N=[N+]=[N-])O[C@@H](n2ccc(N)nc2=O)[C@H](OC(=O)C(C)C)[C@@H]1OC(=O)C(C)C,CHEMBL4296320,RNA-directed RNA polymerase,INHIBITOR,RNA-directed RNA polymerase inhibitor,2
CHEMBL3686884,E-7090,CNC(=O)n1ccc2cc(Oc3ccnc(NC(=O)c4ccc(C5CCN(CCO)CC5)cc4)c3)c(OCCOC)cc21,CHEMBL3650,Fibroblast growth factor receptor 1,INHIBITOR,Fibroblast growth factor receptor 1 inhibitor,2
CHEMBL4297328,SUVN-G3031,O=C(CN1CCOCC1)Nc1ccc(OC2CCN(C3CCC3)CC2)cc1,CHEMBL264,Histamine H3 receptor,INVERSE AGONIST,Histamine H3 receptor inverse agonist,2
CHEMBL1767164,GSK-1004723,O=c1c2ccccc2c(Cc2ccc(Cl)cc2)nn1C[C@H]1CCCN1CCCCc1ccc(OCCCN2CCCCCC2)cc1,CHEMBL264,Histamine H3 receptor,ANTAGONIST,Histamine H3 receptor antagonist,2
CHEMBL1767164,GSK-1004723,O=c1c2ccccc2c(Cc2ccc(Cl)cc2)nn1C[C@H]1CCCN1CCCCc1ccc(OCCCN2CCCCCC2)cc1,CHEMBL231,Histamine H1 receptor,ANTAGONIST,Histamine H1 receptor antagonist,2
CHEMBL3678958,RUSERONTINIB,CC(C)n1c(Nc2cccnc2)nc2cnc(Nc3ccc(N4CCN(C)CC4)cc3)nc21,CHEMBL203,Epidermal growth factor receptor,INHIBITOR,Epidermal growth factor receptor erbB1 inhibitor,3
CHEMBL4228124,ORG-25935,COc1ccc2c(c1)CC[C@H](CN(C)CC(=O)O)[C@@H]2c1ccccc1,CHEMBL2337,Sodium- and chloride-dependent glycine transporter 1,INHIBITOR,Glycine transporter 1 inhibitor,2
CHEMBL1089636,ANG1005,CC(=O)O[C@H]1C(=O)[C@@]2(C)[C@H]([C@H](OC(=O)c3ccccc3)[C@]3(O)C[C@H](OC(=O)[C@H](OC(=O)CCC(=O)NCCCC[C@H](NC(=O)CNC(=O)[C@H](CCCNC(=N)N)NC(=O)[C@H](CO)NC(=O)CNC(=O)CNC(=O)[C@H](Cc4ccc(O)cc4)NC(=O)[C@H](Cc4ccccc4)NC(=O)[C@H](Cc4ccccc4)NC(=O)[C@@H](NC(=O)CCC(=O)O[C@@H](C(=O)O[C@H]4C[C@@]5(O)[C@@H](OC(=O)c6ccccc6)[C@@H]6[C@]7(OC(C)=O)CO[C@@H]7C[C@H](O)[C@@]6(C)C(=O)[C@H](OC(C)=O)C(=C4C)C5(C)C)[C@@H](NC(=O)c4ccccc4)c4ccccc4)C(C)O)C(=O)N[C@@H](CCCNC(=N)N)C(=O)N[C@@H](CC(N)=O)C(=O)N[C@@H](CC(N)=O)C(=O)N[C@@H](Cc4ccccc4)C(=O)N[C@@H](CCCCNC(=O)CCC(=O)O[C@@H](C(=O)O[C@H]4C[C@@]5(O)[C@@H](OC(=O)c6ccccc6)[C@@H]6[C@]7(OC(C)=O)CO[C@@H]7C[C@H](O)[C@@]6(C)C(=O)[C@H](OC(C)=O)C(=C4C)C5(C)C)[C@@H](NC(=O)c4ccccc4)c4ccccc4)C(=O)N[C@H](C(=O)N[C@@H](CCC(=O)O)C(=O)N[C@@H](CCC(=O)O)C(=O)N[C@@H](Cc4ccc(O)cc4)C(=O)O)[C@@H](C)O)[C@@H](NC(=O)c4ccccc4)c4ccccc4)C(C)=C1C3(C)C)[C@]1(OC(C)=O)CO[C@@H]1C[C@@H]2O,CHEMBL4630884,Prolow-density lipoprotein receptor-related protein 1,BINDING AGENT,Prolow-density lipoprotein receptor-related protein 1 binding agent,3
CHEMBL1089636,ANG1005,CC(=O)O[C@H]1C(=O)[C@@]2(C)[C@H]([C@H](OC(=O)c3ccccc3)[C@]3(O)C[C@H](OC(=O)[C@H](OC(=O)CCC(=O)NCCCC[C@H](NC(=O)CNC(=O)[C@H](CCCNC(=N)N)NC(=O)[C@H](CO)NC(=O)CNC(=O)CNC(=O)[C@H](Cc4ccc(O)cc4)NC(=O)[C@H](Cc4ccccc4)NC(=O)[C@H](Cc4ccccc4)NC(=O)[C@@H](NC(=O)CCC(=O)O[C@@H](C(=O)O[C@H]4C[C@@]5(O)[C@@H](OC(=O)c6ccccc6)[C@@H]6[C@]7(OC(C)=O)CO[C@@H]7C[C@H](O)[C@@]6(C)C(=O)[C@H](OC(C)=O)C(=C4C)C5(C)C)[C@@H](NC(=O)c4ccccc4)c4ccccc4)C(C)O)C(=O)N[C@@H](CCCNC(=N)N)C(=O)N[C@@H](CC(N)=O)C(=O)N[C@@H](CC(N)=O)C(=O)N[C@@H](Cc4ccccc4)C(=O)N[C@@H](CCCCNC(=O)CCC(=O)O[C@@H](C(=O)O[C@H]4C[C@@]5(O)[C@@H](OC(=O)c6ccccc6)[C@@H]6[C@]7(OC(C)=O)CO[C@@H]7C[C@H](O)[C@@]6(C)C(=O)[C@H](OC(C)=O)C(=C4C)C5(C)C)[C@@H](NC(=O)c4ccccc4)c4ccccc4)C(=O)N[C@H](C(=O)N[C@@H](CCC(=O)O)C(=O)N[C@@H](CCC(=O)O)C(=O)N[C@@H](Cc4ccc(O)cc4)C(=O)O)[C@@H](C)O)[C@@H](NC(=O)c4ccccc4)c4ccccc4)C(C)=C1C3(C)C)[C@]1(OC(C)=O)CO[C@@H]1C[C@@H]2O,CHEMBL2095182,Tubulin,INHIBITOR,Tubulin inhibitor,3
CHEMBL2107729,ATACIGUAT,O=C(Nc1ccc(S(=O)(=O)N2CCOCC2)cc1)c1cc(Cl)ccc1NS(=O)(=O)c1ccc(Cl)s1,CHEMBL2111348,Soluble guanylate cyclase,ACTIVATOR,Soluble guanylate cyclase activator,2
CHEMBL4250860,DANICOPAN,CC(=O)c1nn(CC(=O)N2C[C@H](F)C[C@H]2C(=O)Nc2cccc(Br)n2)c2ccc(-c3cnc(C)nc3)cc12,CHEMBL2176771,Complement factor D,INHIBITOR,Complement factor D inhibitor,4
CHEMBL518924,MAVORIXAFOR,NCCCCN(Cc1nc2ccccc2[nH]1)[C@H]1CCCc2cccnc21,CHEMBL2107,C-X-C chemokine receptor type 4,ANTAGONIST,C-X-C chemokine receptor type 4 antagonist,4
CHEMBL3678958,RUSERONTINIB,CC(C)n1c(Nc2cccnc2)nc2cnc(Nc3ccc(N4CCN(C)CC4)cc3)nc21,CHEMBL1974,Receptor-type tyrosine-protein kinase FLT3,INHIBITOR,Tyrosine-protein kinase receptor FLT3 inhibitor,3
CHEMBL483,TENOFOVIR ANHYDROUS,C[C@H](Cn1cnc2c(N)ncnc21)OCP(=O)(O)O,CHEMBL2362994,DNA polymerase/reverse transcriptase,INHIBITOR,DNA polymerase/reverse transcriptase inhibitor,3
CHEMBL3678958,RUSERONTINIB,CC(C)n1c(Nc2cccnc2)nc2cnc(Nc3ccc(N4CCN(C)CC4)cc3)nc21,CHEMBL1862,Tyrosine-protein kinase ABL1,INHIBITOR,Tyrosine-protein kinase ABL inhibitor,3
CHEMBL4650276,REZVILUTAMIDE,CC1(C)C(=O)N(c2ccc(C#N)c(C(F)(F)F)c2)C(=S)N1c1ccc(OC[C@@H](O)CO)cc1,CHEMBL1871,Androgen receptor,ANTAGONIST,Androgen Receptor antagonist,3
CHEMBL3984441,NINGETINIB,Cc1c(C(=O)Nc2ccc(Oc3ccnc4cc(OCC(C)(C)O)ccc34)c(F)c2)c(=O)n(-c2ccccc2)n1C,CHEMBL3717,Hepatocyte growth factor receptor,INHIBITOR,Hepatocyte growth factor receptor inhibitor,2
CHEMBL3984441,NINGETINIB,Cc1c(C(=O)Nc2ccc(Oc3ccnc4cc(OCC(C)(C)O)ccc34)c(F)c2)c(=O)n(-c2ccccc2)n1C,CHEMBL279,Vascular endothelial growth factor receptor 2,INHIBITOR,Vascular endothelial growth factor receptor 2 inhibitor,2
CHEMBL3984441,NINGETINIB,Cc1c(C(=O)Nc2ccc(Oc3ccnc4cc(OCC(C)(C)O)ccc34)c(F)c2)c(=O)n(-c2ccccc2)n1C,CHEMBL5331,Tyrosine-protein kinase Mer,INHIBITOR,Proto-oncogene tyrosine-protein kinase MER inhibitor,2
CHEMBL3984441,NINGETINIB,Cc1c(C(=O)Nc2ccc(Oc3ccnc4cc(OCC(C)(C)O)ccc34)c(F)c2)c(=O)n(-c2ccccc2)n1C,CHEMBL1974,Receptor-type tyrosine-protein kinase FLT3,INHIBITOR,Tyrosine-protein kinase receptor FLT3 inhibitor,2
CHEMBL4650286,M4344,Nc1nn2cc(F)cnc2c1C(=O)Nc1cncc(F)c1N1CCC(C(=O)N2CCN(C3COC3)CC2)CC1,CHEMBL5024,Serine/threonine-protein kinase ATR,INHIBITOR,Serine-protein kinase ATR inhibitor,1
CHEMBL4650285,TEMUTERKIB,Cn1nccc1Nc1nccc(-c2cc3c(s2)C(C)(C)N(CCN2CCOCC2)C3=O)n1,CHEMBL1907606,Mitogen-activated protein kinase; ERK1/ERK2,INHIBITOR,Mitogen-activated protein kinase; ERK1/ERK2 inhibitor,2
CHEMBL4091801,ALRIZOMADLIN,CCN1[C@@H](C(=O)NC23CCC(C(=O)O)(CC2)CC3)[C@H](c2cccc(Cl)c2F)[C@]2(C(=O)Nc3cc(Cl)ccc32)C12CCCCC2,CHEMBL1907611,Tumour suppressor p53/oncoprotein Mdm2,INHIBITOR,Tumour suppressor p53/oncoprotein Mdm2 inhibitor,2
CHEMBL4577523,GOLIDOCITINIB,COc1nn(C)cc1Nc1nccc(-c2c[nH]c3c(NC(=O)[C@@H](C)N4CCN(C)CC4)cccc23)n1,CHEMBL2835,Tyrosine-protein kinase JAK1,INHIBITOR,Tyrosine-protein kinase JAK1 inhibitor,2
CHEMBL4206033,BAY1436032,C[C@H]1C[C@@H](n2c(Nc3ccc(OC(F)(F)F)cc3)nc3cc(CCC(=O)O)ccc32)CC(C)(C)C1,CHEMBL2007625,Isocitrate dehydrogenase [NADP] cytoplasmic,INHIBITOR,Isocitrate dehydrogenase [NADP] cytoplasmic inhibitor,1
CHEMBL4650279,TUXOBERTINIB,C=CC(=O)Nc1cc2c(Nc3ccc(OCc4ccccn4)c(Cl)c3)ncnc2cc1OCCN1CCOCC1,CHEMBL1824,Receptor tyrosine-protein kinase erbB-2,NEGATIVE ALLOSTERIC MODULATOR,Receptor protein-tyrosine kinase erbB-2 negative allosteric modulator,1
CHEMBL4650279,TUXOBERTINIB,C=CC(=O)Nc1cc2c(Nc3ccc(OCc4ccccn4)c(Cl)c3)ncnc2cc1OCCN1CCOCC1,CHEMBL203,Epidermal growth factor receptor,NEGATIVE ALLOSTERIC MODULATOR,Epidermal growth factor receptor erbB1 negative allosteric modulator,1
CHEMBL3977543,BELVARAFENIB,Cc1ccc2c(Nc3cccc(Cl)c3F)nccc2c1NC(=O)c1csc2c(N)ncnc12,CHEMBL3559685,RAF serine/threonine protein kinase,INHIBITOR,RAF serine/threonine protein kinase inhibitor,2
CHEMBL3899477,CONTELTINIB,COc1cc(N2CCC(N3CCN(C)CC3)CC2)ccc1Nc1nc2c(c(Nc3ccccc3S(=O)(=O)NC(C)C)n1)CCN2,CHEMBL2695,Focal adhesion kinase 1,INHIBITOR,Focal adhesion kinase 1 inhibitor,1
CHEMBL3899477,CONTELTINIB,COc1cc(N2CCC(N3CCN(C)CC3)CC2)ccc1Nc1nc2c(c(Nc3ccccc3S(=O)(=O)NC(C)C)n1)CCN2,CHEMBL1957,Insulin-like growth factor 1 receptor,INHIBITOR,Insulin-like growth factor I receptor inhibitor,1
CHEMBL3899477,CONTELTINIB,COc1cc(N2CCC(N3CCN(C)CC3)CC2)ccc1Nc1nc2c(c(Nc3ccccc3S(=O)(=O)NC(C)C)n1)CCN2,CHEMBL4247,ALK tyrosine kinase receptor,INHIBITOR,ALK tyrosine kinase receptor inhibitor,1
CHEMBL3899477,CONTELTINIB,COc1cc(N2CCC(N3CCN(C)CC3)CC2)ccc1Nc1nc2c(c(Nc3ccccc3S(=O)(=O)NC(C)C)n1)CCN2,CHEMBL5469,Protein-tyrosine kinase 2-beta,INHIBITOR,Protein tyrosine kinase 2 beta inhibitor,1
CHEMBL6068423,ESTETROL,C[C@]12CC[C@@H]3c4ccc(O)cc4CC[C@H]3[C@@H]1[C@@H](O)[C@@H](O)[C@@H]2O.O,CHEMBL2093866,Estrogen receptor,AGONIST,Estrogen receptor agonist,4
CHEMBL4650272,TRILACICLIB DIHYDROCHLORIDE,CN1CCN(c2ccc(Nc3ncc4cc5n(c4n3)C3(CCCCC3)CNC5=O)nc2)CC1.Cl.Cl,CHEMBL2508,Cyclin-dependent kinase 6,INHIBITOR,Cyclin-dependent kinase 6 inhibitor,4
CHEMBL4650273,SETMELANOTIDE ACETATE,CC(=O)N[C@@H](CCCNC(=N)N)C(=O)N[C@H]1CSSC[C@@H](C(N)=O)NC(=O)[C@H](Cc2c[nH]c3ccccc23)NC(=O)[C@H](CCCNC(=N)N)NC(=O)[C@@H](Cc2ccccc2)NC(=O)[C@H](Cc2c[nH]cn2)NC(=O)[C@@H](C)NC1=O.CC(=O)O.CC(=O)O,CHEMBL259,Melanocortin receptor 4,AGONIST,Melanocortin receptor 4 agonist,4
CHEMBL2107486,TEBIPENEM PIVOXIL,C[C@@H](O)[C@H]1C(=O)N2C(C(=O)OCOC(=O)C(C)(C)C)=C(SC3CN(C4=NCCS4)C3)[C@H](C)[C@H]12,CHEMBL2354204,Bacterial penicillin-binding protein,INHIBITOR,Bacterial penicillin-binding protein inhibitor,3
CHEMBL3187812,ILEPATRIL,CC(=O)S[C@H](C(=O)N[C@H]1Cc2ccccc2[C@H]2CCC[C@@H](C(=O)O)N2C1=O)C(C)C,CHEMBL1944,Neprilysin,INHIBITOR,Neprilysin inhibitor,2
CHEMBL38700,ELVUCITABINE,Nc1nc(=O)n([C@@H]2C=C[C@H](CO)O2)cc1F,CHEMBL2362994,DNA polymerase/reverse transcriptase,INHIBITOR,DNA polymerase/reverse transcriptase inhibitor,2
CHEMBL2103825,CETILISTAT,CCCCCCCCCCCCCCCCOc1nc2ccc(C)cc2c(=O)o1,CHEMBL1796,Gastric triacylglycerol lipase,INHIBITOR,Gastric lipase inhibitor,2
CHEMBL4069597,PRITELIVIR,Cc1nc(N(C)C(=O)Cc2ccc(-c3ccccn3)cc2)sc1S(N)(=O)=O,CHEMBL4630722,Helicase/primase,INHIBITOR,Helicase/primase inhibitor,3
CHEMBL4594214,ZICONOTIDE,CSCC[C@@H]1NC(=O)[C@H](CC(C)C)NC(=O)[C@H](CCCNC(=N)N)NC(=O)[C@H](CO)NC(=O)[C@@H]2CSSC[C@@H]3NC(=O)[C@H](CO)NC(=O)CNC(=O)[C@H]([C@@H](C)O)NC(=O)[C@H](CSSC[C@H](N)C(=O)N[C@@H](CCCCN)C(=O)NCC(=O)N[C@@H](CCCCN)C(=O)NCC(=O)N[C@@H](C)C(=O)N[C@@H](CCCCN)C(=O)N2)NC(=O)[C@H](CSSC[C@@H](C(N)=O)NC(=O)[C@H](CCCCN)NC(=O)CNC(=O)[C@H](CO)NC(=O)[C@H](CCCNC(=N)N)NC3=O)NC(=O)[C@H](CC(=O)O)NC(=O)[C@H](Cc2ccc(O)cc2)NC1=O,CHEMBL4478,Voltage-dependent N-type calcium channel subunit alpha-1B,BLOCKER,Voltage-gated N-type calcium channel alpha-1B subunit blocker,4
CHEMBL1730601,GIMERACIL,Oc1cc(O)c(Cl)cn1,CHEMBL3172,Dihydropyrimidine dehydrogenase [NADP(+)],INHIBITOR,Dihydropyrimidine dehydrogenase inhibitor,3
CHEMBL4585668,BELZUTIFAN,CS(=O)(=O)c1ccc(Oc2cc(F)cc(C#N)c2)c2c1[C@H](O)[C@H](F)[C@@H]2F,CHEMBL1744522,Endothelial PAS domain-containing protein 1,INHIBITOR,Endothelial PAS domain-containing protein 1 inhibitor,4
CHEMBL3686884,E-7090,CNC(=O)n1ccc2cc(Oc3ccnc(NC(=O)c4ccc(C5CCN(CCO)CC5)cc4)c3)c(OCCOC)cc21,CHEMBL4142,Fibroblast growth factor receptor 2,INHIBITOR,Fibroblast growth factor receptor 2 inhibitor,2
CHEMBL3686884,E-7090,CNC(=O)n1ccc2cc(Oc3ccnc(NC(=O)c4ccc(C5CCN(CCO)CC5)cc4)c3)c(OCCOC)cc21,CHEMBL2742,Fibroblast growth factor receptor 3,INHIBITOR,Fibroblast growth factor receptor 3 inhibitor,2
CHEMBL3907479,FGFR INHIBITOR DEBIO 1347,Cc1nc2ccc(-n3ncc(C(=O)c4cc5ccccc5[nH]4)c3N)cc2[nH]1,CHEMBL4142,Fibroblast growth factor receptor 2,INHIBITOR,Fibroblast growth factor receptor 2 inhibitor,2
CHEMBL3907479,FGFR INHIBITOR DEBIO 1347,Cc1nc2ccc(-n3ncc(C(=O)c4cc5ccccc5[nH]4)c3N)cc2[nH]1,CHEMBL2742,Fibroblast growth factor receptor 3,INHIBITOR,Fibroblast growth factor receptor 3 inhibitor,2
CHEMBL4167360,IDH305,Cc1cc([C@H](C)Nc2nccc(N3C(=O)OC[C@@H]3[C@@H](C)F)n2)ncc1-c1ccnc(C(F)(F)F)c1,CHEMBL2007625,Isocitrate dehydrogenase [NADP] cytoplasmic,INHIBITOR,Isocitrate dehydrogenase [NADP] cytoplasmic inhibitor,2
CHEMBL2106483,VILOXAZINE HYDROCHLORIDE,CCOc1ccccc1OCC1CNCCO1.Cl,CHEMBL222,Sodium-dependent noradrenaline transporter,INHIBITOR,Norepinephrine transporter inhibitor,4
CHEMBL4297403,MELPHALAN FLUFENAMIDE HYDROCHLORIDE,CCOC(=O)[C@H](Cc1ccc(F)cc1)NC(=O)[C@@H](N)Cc1ccc(N(CCCl)CCCl)cc1.Cl,CHEMBL2311221,DNA,CROSS-LINKING AGENT,DNA cross-linking agent,4
CHEMBL4298139,SERDEXMETHYLPHENIDATE CHLORIDE,COC(=O)[C@H](c1ccccc1)[C@H]1CCCCN1C(=O)OC[n+]1cccc(C(=O)N[C@@H](CO)C(=O)O)c1.[Cl-],CHEMBL222,Sodium-dependent noradrenaline transporter,INHIBITOR,Norepinephrine transporter inhibitor,4
CHEMBL4298139,SERDEXMETHYLPHENIDATE CHLORIDE,COC(=O)[C@H](c1ccccc1)[C@H]1CCCCN1C(=O)OC[n+]1cccc(C(=O)N[C@@H](CO)C(=O)O)c1.[Cl-],CHEMBL238,Sodium-dependent dopamine transporter,INHIBITOR,Dopamine transporter inhibitor,4
CHEMBL4583691,NAPORAFENIB,Cc1ccc(NC(=O)c2ccnc(C(F)(F)F)c2)cc1-c1cc(OCCO)nc(N2CCOCC2)c1,CHEMBL3883317,B-raf/RAF proto-oncogene serine/threonine-protein kinase,INHIBITOR,B-raf/RAF proto-oncogene serine/threonine-protein kinase inhibitor,3
CHEMBL4647810,ELIMUSERTIB,C[C@@H]1COCCN1c1cc(-c2ccnn2C)c2ccnc(-c3ccn[nH]3)c2n1,CHEMBL5024,Serine/threonine-protein kinase ATR,INHIBITOR,Serine-protein kinase ATR inhibitor,1
CHEMBL4650283,FF-10101,CCCNc1nc(Nc2ccc(C#N)cc2)ncc1C#CCCCNC(=O)[C@H](C)N(C)C(=O)/C=C/CN(C)C,CHEMBL1974,Receptor-type tyrosine-protein kinase FLT3,INHIBITOR,Tyrosine-protein kinase receptor FLT3 inhibitor,1
CHEMBL3907479,FGFR INHIBITOR DEBIO 1347,Cc1nc2ccc(-n3ncc(C(=O)c4cc5ccccc5[nH]4)c3N)cc2[nH]1,CHEMBL3650,Fibroblast growth factor receptor 1,INHIBITOR,Fibroblast growth factor receptor 1 inhibitor,2
CHEMBL4650284,KO-947,O=C1Nc2cc3[nH]nc(-c4ccncc4)c3cc2CN1Cc1ccccc1,CHEMBL1907606,Mitogen-activated protein kinase; ERK1/ERK2,INHIBITOR,Mitogen-activated protein kinase; ERK1/ERK2 inhibitor,1
CHEMBL4650281,CLN-081,C=CC(=O)N[C@H]1C=C(C)c2c(-c3cnc4ccccc4c3)c3c(N)ncnc3n2C1,CHEMBL203,Epidermal growth factor receptor,INHIBITOR,Epidermal growth factor receptor erbB1 inhibitor,3
CHEMBL3984441,NINGETINIB,Cc1c(C(=O)Nc2ccc(Oc3ccnc4cc(OCC(C)(C)O)ccc34)c(F)c2)c(=O)n(-c2ccccc2)n1C,CHEMBL4895,Tyrosine-protein kinase receptor UFO,INHIBITOR,Tyrosine-protein kinase receptor UFO inhibitor,2
CHEMBL3287735,GSK2816126,CC[C@H](C)n1cc(C)c2c(C(=O)NCc3c(C)cc(C)[nH]c3=O)cc(-c3ccc(N4CCNCC4)nc3)cc21,CHEMBL2189110,Histone-lysine N-methyltransferase EZH2,INHIBITOR,Histone-lysine N-methyltransferase EZH2 inhibitor,1
CHEMBL4301162,SERDEXMETHYLPHENIDATE,COC(=O)[C@H](c1ccccc1)[C@H]1CCCCN1C(=O)OC[n+]1cccc(C(=O)N[C@@H](CO)C(=O)O)c1,CHEMBL238,Sodium-dependent dopamine transporter,INHIBITOR,Dopamine transporter inhibitor,4
CHEMBL4301162,SERDEXMETHYLPHENIDATE,COC(=O)[C@H](c1ccccc1)[C@H]1CCCCN1C(=O)OC[n+]1cccc(C(=O)N[C@@H](CO)C(=O)O)c1,CHEMBL222,Sodium-dependent noradrenaline transporter,INHIBITOR,Norepinephrine transporter inhibitor,4
CHEMBL3137330,CABOTEGRAVIR SODIUM,C[C@H]1CO[C@@H]2Cn3cc(C(=O)NCc4ccc(F)cc4F)c(=O)c([O-])c3C(=O)N12.[Na+],CHEMBL3471,Human immunodeficiency virus type 1 integrase,INHIBITOR,Human immunodeficiency virus type 1 integrase inhibitor,4
CHEMBL3544919,CIRAPARANTAG,N=C(N)NCCC[C@H](N)C(=O)NCCCN1CCN(CCCNC(=O)[C@@H](N)CCCNC(=N)N)CC1,CHEMBL4495556,Apixaban,SEQUESTERING AGENT,Apixaban sequestering agent,2
CHEMBL4650272,TRILACICLIB DIHYDROCHLORIDE,CN1CCN(c2ccc(Nc3ncc4cc5n(c4n3)C3(CCCCC3)CNC5=O)nc2)CC1.Cl.Cl,CHEMBL331,Cyclin-dependent kinase 4,INHIBITOR,Cyclin-dependent kinase 4 inhibitor,4
CHEMBL3544919,CIRAPARANTAG,N=C(N)NCCC[C@H](N)C(=O)NCCCN1CCN(CCCNC(=O)[C@@H](N)CCCNC(=N)N)CC1,CHEMBL4495555,Rivaroxaban,SEQUESTERING AGENT,Rivaroxaban sequestering agent,2
CHEMBL3544919,CIRAPARANTAG,N=C(N)NCCC[C@H](N)C(=O)NCCCN1CCN(CCCNC(=O)[C@@H](N)CCCNC(=N)N)CC1,CHEMBL4632345,Edoxaban,SEQUESTERING AGENT,Edoxaban sequestering agent,2
CHEMBL3544919,CIRAPARANTAG,N=C(N)NCCC[C@H](N)C(=O)NCCCN1CCN(CCCNC(=O)[C@@H](N)CCCNC(=N)N)CC1,CHEMBL3545433,Dabigatran,SEQUESTERING AGENT,Dabigatran sequestering agent,2
CHEMBL163,RITONAVIR,CC(C)c1nc(CN(C)C(=O)N[C@H](C(=O)N[C@@H](Cc2ccccc2)C[C@H](O)[C@H](Cc2ccccc2)NC(=O)OCc2cncs2)C(C)C)cs1,CHEMBL2364675,Cytochrome P450 3A,INHIBITOR,Cytochrome P450 3A inhibitor,4
CHEMBL1642,IMATINIB MESYLATE,CS(=O)(=O)O.Cc1ccc(NC(=O)c2ccc(CN3CCN(C)CC3)cc2)cc1Nc1nccc(-c2cccnc2)n1,CHEMBL2096618,Bcr/Abl fusion protein,INHIBITOR,Bcr/Abl fusion protein inhibitor,4
CHEMBL1421,DASATINIB ANHYDROUS,Cc1nc(Nc2ncc(C(=O)Nc3c(C)cccc3Cl)s2)cc(N2CCN(CCO)CC2)n1,CHEMBL2096618,Bcr/Abl fusion protein,INHIBITOR,Bcr/Abl fusion protein inhibitor,4
CHEMBL2095206,BOSUTINIB MONOHYDRATE,COc1cc(Nc2c(C#N)cnc3cc(OCCCN4CCN(C)CC4)c(OC)cc23)c(Cl)cc1Cl.O,CHEMBL2096618,Bcr/Abl fusion protein,INHIBITOR,Bcr/Abl fusion protein inhibitor,4
CHEMBL1201740,NILOTINIB HYDROCHLORIDE MONOHYDRATE,Cc1cn(-c2cc(NC(=O)c3ccc(C)c(Nc4nccc(-c5cccnc5)n4)c3)cc(C(F)(F)F)c2)cn1.Cl.O,CHEMBL2096618,Bcr/Abl fusion protein,INHIBITOR,Bcr/Abl fusion protein inhibitor,4
CHEMBL3707320,ALECTINIB HYDROCHLORIDE,CCc1cc2c(cc1N1CCC(N3CCOCC3)CC1)C(C)(C)c1[nH]c3cc(C#N)ccc3c1C2=O.Cl,CHEMBL3883330,EML4-ALK,INHIBITOR,EML4-ALK inhibitor,4
CHEMBL601719,CRIZOTINIB,C[C@@H](Oc1cc(-c2cnn(C3CCNCC3)c2)cnc1N)c1c(Cl)ccc(F)c1Cl,CHEMBL3883330,EML4-ALK,INHIBITOR,EML4-ALK inhibitor,4
CHEMBL2403108,CERITINIB,Cc1cc(Nc2ncc(Cl)c(Nc3ccccc3S(=O)(=O)C(C)C)n2)c(OC(C)C)cc1C1CCNCC1,CHEMBL3883330,EML4-ALK,INHIBITOR,EML4-ALK inhibitor,4
CHEMBL601719,CRIZOTINIB,C[C@@H](Oc1cc(-c2cnn(C3CCNCC3)c2)cnc1N)c1c(Cl)ccc(F)c1Cl,CHEMBL2111387,NPM/ALK (Nucleophosmin/ALK tyrosine kinase receptor),INHIBITOR,NPM/ALK (Nucleophosmin/ALK tyrosine kinase receptor) inhibitor,4
CHEMBL2403108,CERITINIB,Cc1cc(Nc2ncc(Cl)c(Nc3ccccc3S(=O)(=O)C(C)C)n2)c(OC(C)C)cc1C1CCNCC1,CHEMBL2111387,NPM/ALK (Nucleophosmin/ALK tyrosine kinase receptor),INHIBITOR,NPM/ALK (Nucleophosmin/ALK tyrosine kinase receptor) inhibitor,4
CHEMBL8,CIPROFLOXACIN,O=C(O)c1cn(C2CC2)c2cc(N3CCNCC3)c(F)cc2c1=O,CHEMBL2363076,Topoisomerase IV,INHIBITOR,Topoisomerase IV inhibitor,4
CHEMBL1202,CIPROFLOXACIN HYDROCHLORIDE,Cl.O=C(O)c1cn(C2CC2)c2cc(N3CCNCC3)c(F)cc2c1=O,CHEMBL2363076,Topoisomerase IV,INHIBITOR,Topoisomerase IV inhibitor,4
CHEMBL278819,MINAPRINE,Cc1cc(-c2ccccc2)nnc1NCCN1CCOCC1,CHEMBL2095200,Serotonin 2 (5-HT2) receptor,ANTAGONIST,Serotonin 2 (5-HT2) receptor antagonist,4
CHEMBL1946170,REGORAFENIB,CNC(=O)c1cc(Oc2ccc(NC(=O)Nc3ccc(Cl)c(C(F)(F)F)c3)c(F)c2)ccn1,CHEMBL2068,Ephrin type-A receptor 2,INHIBITOR,Ephrin type-A receptor 2 inhibitor,4
CHEMBL1946170,REGORAFENIB,CNC(=O)c1cc(Oc2ccc(NC(=O)Nc3ccc(Cl)c(C(F)(F)F)c3)c(F)c2)ccn1,CHEMBL2815,High affinity nerve growth factor receptor,INHIBITOR,Nerve growth factor receptor Trk-A inhibitor,4
CHEMBL79261,DU 125530,O=C1c2ccccc2S(=O)(=O)N1CCCCN1CCN(c2cc(Cl)cc3c2OCCO3)CC1,CHEMBL214,5-hydroxytryptamine receptor 1A,ANTAGONIST,Serotonin 1a (5-HT1a) receptor antagonist,2
CHEMBL4650365,CAMIZESTRANT,C[C@@H]1Cc2c(ccc3[nH]ncc23)[C@@H](c2ccc(NC3CN(CCCF)C3)cn2)N1CC(F)(F)F,CHEMBL206,Estrogen receptor,DEGRADER,Estrogen receptor alpha degrader,3
CHEMBL4459585,ROPSACITINIB,Cn1cc(-c2cn3nccc3c(-c3cnn([C@]4(CC#N)C[C@@H](C#N)C4)c3)n2)cn1,CHEMBL3553,Non-receptor tyrosine-protein kinase TYK2,INHIBITOR,Tyrosine-protein kinase TYK2 inhibitor,2
CHEMBL61872,TALAMPANEL,CC(=O)N1N=C(c2ccc(N)cc2)c2cc3c(cc2C[C@H]1C)OCO3,CHEMBL4016,Glutamate receptor 2,ANTAGONIST,"Glutamate receptor ionotropic, AMPA 2 antagonist",2
CHEMBL3989910,CAVOSONSTAT,O=C(O)c1ccc(-c2ccc3cc(O)ccc3n2)c(Cl)c1,CHEMBL4116,Alcohol dehydrogenase class-3,INHIBITOR,Alcohol dehydrogenase class III inhibitor,2
CHEMBL3989972,BALIPODECT,COc1cn(-c2ccc(-n3cccn3)cc2F)nc(-c2ccnn2-c2ccccc2)c1=O,CHEMBL4409,"cAMP and cAMP-inhibited cGMP 3',5'-cyclic phosphodiesterase 10A",INHIBITOR,Phosphodiesterase 10A inhibitor,2
CHEMBL25263,MIRIDESAP,O=C(O)[C@H]1CCCN1C(=O)CCCCC(=O)N1CCC[C@@H]1C(=O)O,CHEMBL4929,Serum amyloid P-component,CROSS-LINKING AGENT,Serum amyloid P-component cross-linking agent,2
CHEMBL578390,APX-3330,CCCCCCCCC/C(=C\C1=C(C)C(=O)C(OC)=C(OC)C1=O)C(=O)O,CHEMBL5619,DNA repair nuclease/redox regulator APEX1,INHIBITOR,DNA-(apurinic or apyrimidinic site) lyase inhibitor,2
CHEMBL328560,SULTHIAME,NS(=O)(=O)c1ccc(N2CCCCS2(=O)=O)cc1,CHEMBL2095180,Carbonic anhydrase,INHIBITOR,Carbonic anhydrase inhibitor,3
CHEMBL3786673,EDASALONEXENT,CC/C=C\C/C=C\C/C=C\C/C=C\C/C=C\C/C=C\CCC(=O)NCCNC(=O)c1ccccc1O,CHEMBL2094258,Nuclear factor NF-kappa-B complex,INHIBITOR,Nuclear factor NF-kappa-B complex inhibitor,3
CHEMBL296522,RENZAPRIDE,COc1cc(N)c(Cl)cc1C(=O)NC1CCN2CCCC1C2,CHEMBL2094132,Serotonin 3 (5-HT3) receptor,ANTAGONIST,Serotonin 3 (5-HT3) receptor antagonist,3
CHEMBL1834657,INFIGRATINIB PHOSPHATE,CCN1CCN(c2ccc(Nc3cc(N(C)C(=O)Nc4c(Cl)c(OC)cc(OC)c4Cl)ncn3)cc2)CC1.O=P(O)(O)O,CHEMBL2095217,Fibroblast growth factor receptor,INHIBITOR,Fibroblast growth factor receptor inhibitor,4
CHEMBL2105756,TIVOZANIB HYDROCHLORIDE,COc1cc2nccc(Oc3ccc(NC(=O)Nc4cc(C)on4)c(Cl)c3)c2cc1OC.Cl.O,CHEMBL2095227,Vascular endothelial growth factor receptor,INHIBITOR,Vascular endothelial growth factor receptor inhibitor,4
CHEMBL2402904,FELCISETRAG,COC(=O)N1CCC(CN2CCC(CNC(=O)c3cccc4[nH]c(C(C)C)nc34)CC2)CC1,CHEMBL1875,5-hydroxytryptamine receptor 4,AGONIST,Serotonin 4 (5-HT4) receptor agonist,2
CHEMBL1922235,DAREXABAN,COc1ccc(C(=O)Nc2cccc(O)c2NC(=O)c2ccc(N3CCCN(C)CC3)cc2)cc1,CHEMBL244,Coagulation factor X,INHIBITOR,Coagulation factor X inhibitor,3
CHEMBL4298168,IBREXAFUNGERP CITRATE,CC(C)[C@@H](C)[C@@]1(C)CC[C@]2(C)[C@H]3CC[C@@H]4[C@@]5(COC[C@@]4(C)[C@@H](OC[C@](C)(N)C(C)(C)C)[C@H](n4ncnc4-c4ccncc4)C5)C3=CC[C@@]2(C)[C@@H]1C(=O)O.O=C(O)CC(O)(CC(=O)O)C(=O)O,CHEMBL2364673,"1,3-beta-glucan synthase",INHIBITOR,"1,3-beta-glucan synthase inhibitor",4
CHEMBL223402,RSV-604,O=C(Nc1ccccc1F)N[C@H]1N=C(c2ccccc2)c2ccccc2NC1=O,CHEMBL4105793,Nucleoprotein,INHIBITOR,Nucleoprotein inhibitor,2
CHEMBL4468815,ZIRESOVIR,Cc1ccc2nc(N3CCS(=O)(=O)c4ccccc4C3)nc(NCC3(N)COC3)c2c1,CHEMBL2364165,Fusion glycoprotein F0,INHIBITOR,Fusion glycoprotein F0 inhibitor,3
CHEMBL4297462,CFI-400945,COc1ccc2c(c1)[C@]1(C[C@H]1c1ccc3c(/C=C/c4ccc(CN5C[C@@H](C)O[C@@H](C)C5)cc4)n[nH]c3c1)C(=O)N2.O=C(O)/C=C/C(=O)O,CHEMBL3788,Serine/threonine-protein kinase PLK4,INHIBITOR,Serine/threonine-protein kinase PLK4 inhibitor,2
CHEMBL2106499,VALTORCITABINE,CC(C)[C@H](N)C(=O)O[C@@H]1C[C@@H](n2ccc(N)nc2=O)O[C@H]1CO,CHEMBL2363048,DNA,INHIBITOR,DNA inhibitor,2
CHEMBL3544978,ZOLIFLODACIN,C[C@@H]1CN2c3c(cc4c(N5C(=O)OC[C@@H]5C)noc4c3F)CC3(C(=O)NC(=O)NC3=O)[C@H]2[C@H](C)O1,CHEMBL2363077,Topoisomerase IV,INHIBITOR,Topoisomerase IV inhibitor,3
CHEMBL2111051,TALSACLIDINE,C#CCO[C@H]1CN2CCC1CC2,CHEMBL245,Muscarinic acetylcholine receptor M3,PARTIAL AGONIST,Muscarinic acetylcholine receptor M3 partial agonist,2
CHEMBL4130229,VODOBATINIB,Cc1ccc(C(=O)NNC(=O)c2c(C)cccc2Cl)cc1C#Cc1cnc2ccccc2c1,CHEMBL1862,Tyrosine-protein kinase ABL1,INHIBITOR,Tyrosine-protein kinase ABL inhibitor,2
CHEMBL563646,EVATANEPAG,CC(C)(C)c1ccc(CN(Cc2cccc(OCC(=O)O)c2)S(=O)(=O)c2cccnc2)cc1,CHEMBL1881,Prostaglandin E2 receptor EP2 subtype,AGONIST,Prostanoid EP2 receptor agonist,2
CHEMBL2105756,TIVOZANIB HYDROCHLORIDE,COc1cc2nccc(Oc3ccc(NC(=O)Nc4cc(C)on4)c(Cl)c3)c2cc1OC.Cl.O,CHEMBL1936,Mast/stem cell growth factor receptor Kit,INHIBITOR,Stem cell growth factor receptor inhibitor,4
CHEMBL3989794,DAGLUTRIL,CCOC(=O)[C@H](CCCc1ccccc1)C1(C(=O)N[C@H]2CCc3ccccc3N(CC(=O)O)C2=O)CCCC1,CHEMBL1944,Neprilysin,INHIBITOR,Neprilysin inhibitor,2
CHEMBL4475463,AMCENESTRANT,O=C(O)c1ccc2c(c1)CCCC(c1ccc(Cl)cc1Cl)=C2c1ccc(O[C@H]2CCN(CCCF)C2)cc1,CHEMBL206,Estrogen receptor,DEGRADER,Estrogen receptor alpha degrader,3
CHEMBL4297650,BRIMAPITIDE,CC(C)C[C@@H](NC(=O)[C@@H](Cc1ccccc1)NC(=O)[C@H]1CCCN1C(=O)[C@@H](CCC(N)=O)NC(=O)[C@H](NC(=O)[C@H]1CCCN1C(=O)[C@@H](CCCNC(=N)N)NC(=O)[C@@H](CO)NC(=O)[C@@H](CCC(N)=O)NC(=O)[C@H](N)CC(=O)O)C(C)C)C(=O)N[C@H](CC(N)=O)C(=O)N[C@H](CC(C)C)C(=O)N[C@@H](C(=O)N[C@@H](C(=O)N1CCC[C@@H]1C(=O)N[C@H](CCCNC(=N)N)C(=O)N[C@H](CCCCN)C(=O)N1CCC[C@@H]1C(=O)N[C@H](CCCNC(=N)N)C(=O)N1CCC[C@@H]1C(=O)N1CCC[C@@H]1C(=O)N[C@H](CCCNC(=N)N)C(=O)N[C@H](CCCNC(=N)N)C(=O)N[C@H](CCCNC(=N)N)C(=O)N[C@H](CCC(N)=O)C(=O)N[C@H](CCCNC(=N)N)C(=O)N[C@H](CCCNC(=N)N)C(=O)N[C@H](CCCCN)C(=O)N[C@H](CCCCN)C(=O)N[C@H](CCCNC(=N)N)C(=O)NCC(N)=O)[C@H](C)O)[C@H](C)O,CHEMBL2637,Mitogen-activated protein kinase 10,INHIBITOR,c-Jun N-terminal kinase 3 inhibitor,3
CHEMBL3989936,VILAPRISAN,C[C@]12C[C@H](c3ccc(S(C)(=O)=O)cc3)C3=C4CCC(=O)C=C4CC[C@H]3[C@@H]1CC[C@@]2(O)C(F)(F)C(F)(F)F,CHEMBL208,Progesterone receptor,MODULATOR,Progesterone receptor modulator,3
CHEMBL4297648,SELETALISIB,[O-][n+]1cccc(-c2nc3c(Cl)cccc3cc2[C@@H](Nc2ncnc3cccnc23)C(F)(F)F)c1,CHEMBL3130,"Phosphatidylinositol 4,5-bisphosphate 3-kinase catalytic subunit delta isoform",INHIBITOR,PI3-kinase p110-delta subunit inhibitor,2
CHEMBL2402737,IDASANUTLIN,COc1cc(C(=O)O)ccc1NC(=O)[C@@H]1N[C@@H](CC(C)(C)C)[C@](C#N)(c2ccc(Cl)cc2F)[C@H]1c1cccc(Cl)c1F,CHEMBL1907611,Tumour suppressor p53/oncoprotein Mdm2,INHIBITOR,Tumour suppressor p53/oncoprotein Mdm2 inhibitor,3
CHEMBL252164,LUMINESPIB,CCNC(=O)c1noc(-c2cc(C(C)C)c(O)cc2O)c1-c1ccc(CN2CCOCC2)cc1,CHEMBL2095165,Heat shock protein HSP90,INHIBITOR,Heat shock protein HSP90 inhibitor,2
CHEMBL2316582,OLVEREMBATINIB,Cc1ccc(C(=O)Nc2ccc(CN3CCN(C)CC3)c(C(F)(F)F)c2)cc1C#Cc1cnc2[nH]ncc2c1,CHEMBL2096618,Bcr/Abl fusion protein,INHIBITOR,Bcr/Abl fusion protein inhibitor,3
CHEMBL4297523,PIROMELATINE,COc1ccc2[nH]cc(CCNC(=O)c3cc(=O)cco3)c2c1,CHEMBL2094268,Melatonin receptor,AGONIST,Melatonin receptor agonist,2
CHEMBL4297521,PADSEVONIL,COCc1nn2c(CN3C[C@@H](CC(F)(F)Cl)CC3=O)c(C(F)(F)F)nc2s1,CHEMBL2093872,GABA-A receptor; anion channel,PARTIAL AGONIST,GABA-A receptor; anion channel partial agonist,3
CHEMBL221886,SISOMICIN,CN[C@@H]1[C@@H](O)[C@@H](O[C@@H]2[C@@H](O)[C@H](O[C@H]3OC(CN)=CC[C@H]3N)[C@@H](N)C[C@H]2N)OC[C@]1(C)O,CHEMBL2363135,Bacterial 70S ribosome,INHIBITOR,Bacterial 70S ribosome inhibitor,3
CHEMBL4594304,DANICAMTIV,Cn1cc(S(=O)(=O)[C@@](C)(F)C2CCN(C(=O)Nc3ccon3)CC2)c(C(F)F)n1,CHEMBL3831286,Cardiac myosin,ACTIVATOR,Cardiac myosin activator,2
CHEMBL21536,XANOMELINE,CCCCCCOc1nsnc1C1=CCCN(C)C1,CHEMBL1821,Muscarinic acetylcholine receptor M4,AGONIST,Muscarinic acetylcholine receptor M4 agonist,4
CHEMBL21536,XANOMELINE,CCCCCCOc1nsnc1C1=CCCN(C)C1,CHEMBL216,Muscarinic acetylcholine receptor M1,AGONIST,Muscarinic acetylcholine receptor M1 agonist,4
CHEMBL4297293,JNJ-18038683,Clc1ccc(-c2nn(Cc3ccccc3)c3c2CCNCC3)cc1.O=C(O)CC(O)(CC(=O)O)C(=O)O,CHEMBL3155,5-hydroxytryptamine receptor 7,ANTAGONIST,Serotonin 7 (5-HT7) receptor antagonist,2
CHEMBL3305901,MK-0812,CO[C@@H]1COCC[C@@H]1N[C@@H]1CC[C@@](C(=O)N2CCc3ncc(C(F)(F)F)cc3C2)(C(C)C)C1,CHEMBL4015,C-C chemokine receptor type 2,ANTAGONIST,C-C chemokine receptor type 2 antagonist,2
CHEMBL3260567,VACTOSERTIB,Cc1cccc(-c2[nH]c(CNc3ccccc3F)nc2-c2ccc3ncnn3c2)n1,CHEMBL4439,TGF-beta receptor type-1,INHIBITOR,TGF-beta receptor type I inhibitor,2
CHEMBL3989794,DAGLUTRIL,CCOC(=O)[C@H](CCCc1ccccc1)C1(C(=O)N[C@H]2CCc3ccccc3N(CC(=O)O)C2=O)CCCC1,CHEMBL4791,Endothelin-converting enzyme 1,INHIBITOR,Endothelin-converting enzyme 1 inhibitor,2
CHEMBL4069704,RODATRISTAT ETHYL,CCOC(=O)[C@@H]1CC2(CCN(c3cc(O[C@H](c4ccc(Cl)cc4-c4ccccc4)C(F)(F)F)nc(N)n3)CC2)CN1,CHEMBL5689,Tryptophan 5-hydroxylase 1,INHIBITOR,Tryptophan 5-hydroxylase 1 inhibitor,2
CHEMBL488937,CG-400549,Cc1c(N)cccc1Cn1ccc(OCCc2cccs2)cc1=O,CHEMBL3994,Enoyl-[acyl-carrier-protein] reductase [NADPH] FabI,INHIBITOR,Enoyl-[acyl-carrier-protein] reductase (FabI) inhibitor,2
CHEMBL4297440,T-900607,COc1ccc(NS(=O)(=O)c2c(F)c(F)c(F)c(F)c2F)cc1NC(N)=O,CHEMBL2095182,Tubulin,DISRUPTING AGENT,Tubulin disrupting agent,2
CHEMBL4130229,VODOBATINIB,Cc1ccc(C(=O)NNC(=O)c2c(C)cccc2Cl)cc1C#Cc1cnc2ccccc2c1,CHEMBL2096618,Bcr/Abl fusion protein,INHIBITOR,Bcr/Abl fusion protein inhibitor,2
CHEMBL1255582,FIPAMEZOLE,CCC1(c2c[nH]cn2)Cc2ccc(F)cc2C1,CHEMBL2095158,Adrenergic receptor alpha-2,ANTAGONIST,Adrenergic receptor alpha-2 antagonist,2
CHEMBL245019,MIZORIBINE,NC(=O)c1ncn([C@@H]2O[C@H](CO)[C@@H](O)[C@H]2O)c1O,CHEMBL2111369,Inosine-5'-monophosphate dehydrogenase (IMPDH),INHIBITOR,Inosine-5'-monophosphate dehydrogenase (IMPDH) inhibitor,3
CHEMBL6067997,APILIMOD MESYLATE,COc1ccc(-c2nc(S(C)(=O)=O)[nH]c2-c2ccc(OC)cc2)cc1.CS(=O)(=O)O.CS(=O)(=O)O,CHEMBL1938222,1-phosphatidylinositol 3-phosphate 5-kinase,INHIBITOR,1-phosphatidylinositol 3-phosphate 5-kinase inhibitor,2
CHEMBL3426621,RIPASUDIL,C[C@H]1CNCCCN1S(=O)(=O)c1cccc2cncc(F)c12,CHEMBL2111459,Rho-associated protein kinase,INHIBITOR,Rho-associated protein kinase inhibitor,3
CHEMBL38380,FASUDIL,O=S(=O)(c1cccc2cnccc12)N1CCCNCC1,CHEMBL2111459,Rho-associated protein kinase,INHIBITOR,Rho-associated protein kinase inhibitor,3
CHEMBL2005186,BELUMOSUDIL,CC(C)NC(=O)COc1cccc(-c2nc(Nc3ccc4[nH]ncc4c3)c3ccccc3n2)c1,CHEMBL2973,Rho-associated protein kinase 2,INHIBITOR,Rho-associated protein kinase 2 inhibitor,4
CHEMBL4802130,BELUMOSUDIL MESYLATE,CC(C)NC(=O)COc1cccc(-c2nc(Nc3ccc4[nH]ncc4c3)c3ccccc3n2)c1.CS(=O)(=O)O,CHEMBL2111459,Rho-associated protein kinase,INHIBITOR,Rho-associated protein kinase inhibitor,4
CHEMBL2105749,SAMIDORPHAN L-MALATE,NC(=O)c1ccc2c(c1O)[C@]13CCN(CC4CC4)[C@H](C2)[C@]1(O)CCC(=O)C3.O=C(O)C[C@H](O)C(=O)O,CHEMBL237,Kappa-type opioid receptor,PARTIAL AGONIST,Kappa opioid receptor partial agonist,4
CHEMBL4594417,PRUXELUTAMIDE,CC1(C)C(=O)N(c2ccc(C#N)c(C(F)(F)F)c2F)C(=S)N1c1ccc(CCCc2ncco2)nc1,CHEMBL1871,Androgen receptor,ANTAGONIST,Androgen Receptor antagonist,3
CHEMBL296522,RENZAPRIDE,COc1cc(N)c(Cl)cc1C(=O)NC1CCN2CCCC1C2,CHEMBL1875,5-hydroxytryptamine receptor 4,AGONIST,Serotonin 4 (5-HT4) receptor agonist,3
CHEMBL1652128,LB80380,CC(C)(C)C(=O)OCOP(=O)(COC1(Cn2cnc3cnc(N)nc32)CC1)OCOC(=O)C(C)(C)C,CHEMBL2363048,DNA,DISRUPTING AGENT,DNA disrupting agent,2
CHEMBL4594438,LENACAPAVIR,CC(C)(C#Cc1ccc(-c2ccc(Cl)c3c(NS(C)(=O)=O)nn(CC(F)(F)F)c23)c([C@H](Cc2cc(F)cc(F)c2)NC(=O)Cn2nc(C(F)(F)F)c3c2C(F)(F)[C@@H]2C[C@H]32)n1)S(C)(=O)=O,CHEMBL2366504,Structural capsid protein,INHIBITOR,Structural capsid protein inhibitor,4
CHEMBL20883,TEGAFUR,O=c1[nH]c(=O)n(C2CCCO2)cc1F,CHEMBL2311222,RNA,INHIBITOR,RNA inhibitor,3
CHEMBL25336,BISANTRENE,C(=N/NC1=NCCN1)\c1c2ccccc2c(/C=N/NC2=NCCN2)c2ccccc12,CHEMBL2331065,Alpha-ketoglutarate-dependent dioxygenase FTO,INHIBITOR,Alpha-ketoglutarate-dependent dioxygenase FTO inhibitor,3
CHEMBL2106499,VALTORCITABINE,CC(C)[C@H](N)C(=O)O[C@@H]1C[C@@H](n2ccc(N)nc2=O)O[C@H]1CO,CHEMBL3833482,Protein P,INHIBITOR,Protein P inhibitor,2
CHEMBL4297594,VERDIPERSTAT,CC(C)OCCn1c(=S)[nH]c(=O)c2[nH]ccc21,CHEMBL2439,Myeloperoxidase,INHIBITOR,Myeloperoxidase inhibitor,3
CHEMBL267044,LEVOSULPIRIDE,CCN1CCC[C@H]1CNC(=O)c1cc(S(N)(=O)=O)ccc1OC,CHEMBL217,D(2) dopamine receptor,ANTAGONIST,Dopamine D2 receptor antagonist,2
CHEMBL399510,BROMOPRIDE,CCN(CC)CCNC(=O)c1cc(Br)c(N)cc1OC,CHEMBL217,D(2) dopamine receptor,ANTAGONIST,Dopamine D2 receptor antagonist,3
CHEMBL2105749,SAMIDORPHAN L-MALATE,NC(=O)c1ccc2c(c1O)[C@]13CCN(CC4CC4)[C@H](C2)[C@]1(O)CCC(=O)C3.O=C(O)C[C@H](O)C(=O)O,CHEMBL236,Delta-type opioid receptor,PARTIAL AGONIST,Delta opioid receptor partial agonist,4
CHEMBL52939,SARPOGRELATE,COc1cccc(CCc2ccccc2OCC(CN(C)C)OC(=O)CCC(=O)O)c1,CHEMBL224,5-hydroxytryptamine receptor 2A,ANTAGONIST,Serotonin 2a (5-HT2a) receptor antagonist,3
CHEMBL109831,DEXELVUCITABINE,Nc1nc(=O)n([C@H]2C=C[C@@H](CO)O2)cc1F,CHEMBL247,Human immunodeficiency virus type 1 reverse transcriptase,INHIBITOR,Human immunodeficiency virus type 1 reverse transcriptase inhibitor,2
CHEMBL175691,RILPIVIRINE,Cc1cc(/C=C/C#N)cc(C)c1Nc1ccnc(Nc2ccc(C#N)cc2)n1,CHEMBL247,Human immunodeficiency virus type 1 reverse transcriptase,INHIBITOR,Human immunodeficiency virus type 1 reverse transcriptase inhibitor,4
CHEMBL3421729,MEVIDALEN,C[C@H]1c2cccc(CCC(C)(C)O)c2C[C@H](CO)N1C(=O)Cc1c(Cl)cccc1Cl,CHEMBL2056,D(1A) dopamine receptor,POSITIVE ALLOSTERIC MODULATOR,Dopamine D1 receptor positive allosteric modulator,2
CHEMBL2105890,MITEMCINAL FUMARATE,CC[C@H]1OC(=O)[C@H](C)[C@@H](O[C@H]2C[C@@](C)(OC)[C@@H](O)[C@H](C)O2)[C@H](C)[C@@H](O[C@@H]2O[C@H](C)C[C@H](N(C)C(C)C)[C@H]2O)[C@@]2(C)CC(C)=C(O2)[C@H](C)C(=O)[C@]1(C)OC.O=C(O)/C=C/C(=O)O,CHEMBL2203,Motilin receptor,AGONIST,Motilin receptor agonist,2
CHEMBL2165615,NERIGLIATIN,Cc1cnc(NC(=O)c2cc(Oc3cnc(C(=O)N(C)C)nc3)c3cc(C)oc3c2)cn1,CHEMBL3820,Hexokinase-4,ACTIVATOR,Hexokinase type IV activator,2
CHEMBL1956285,DSM-265,Cc1cc(Nc2ccc(S(F)(F)(F)(F)F)cc2)n2nc(C(C)(F)F)nc2n1,CHEMBL3486,Dihydroorotate dehydrogenase,INHIBITOR,Dihydroorotate dehydrogenase inhibitor,2
CHEMBL4457723,BMS-741672,CC(C)N(C)[C@@H]1CC[C@H](N2CC[C@H](Nc3ncnc4ccc(C(F)(F)F)cc34)C2=O)[C@H](NS(C)(=O)=O)C1,CHEMBL4015,C-C chemokine receptor type 2,ANTAGONIST,C-C chemokine receptor type 2 antagonist,2
CHEMBL4101487,GALICAFTOR,O=C(O)c1ccc([C@H]2C[C@@H](NC(=O)C3(c4ccc5c(c4)OC(F)(F)O5)CC3)c3ccc(OC(F)F)cc3O2)cc1,CHEMBL4051,Cystic fibrosis transmembrane conductance regulator,POSITIVE MODULATOR,Cystic fibrosis transmembrane conductance regulator positive modulator,2
CHEMBL3669417,BI-187004,N#Cc1ccc2c(c1)[C@H]1CCCN(C(=O)c3ccc4[nH]cnc4c3)[C@H]1C2,CHEMBL4235,11-beta-hydroxysteroid dehydrogenase 1,INHIBITOR,11-beta-hydroxysteroid dehydrogenase 1 inhibitor,2
CHEMBL4297457,BMS-823778,CC(C)(O)c1cccn2c(C3(c4ccc(Cl)cc4)CC3)nnc12.Cl,CHEMBL4235,11-beta-hydroxysteroid dehydrogenase 1,INHIBITOR,11-beta-hydroxysteroid dehydrogenase 1 inhibitor,2
CHEMBL519846,RO-0622,[N-]=[N+]=N[C@]1(CO)O[C@@H](n2ccc(N)nc2=O)[C@@H](F)[C@@H]1O,CHEMBL1681630,Reverse transcriptase,INHIBITOR,Reverse transcriptase inhibitor,3
CHEMBL3989943,DAPANSUTRILE,CS(=O)(=O)CCC#N,CHEMBL1741208,"NACHT, LRR and PYD domains-containing protein 3",INHIBITOR,"NACHT, LRR and PYD domains-containing protein 3 inhibitor",2
CHEMBL2111051,TALSACLIDINE,C#CCO[C@H]1CN2CCC1CC2,CHEMBL211,Muscarinic acetylcholine receptor M2,PARTIAL AGONIST,Muscarinic acetylcholine receptor M2 partial agonist,2
CHEMBL573352,TAS-106,C#C[C@@]1(O)[C@@H](CO)O[C@@H](n2ccc(N)nc2=O)[C@@H]1O,CHEMBL3286067,DNA-directed RNA polymerase I subunit RPA1,INHIBITOR,DNA-directed RNA polymerase I subunit RPA1 inhibitor,2
CHEMBL4297661,TARLOXOTINIB,Cn1cnc([N+](=O)[O-])c1C[N+](C)(C)C/C=C/C(=O)Nc1cc2c(Nc3ccc(Cl)c(Br)c3)ncnc2cn1,CHEMBL2363049,Epidermal growth factor receptor,INHIBITOR,Epidermal growth factor receptor inhibitor,2
CHEMBL262777,VANCOMYCIN,CN[C@H](CC(C)C)C(=O)N[C@H]1C(=O)N[C@@H](CC(N)=O)C(=O)N[C@H]2C(=O)N[C@H]3C(=O)N[C@H](C(=O)N[C@H](C(=O)O)c4cc(O)cc(O)c4-c4cc3ccc4O)[C@H](O)c3ccc(c(Cl)c3)Oc3cc2cc(c3O[C@@H]2O[C@H](CO)[C@@H](O)[C@H](O)[C@H]2O[C@H]2C[C@](C)(N)[C@H](O)[C@H](C)O2)Oc2ccc(cc2Cl)[C@H]1O,CHEMBL3041361,Peptidoglycan,INHIBITOR,Peptidoglycan inhibitor,4
CHEMBL4650349,CHIGLITAZAR,O=C(c1ccc(F)cc1)c1ccccc1N[C@@H](Cc1ccc(OCCn2c3ccccc3c3ccccc32)cc1)C(=O)O,CHEMBL3559683,Peroxisome proliferator-activated receptor,AGONIST,Peroxisome proliferator-activated receptor agonist,3
CHEMBL3989966,CONTEZOLID ACEFOSAMIL,CC(=O)OP(=O)([O-])N(C[C@H]1CN(c2cc(F)c(N3C=CC(=O)CC3)c(F)c2F)C(=O)O1)c1ccon1.[Na+],CHEMBL2363135,Bacterial 70S ribosome,INHIBITOR,Bacterial 70S ribosome inhibitor,3
CHEMBL4594350,ADAGRASIB,C=C(F)C(=O)N1CCN(c2nc(OC[C@@H]3CCCN3C)nc3c2CCN(c2cccc4cccc(Cl)c24)C3)C[C@@H]1CC#N,CHEMBL2189121,GTPase KRas,INHIBITOR,GTPase KRas inhibitor,4
CHEMBL447629,MITOBRONITOL,O[C@@H]([C@H](O)[C@H](O)CBr)[C@H](O)CBr,CHEMBL2311221,DNA,DISRUPTING AGENT,DNA disrupting agent,2
CHEMBL529437,COCAINE HYDROCHLORIDE,COC(=O)[C@H]1[C@@H](OC(=O)c2ccccc2)C[C@@H]2CC[C@H]1N2C.Cl,CHEMBL2331043,Sodium channel alpha subunit,BLOCKER,Sodium channel alpha subunit blocker,4
CHEMBL284483,COFORMYCIN,OC[C@H]1O[C@@H](n2cnc3c2N=CNC[C@H]3O)[C@H](O)[C@@H]1O,CHEMBL1910,Adenosine deaminase,INHIBITOR,Adenosine deaminase inhibitor,2
CHEMBL232202,ARBUTIN,OC[C@H]1O[C@@H](Oc2ccc(O)cc2)[C@H](O)[C@@H](O)[C@@H]1O,CHEMBL1973,Tyrosinase,INHIBITOR,Tyrosinase inhibitor,2
CHEMBL1254025,NOLASIBAN,CO/N=C1/C[C@@H](CO)N(C(=O)c2ccc(-c3ccccc3C)cc2)C1,CHEMBL2049,Oxytocin receptor,ANTAGONIST,Oxytocin receptor antagonist,3
CHEMBL2165620,PF-04991532,O=C(O)c1ccc(NC(=O)[C@H](CC2CCCC2)n2cnc(C(F)(F)F)c2)nc1,CHEMBL3820,Hexokinase-4,ACTIVATOR,Hexokinase type IV activator,2
CHEMBL3828074,ZIRITAXESTAT,CCc1nc2c(C)cc(N3CCN(CC(=O)N4CC(O)C4)CC3)cn2c1N(C)c1nc(-c2ccc(F)cc2)c(C#N)s1,CHEMBL3691,Autotaxin,INHIBITOR,Autotaxin inhibitor,3
CHEMBL88712,VELIFLAPON,O=C(O)[C@@H](c1ccc(OCc2ccc3ccccc3n2)cc1)C1CCCC1,CHEMBL4550,Arachidonate 5-lipoxygenase-activating protein,INHIBITOR,5-lipoxygenase activating protein inhibitor,3
CHEMBL4297604,ACEBILUSTAT,O=C(O)c1ccc(CN2C[C@@H]3C[C@H]2CN3Cc2ccc(Oc3ccc(-c4ncco4)cc3)cc2)cc1,CHEMBL4618,Leukotriene A-4 hydrolase,INHIBITOR,Leukotriene A4 hydrolase inhibitor,2
CHEMBL4563522,FE 203799,CCCC[C@H](NC(=O)[C@H](CCC(=O)O)NC(=O)[C@H](CC(=O)O)NC(=O)[C@H](CO)NC(=O)[C@H](Cc1ccccc1)NC(=O)[C@H](CO)NC(=O)CNC(=O)[C@H](CC(=O)O)NC(=O)CNC(=O)[C@@H](N)Cc1cnc[nH]1)C(=O)N[C@H](Cc1ccccc1)C(=O)N[C@H](C(=O)N[C@H](C(=O)N[C@@H](CC(C)C)C(=O)N[C@@H](CC(=O)O)C(=O)N[C@@H](CC(C)C)C(=O)N[C@@H](CC(C)C)C(=O)N[C@@H](C)C(=O)N[C@@H](C)C(=O)N[C@@H](CCCNC(=N)N)C(=O)N[C@@H](CC(=O)O)C(=O)N[C@@H](Cc1ccccc1)C(=O)N[C@H](C(=O)N[C@@H](CC(N)=O)C(=O)N[C@@H](Cc1c[nH]c2ccccc12)C(=O)N[C@@H](CC(C)C)C(=O)N[C@H](C(=O)N[C@@H](CCC(N)=O)C(=O)N[C@H](C(=O)N[C@@H](CCCCN)C(=O)N[C@H](C(=O)N[C@H](C(=O)N[C@@H](CC(=O)O)C(N)=O)[C@@H](C)O)[C@@H](C)CC)[C@@H](C)O)[C@@H](C)CC)[C@@H](C)CC)[C@@H](C)CC)[C@@H](C)O,CHEMBL5844,Glucagon-like peptide 2 receptor,AGONIST,Glucagon-like peptide 2 receptor agonist,3
CHEMBL245019,MIZORIBINE,NC(=O)c1ncn([C@@H]2O[C@H](CO)[C@@H](O)[C@H]2O)c1O,CHEMBL5721,GMP synthase [glutamine-hydrolyzing],INHIBITOR,GMP synthase [glutamine-hydrolyzing] inhibitor,3
CHEMBL573352,TAS-106,C#C[C@@]1(O)[C@@H](CO)O[C@@H](n2ccc(N)nc2=O)[C@@H]1O,CHEMBL1641353,DNA-directed RNA polymerase II subunit RPB1,INHIBITOR,DNA-directed RNA polymerase II subunit RPB1 inhibitor,2
CHEMBL4594454,RIPASUDIL HYDROCHLORIDE DIHYDRATE,C[C@H]1CNCCCN1S(=O)(=O)c1cccc2cncc(F)c12.Cl.O.O,CHEMBL2111459,Rho-associated protein kinase,INHIBITOR,Rho-associated protein kinase inhibitor,2
CHEMBL88055,RIMITEROL,Oc1ccc(C(O)C2CCCCN2)cc1O,CHEMBL210,Beta-2 adrenergic receptor,AGONIST,Beta-2 adrenergic receptor agonist,2
CHEMBL2107546,BUCINDOLOL HYDROCHLORIDE,CC(C)(Cc1c[nH]c2ccccc12)NCC(O)COc1ccccc1C#N.Cl,CHEMBL210,Beta-2 adrenergic receptor,ANTAGONIST,Beta-2 adrenergic receptor antagonist,2
CHEMBL4298168,IBREXAFUNGERP CITRATE,CC(C)[C@@H](C)[C@@]1(C)CC[C@]2(C)[C@H]3CC[C@@H]4[C@@]5(COC[C@@]4(C)[C@@H](OC[C@](C)(N)C(C)(C)C)[C@H](n4ncnc4-c4ccncc4)C5)C3=CC[C@@]2(C)[C@@H]1C(=O)O.O=C(O)CC(O)(CC(=O)O)C(=O)O,CHEMBL2364674,"1,3-beta-glucan synthase",INHIBITOR,"1,3-beta-glucan synthase inhibitor",4
CHEMBL2107763,ODIPARCIL,Cc1cc(=O)oc2cc(O[C@@H]3SC[C@@H](O)[C@H](O)[C@H]3O)ccc12,CHEMBL3991481,Glycosaminoglycans,MODULATOR,Glycosaminoglycans modulator,2
CHEMBL4650343,IZENCITINIB,Cc1cc(Nc2cc3ncccc3c(N[C@@H]3C[C@H]4CC[C@@H](C3)N4CCC#N)n2)n[nH]1,CHEMBL2363062,Janus Kinase (JAK),INHIBITOR,Janus Kinase (JAK) inhibitor,2
CHEMBL3137691,QUINUPRISTIN/DALFOPRISTIN,CCN(CC)CCS(=O)(=O)[C@@H]1CCN2C(=O)c3coc(n3)CC(=O)C[C@H](O)/C=C(C)/C=C/CNC(=O)/C=C/[C@@H](C)[C@@H](C(C)C)OC(=O)[C@@H]12.CC[C@H]1NC(=O)[C@@H](NC(=O)c2ncccc2O)[C@@H](C)OC(=O)[C@H](c2ccccc2)NC(=O)[C@@H]2CC(=O)[C@H](CS[C@@H]3CN4CCC3CC4)CN2C(=O)[C@H](Cc2ccc(N(C)C)cc2)N(C)C(=O)[C@@H]2CCCN2C1=O,CHEMBL2363135,Bacterial 70S ribosome,INHIBITOR,Bacterial 70S ribosome inhibitor,3
CHEMBL460287,ETOGLUCID,C(COCCOCC1CO1)OCCOCC1CO1,CHEMBL2311221,DNA,CROSS-LINKING AGENT,DNA cross-linking agent,2
CHEMBL12948,SEMUSTINE,CC1CCC(NC(=O)N(CCCl)N=O)CC1,CHEMBL2311221,DNA,CROSS-LINKING AGENT,DNA cross-linking agent,3
CHEMBL203321,BRINCIDOFOVIR,CCCCCCCCCCCCCCCCOCCCOP(=O)(O)CO[C@H](CO)Cn1ccc(N)nc1=O,CHEMBL3988586,DNA polymerase,INHIBITOR,DNA polymerase inhibitor,4
CHEMBL519846,RO-0622,[N-]=[N+]=N[C@]1(CO)O[C@@H](n2ccc(N)nc2=O)[C@@H](F)[C@@H]1O,CHEMBL4523582,Replicase polyprotein 1ab,INHIBITOR,Replicase polyprotein 1ab inhibitor,3
CHEMBL4297348,"BRIMAPITIDE, C-TERMINAL ACID",CC(C)C[C@@H](NC(=O)[C@@H](Cc1ccccc1)NC(=O)[C@H]1CCCN1C(=O)[C@@H](CCC(N)=O)NC(=O)[C@H](NC(=O)[C@H]1CCCN1C(=O)[C@@H](CCCNC(=N)N)NC(=O)[C@@H](CO)NC(=O)[C@@H](CCC(N)=O)NC(=O)[C@H](N)CC(=O)O)C(C)C)C(=O)N[C@H](CC(N)=O)C(=O)N[C@H](CC(C)C)C(=O)N[C@@H](C(=O)N[C@@H](C(=O)N1CCC[C@@H]1C(=O)N[C@H](CCCNC(=N)N)C(=O)N[C@H](CCCCN)C(=O)N1CCC[C@@H]1C(=O)N[C@H](CCCNC(=N)N)C(=O)N1CCC[C@@H]1C(=O)N1CCC[C@@H]1C(=O)N[C@H](CCCNC(=N)N)C(=O)N[C@H](CCCNC(=N)N)C(=O)N[C@H](CCCNC(=N)N)C(=O)N[C@H](CCC(N)=O)C(=O)N[C@H](CCCNC(=N)N)C(=O)N[C@H](CCCNC(=N)N)C(=O)N[C@H](CCCCN)C(=O)N[C@H](CCCCN)C(=O)N[C@H](CCCNC(=N)N)C(=O)NCC(=O)O)[C@H](C)O)[C@H](C)O,CHEMBL2637,Mitogen-activated protein kinase 10,INHIBITOR,c-Jun N-terminal kinase 3 inhibitor,3
CHEMBL17879,MARALIXIBAT CHLORIDE,CCCCC1(CCCC)CS(=O)(=O)c2ccc(N(C)C)cc2[C@@H](c2ccc(OCc3ccc(C[N+]45CCN(CC4)CC5)cc3)cc2)[C@H]1O.[Cl-],CHEMBL2778,Ileal sodium/bile acid cotransporter,INHIBITOR,Ileal bile acid transporter inhibitor,4
CHEMBL4297452,YM-543,C[N+](C)(C)CCO.[O-]c1ccc(Cc2cc3cccccc-3c2)cc1[C@@H]1O[C@H](CO)[C@@H](O)[C@H](O)[C@H]1O,CHEMBL3884,Sodium/glucose cotransporter 2,INHIBITOR,Sodium/glucose cotransporter 2 inhibitor,2
CHEMBL4435170,DEUCRAVACITINIB,[2H]C([2H])([2H])NC(=O)c1nnc(NC(=O)C2CC2)cc1Nc1cccc(-c2ncn(C)n2)c1OC,CHEMBL3553,Non-receptor tyrosine-protein kinase TYK2,NEGATIVE ALLOSTERIC MODULATOR,Tyrosine-protein kinase TYK2 negative allosteric modulator,4
CHEMBL4297649,OLACAFTOR,CC(C)COc1cc(F)cc(-c2ccc(C(=O)NS(=O)(=O)c3ccccc3)c(N3C[C@@H](C)CC3(C)C)n2)c1,CHEMBL4051,Cystic fibrosis transmembrane conductance regulator,POSITIVE MODULATOR,Cystic fibrosis transmembrane conductance regulator positive modulator,2
CHEMBL3989948,LANABECESTAT,CC#Cc1cncc(-c2ccc3c(c2)[C@@]2(N=C(C)C(N)=N2)[C@]2(CC[C@H](OC)CC2)C3)c1,CHEMBL4822,Beta-secretase 1,INHIBITOR,Beta-secretase 1 inhibitor,3
CHEMBL4650321,ORELABRUTINIB,C=CC(=O)N1CCC(c2ccc(C(N)=O)c(-c3ccc(Oc4ccccc4)cc3)n2)CC1,CHEMBL5251,Tyrosine-protein kinase BTK,INHIBITOR,Tyrosine-protein kinase BTK inhibitor,3
CHEMBL2160007,PSI-352938,CCOc1nc(N)nc2c1ncn2[C@@H]1O[C@@H]2COP(=O)(OC(C)C)O[C@H]2[C@@]1(C)F,CHEMBL4296320,RNA-directed RNA polymerase,INHIBITOR,RNA-directed RNA polymerase inhibitor,2
CHEMBL1957287,TEGOBUVIR,Fc1ccccc1-c1nc2ccn(Cc3ccc(-c4ccc(C(F)(F)F)cc4C(F)(F)F)nn3)cc-2n1,CHEMBL4296320,RNA-directed RNA polymerase,INHIBITOR,RNA-directed RNA polymerase inhibitor,2
CHEMBL577294,2-HYDROXYPROPYL-BETA-CYCLODEXTRIN,CC(O)COC[C@H]1O[C@@H]2O[C@H]3[C@H](O)[C@@H](O)[C@@H](O[C@H]4[C@H](O)[C@@H](O)[C@@H](O[C@H]5[C@H](O)[C@@H](O)[C@@H](O[C@H]6[C@H](O)[C@@H](O)[C@@H](O[C@H]7[C@H](O)[C@@H](O)[C@@H](O[C@H]8[C@H](O)[C@@H](O)[C@@H](O[C@H]1[C@H](O)[C@H]2O)O[C@@H]8COCC(C)O)O[C@@H]7COCC(C)O)O[C@@H]6COCC(C)O)O[C@@H]5COCC(C)O)O[C@@H]4COCC(C)O)O[C@@H]3COCC(C)O,CHEMBL4651303,Cholesterol,SEQUESTERING AGENT,Cholesterol sequestering agent,3
CHEMBL1076903,VARENICLINE,c1cnc2cc3c(cc2n1)[C@@H]1CNC[C@H]3C1,CHEMBL1907589,Neuronal acetylcholine receptor; alpha4/beta2,PARTIAL AGONIST,Neuronal acetylcholine receptor; alpha4/beta2 partial agonist,4
CHEMBL10316,IDAZOXAN,c1ccc2c(c1)OCC(C1=NCCN1)O2,CHEMBL2095158,Adrenergic receptor alpha-2,ANTAGONIST,Adrenergic receptor alpha-2 antagonist,3
CHEMBL451930,PLITIDEPSIN,CC[C@H](C)[C@H]1NC(=O)[C@@H](NC(=O)[C@@H](CC(C)C)N(C)C(=O)[C@@H]2CCCN2C(=O)C(C)=O)[C@@H](C)OC(=O)[C@H](Cc2ccc(OC)cc2)N(C)C(=O)[C@@H]2CCCN2C(=O)[C@H](CC(C)C)NC(=O)[C@@H](C)C(=O)[C@H](C(C)C)OC(=O)C[C@@H]1O,CHEMBL1795122,Elongation factor 1-alpha 2,INHIBITOR,Elongation factor 1-alpha 2 inhibitor,4
CHEMBL4297427,SCH-486757,O[C@]1(c2ncccn2)C[C@H]2CC[C@@H](C1)N2C(c1ccccc1Cl)c1ccccc1Cl,CHEMBL2014,Nociceptin receptor,AGONIST,Nociceptin receptor agonist,2
CHEMBL4279047,VORASIDENIB,C[C@@H](Nc1nc(N[C@H](C)C(F)(F)F)nc(-c2cccc(Cl)n2)n1)C(F)(F)F,CHEMBL4523659,IDH1/IDH2,INHIBITOR,IDH1/IDH2 inhibitor,4
CHEMBL1410,NONOXYNOL 9,CCCCCCCCCc1ccc(OCCOCCOCCOCCOCCOCCOCCOCCOCCO)cc1,CHEMBL3390826,Cell membrane,DISRUPTING AGENT,Cell membrane disrupting agent,4
CHEMBL453514,SPIRAMYCIN,CO[C@@H]1[C@@H](O[C@@H]2O[C@H](C)[C@@H](O[C@H]3C[C@@](C)(O)[C@@H](O)[C@H](C)O3)[C@H](N(C)C)[C@H]2O)[C@@H](CC=O)C[C@@H](C)[C@@H](O[C@H]2CC[C@H](N(C)C)[C@@H](C)O2)/C=C/C=C/C[C@@H](C)OC(=O)C[C@H]1O,CHEMBL2363135,Bacterial 70S ribosome,INHIBITOR,Bacterial 70S ribosome inhibitor,3
CHEMBL2218861,QUINAGOLIDE,CCCN1CC(NS(=O)(=O)N(CC)CC)CC2Cc3c(O)cccc3CC21,CHEMBL217,D(2) dopamine receptor,AGONIST,Dopamine D2 receptor agonist,4
CHEMBL2105756,TIVOZANIB HYDROCHLORIDE,COc1cc2nccc(Oc3ccc(NC(=O)Nc4cc(C)on4)c(Cl)c3)c2cc1OC.Cl.O,CHEMBL1913,Platelet-derived growth factor receptor beta,INHIBITOR,Platelet-derived growth factor receptor beta inhibitor,4
CHEMBL1267,LERIGLITAZONE,CC(O)c1ccc(CCOc2ccc(CC3SC(=O)NC3=O)cc2)nc1,CHEMBL235,Peroxisome proliferator-activated receptor gamma,AGONIST,Peroxisome proliferator-activated receptor gamma agonist,3
CHEMBL519846,RO-0622,[N-]=[N+]=N[C@]1(CO)O[C@@H](n2ccc(N)nc2=O)[C@@H](F)[C@@H]1O,CHEMBL247,Human immunodeficiency virus type 1 reverse transcriptase,INHIBITOR,Human immunodeficiency virus type 1 reverse transcriptase inhibitor,3
CHEMBL3746388,TERN-101,Cn1cc(C(=O)O)c2ccc(N3CCC(OCc4c(-c5c(Cl)cccc5Cl)noc4C4CC4)CC3)cc21,CHEMBL2047,Bile acid receptor,AGONIST,Bile acid receptor FXR agonist,2
CHEMBL4650316,GIREDESTRANT,C[C@@H]1Cc2c([nH]c3ccccc23)[C@@H](c2c(F)cc(NC3CN(CCCF)C3)cc2F)N1CC(F)(F)CO,CHEMBL206,Estrogen receptor,DEGRADER,Estrogen receptor alpha degrader,3
CHEMBL2104969,GIRIPLADIB,O=C(O)c1ccc(CCCc2c(CCNS(=O)(=O)Cc3ccccc3C(F)(F)F)n(C(c3ccccc3)c3ccccc3)c3ccc(Cl)cc23)cc1,CHEMBL3816,Cytosolic phospholipase A2,INHIBITOR,Cytosolic phospholipase A2 inhibitor,2
CHEMBL4297302,MK-0941,CCS(=O)(=O)c1ccc(Oc2cc(O[C@@H](C)CO)cc(C(=O)Nc3ccn(C)n3)c2)cn1.CS(=O)(=O)O,CHEMBL3820,Hexokinase-4,ACTIVATOR,Hexokinase type IV activator,2
CHEMBL8030,TOLIMIDONE,Cc1cccc(Oc2cnc(=O)[nH]c2)c1,CHEMBL3905,Tyrosine-protein kinase Lyn,POSITIVE ALLOSTERIC MODULATOR,Tyrosine-protein kinase Lyn positive allosteric modulator,2
CHEMBL2029422,PF-4136309,O=C(NCC(=O)N1CC[C@H](N[C@H]2CC[C@@](O)(c3ccc(-c4ncccn4)cn3)CC2)C1)c1cccc(C(F)(F)F)c1,CHEMBL4015,C-C chemokine receptor type 2,ANTAGONIST,C-C chemokine receptor type 2 antagonist,2
CHEMBL1738699,N6022,Cc1cc(C(N)=O)ccc1-n1c(CCC(=O)O)ccc1-c1ccc(-n2ccnc2)cc1,CHEMBL4116,Alcohol dehydrogenase class-3,INHIBITOR,Alcohol dehydrogenase class III inhibitor,3
CHEMBL4297333,VB-201,CCCCCCCCCCCCCCCCOC[C@H](COP(=O)([O-])OCC[N+](C)(C)C)OCCCCC(=O)O,CHEMBL4163,Toll-like receptor 2,INHIBITOR,Toll-like receptor 2 inhibitor,2
CHEMBL4650485,PIRTOBRUTINIB,COc1ccc(F)cc1C(=O)NCc1ccc(-c2nn([C@@H](C)C(F)(F)F)c(N)c2C(N)=O)cc1,CHEMBL5251,Tyrosine-protein kinase BTK,INHIBITOR,Tyrosine-protein kinase BTK inhibitor,4
CHEMBL2043025,TMC-647055,COc1ccc2c(c1)C=C1Cn3c-2c(C2CCCCC2)c2ccc(cc23)C(=O)NS(=O)(=O)N(C)CCOCCN(C)C1=O,CHEMBL4296320,RNA-directed RNA polymerase,INHIBITOR,RNA-directed RNA polymerase inhibitor,2
CHEMBL393820,VALOPICITABINE,CC(C)[C@H](N)C(=O)O[C@@H]1[C@@H](CO)O[C@@H](n2ccc(N)nc2=O)[C@]1(C)O,CHEMBL4296320,RNA-directed RNA polymerase,INHIBITOR,RNA-directed RNA polymerase inhibitor,2
CHEMBL3646118,MOLIDUSTAT,O=c1c(-n2ccnn2)c[nH]n1-c1cc(N2CCOCC2)ncn1,CHEMBL5697,Egl nine homolog 1,INHIBITOR,Egl nine homolog 1 inhibitor,2
CHEMBL60889,MOSAPRIDE,CCOc1cc(N)c(Cl)cc1C(=O)NCC1CN(Cc2ccc(F)cc2)CCO1,CHEMBL2094132,Serotonin 3 (5-HT3) receptor,ANTAGONIST,Serotonin 3 (5-HT3) receptor antagonist,3
CHEMBL267044,LEVOSULPIRIDE,CCN1CCC[C@H]1CNC(=O)c1cc(S(N)(=O)=O)ccc1OC,CHEMBL1875,5-hydroxytryptamine receptor 4,AGONIST,Serotonin 4 (5-HT4) receptor agonist,2
CHEMBL236297,RIFALAZIL,CO[C@H]1/C=C/O[C@@]2(C)Oc3c(C)c(O)c4c(=O)c(c5oc6cc(N7CCN(CC(C)C)CC7)cc(O)c6nc-5c4c3C2=O)NC(=O)/C(C)=C\C=C\[C@H](C)[C@H](O)[C@@H](C)[C@@H](O)[C@@H](C)[C@H](OC(C)=O)[C@@H]1C,CHEMBL4296169,DNA-directed RNA polymerase,INHIBITOR,DNA-directed RNA polymerase inhibitor,3
CHEMBL4297644,SIMUROSERTIB,Cc1n[nH]cc1-c1cc2nc([C@@H]3CC4CCN3CC4)[nH]c(=O)c2s1,CHEMBL5443,Cell division cycle 7-related protein kinase,INHIBITOR,Cell division cycle 7-related protein kinase inhibitor,2
CHEMBL364804,GW-406381,CCOc1ccc(-c2nn3ncccc3c2-c2ccc(S(C)(=O)=O)cc2)cc1,CHEMBL230,Prostaglandin G/H synthase 2,INHIBITOR,Cyclooxygenase-2 inhibitor,3
CHEMBL506569,LANATOSIDE C,CC(=O)O[C@H]1C[C@H](O[C@H]2[C@@H](O)C[C@H](O[C@H]3[C@@H](O)C[C@H](O[C@H]4CC[C@@]5(C)[C@H](CC[C@@H]6[C@@H]5C[C@@H](O)[C@]5(C)[C@@H](C7=CC(=O)OC7)CC[C@]65O)C4)O[C@@H]3C)O[C@@H]2C)O[C@H](C)[C@H]1O[C@@H]1O[C@H](CO)[C@@H](O)[C@H](O)[C@H]1O,CHEMBL2095186,Sodium/potassium-transporting ATPase,INHIBITOR,Sodium/potassium-transporting ATPase inhibitor,2
CHEMBL15413,FLOMOXEF,CO[C@@]1(NC(=O)CSC(F)F)C(=O)N2C(C(=O)O)=C(CSc3nnnn3CCO)CO[C@@H]21,CHEMBL2354204,Bacterial penicillin-binding protein,INHIBITOR,Bacterial penicillin-binding protein inhibitor,3
CHEMBL4297333,VB-201,CCCCCCCCCCCCCCCCOC[C@H](COP(=O)([O-])OCC[N+](C)(C)C)OCCCCC(=O)O,CHEMBL2384897,Monocyte differentiation antigen CD14,INHIBITOR,Monocyte differentiation antigen CD14 inhibitor,2
CHEMBL25336,BISANTRENE,C(=N/NC1=NCCN1)\c1c2ccccc2c(/C=N/NC2=NCCN2)c2ccccc12,CHEMBL2311221,DNA,DISRUPTING AGENT,DNA disrupting agent,3
CHEMBL167691,LAROMUSTINE,CNC(=O)N(N(CCCl)S(C)(=O)=O)S(C)(=O)=O,CHEMBL2311221,DNA,CROSS-LINKING AGENT,DNA cross-linking agent,3
CHEMBL3989658,PRADEFOVIR MESYLATE,CS(=O)(=O)O.Nc1ncnc2c1ncn2CCOC[P@@]1(=O)OCC[C@@H](c2cccc(Cl)c2)O1,CHEMBL2362994,DNA polymerase/reverse transcriptase,INHIBITOR,DNA polymerase/reverse transcriptase inhibitor,3
CHEMBL2146102,EPHEDRINE HYDROCHLORIDE,CN[C@@H](C)[C@H](O)c1ccccc1.Cl,CHEMBL2331074,Adrenergic receptor,AGONIST,Adrenergic receptor agonist,4
CHEMBL1774080,PF-00217830,O=C1CCc2ccc(OCCCCN3CCN(c4cccc5ccccc45)CC3)nc2N1,CHEMBL217,D(2) dopamine receptor,PARTIAL AGONIST,Dopamine D2 receptor partial agonist,2
CHEMBL4802223,LEUPROLIDE MESYLATE,CCNC(=O)[C@@H]1CCCN1C(=O)[C@H](CCCNC(=N)N)NC(=O)[C@H](CC(C)C)NC(=O)[C@@H](CC(C)C)NC(=O)[C@H](Cc1ccc(O)cc1)NC(=O)[C@H](CO)NC(=O)[C@H](Cc1c[nH]c2ccccc12)NC(=O)[C@H](Cc1cnc[nH]1)NC(=O)[C@@H]1CCC(=O)N1.CS(=O)(=O)O,CHEMBL1855,Gonadotropin-releasing hormone receptor,AGONIST,Gonadotropin-releasing hormone receptor agonist,4
CHEMBL2111051,TALSACLIDINE,C#CCO[C@H]1CN2CCC1CC2,CHEMBL216,Muscarinic acetylcholine receptor M1,AGONIST,Muscarinic acetylcholine receptor M1 agonist,2
CHEMBL2107546,BUCINDOLOL HYDROCHLORIDE,CC(C)(Cc1c[nH]c2ccccc12)NCC(O)COc1ccccc1C#N.Cl,CHEMBL213,Beta-1 adrenergic receptor,ANTAGONIST,Beta-1 adrenergic receptor antagonist,2
CHEMBL4297345,ADL-5747,CCN(CC)C(=O)c1ccc(C2=CC3(CCNCC3)Oc3ccccc32)c(O)c1.Cl,CHEMBL236,Delta-type opioid receptor,AGONIST,Delta opioid receptor agonist,2
CHEMBL20883,TEGAFUR,O=c1[nH]c(=O)n(C2CCCO2)cc1F,CHEMBL1952,Thymidylate synthase,INHIBITOR,Thymidylate synthase inhibitor,3
CHEMBL3916929,BALCINRENONE,CNC(=O)C[C@H]1COc2cc(F)ccc2N1C(=O)c1ccc2c(c1)NC(=O)CO2,CHEMBL1994,Mineralocorticoid receptor,MODULATOR,Mineralocorticoid receptor modulator,3
CHEMBL2105749,SAMIDORPHAN L-MALATE,NC(=O)c1ccc2c(c1O)[C@]13CCN(CC4CC4)[C@H](C2)[C@]1(O)CCC(=O)C3.O=C(O)C[C@H](O)C(=O)O,CHEMBL233,Mu-type opioid receptor,ANTAGONIST,Mu opioid receptor antagonist,4
CHEMBL7492,PIRITREXIM,COc1ccc(OC)c(Cc2cnc3nc(N)nc(N)c3c2C)c1,CHEMBL202,Dihydrofolate reductase,INHIBITOR,Dihydrofolate reductase inhibitor,2
CHEMBL3646118,MOLIDUSTAT,O=c1c(-n2ccnn2)c[nH]n1-c1cc(N2CCOCC2)ncn1,CHEMBL3028,Prolyl hydroxylase EGLN2,INHIBITOR,Hypoxia-inducible factor prolyl hydroxylase 1 inhibitor,2
CHEMBL17976,RESINIFERATOXIN,C=C(C)[C@]12C[C@@H](C)[C@@]34O[C@](Cc5ccccc5)(O[C@@H]1[C@@H]3C=C(COC(=O)Cc1ccc(O)c(OC)c1)C[C@]1(O)C(=O)C(C)=C[C@@H]41)O2,CHEMBL4794,Transient receptor potential cation channel subfamily V member 1,AGONIST,Vanilloid receptor agonist,3
CHEMBL4297260,AMY-101,CC[C@H](C)[C@H](NC(=O)[C@H](N)Cc1ccc(O)cc1)C(=O)N[C@H]1CSSC[C@@H](C(=O)N(C)[C@H](C(N)=O)[C@@H](C)CC)NC(=O)[C@H](CCCNC(=N)N)NC(=O)[C@H](Cc2cnc[nH]2)NC(=O)[C@H](C)NC(=O)CN(C)C(=O)[C@H](Cc2c[nH]c3ccccc23)NC(=O)[C@H](CC(=O)O)NC(=O)[C@H](CCC(N)=O)NC(=O)[C@H](Cc2cn(C)c3ccccc23)NC(=O)[C@H](C(C)C)NC1=O,CHEMBL4917,Complement C3,INHIBITOR,Complement C3 inhibitor,2
CHEMBL3646118,MOLIDUSTAT,O=c1c(-n2ccnn2)c[nH]n1-c1cc(N2CCOCC2)ncn1,CHEMBL5705,Prolyl hydroxylase EGLN3,INHIBITOR,Egl nine homolog 3 inhibitor,2
CHEMBL566757,DAPORINAD,O=C(/C=C/c1cccnc1)NCCCCC1CCN(C(=O)c2ccccc2)CC1,CHEMBL1744525,Nicotinamide phosphoribosyltransferase,INHIBITOR,Nicotinamide phosphoribosyltransferase inhibitor,2
CHEMBL61872,TALAMPANEL,CC(=O)N1N=C(c2ccc(N)cc2)c2cc3c(cc2C[C@H]1C)OCO3,CHEMBL2009,Glutamate receptor 1,ANTAGONIST,"Glutamate receptor ionotropic, AMPA 1 antagonist",2
CHEMBL2107546,BUCINDOLOL HYDROCHLORIDE,CC(C)(Cc1c[nH]c2ccccc12)NCC(O)COc1ccccc1C#N.Cl,CHEMBL2094251,Adrenergic receptor alpha-1,ANTAGONIST,Adrenergic receptor alpha-1 antagonist,2
CHEMBL1569487,LORNOXICAM,CN1C(C(=O)Nc2ccccn2)=C(O)c2sc(Cl)cc2S1(=O)=O,CHEMBL2094253,Cyclooxygenase,INHIBITOR,Cyclooxygenase inhibitor,3
CHEMBL4650322,RUNCACIGUAT,C[C@H]([C@H](C(=O)Nc1cc([C@@H](CC(=O)O)C2CC2)ccc1Cl)c1ccc(Cl)cc1)C(F)(F)F,CHEMBL2111348,Soluble guanylate cyclase,ACTIVATOR,Soluble guanylate cyclase activator,2
CHEMBL60889,MOSAPRIDE,CCOc1cc(N)c(Cl)cc1C(=O)NCC1CN(Cc2ccc(F)cc2)CCO1,CHEMBL1875,5-hydroxytryptamine receptor 4,AGONIST,Serotonin 4 (5-HT4) receptor agonist,3
CHEMBL4297385,NS-2359,COC[C@@H]1[C@@H](c2ccc(Cl)c(Cl)c2)C[C@@H]2CC[C@H]1N2C,CHEMBL2363064,Monoamine transporter,INHIBITOR,Monoamine transporter inhibitor,2
CHEMBL549386,FOTEMUSTINE,CCOP(=O)(OCC)C(C)NC(=O)N(CCCl)N=O,CHEMBL2311221,DNA,CROSS-LINKING AGENT,DNA cross-linking agent,3
CHEMBL39677,ACRIDINE,c1ccc2nc3ccccc3cc2c1,CHEMBL2311221,DNA,DISRUPTING AGENT,DNA disrupting agent,2
CHEMBL20883,TEGAFUR,O=c1[nH]c(=O)n(C2CCCO2)cc1F,CHEMBL2311221,DNA,INHIBITOR,DNA inhibitor,3
CHEMBL3544978,ZOLIFLODACIN,C[C@@H]1CN2c3c(cc4c(N5C(=O)OC[C@@H]5C)noc4c3F)CC3(C(=O)NC(=O)NC3=O)[C@H]2[C@H](C)O1,CHEMBL2311244,DNA gyrase,INHIBITOR,DNA gyrase inhibitor,3
CHEMBL1652128,LB80380,CC(C)(C)C(=O)OCOP(=O)(COC1(Cn2cnc3cnc(N)nc32)CC1)OCOC(=O)C(C)(C)C,CHEMBL2362994,DNA polymerase/reverse transcriptase,INHIBITOR,DNA polymerase/reverse transcriptase inhibitor,2
CHEMBL3039519,SAMATASVIR,COC(=O)N[C@H](C(=O)N1CCC[C@H]1c1nc2cc(-c3csc4c(-c5ccc(-c6c[nH]c([C@@H]7CCCN7C(=O)[C@H](NC(=O)OC)c7ccccc7)n6)cc5)csc34)ccc2[nH]1)C(C)C,CHEMBL3307224,Nonstructural protein 5A,INHIBITOR,Nonstructural protein 5A inhibitor,2
CHEMBL41355,EZOGABINE,CCOC(=O)Nc1ccc(NCc2ccc(F)cc2)cc1N,CHEMBL2363063,KCNQ (Kv7) potassium channel,OPENER,KCNQ (Kv7) potassium channel opener,4
CHEMBL304087,MERIMEPODIB,COc1cc(NC(=O)Nc2cccc(CNC(=O)O[C@H]3CCOC3)c2)ccc1-c1cnco1,CHEMBL1822,Inosine-5'-monophosphate dehydrogenase 1,INHIBITOR,Inosine-5'-monophosphate dehydrogenase 1 inhibitor,2
CHEMBL4297521,PADSEVONIL,COCc1nn2c(CN3C[C@@H](CC(F)(F)Cl)CC3=O)c(C(F)(F)F)nc2s1,CHEMBL4665594,Synaptic vesicle protein,MODULATOR,Synaptic vesicle protein modulator,3
CHEMBL236345,MGB-BP-3,Cn1cc(NC(=O)c2cc(NC(=O)c3ccc(/C=C/c4cnc5ccccc5c4)cc3)cn2C)cc1C(=O)NCCN1CCOCC1,CHEMBL2364041,DNA,BINDING AGENT,DNA binding agent,2
CHEMBL167150,TRICHLORFON,COP(=O)(OC)C(O)C(Cl)(Cl)Cl,CHEMBL3341583,Acetylcholinesterase 1,INHIBITOR,Acetylcholinesterase 1 inhibitor,2
CHEMBL374975,FUSIDIC ACID,CC(=O)O[C@H]1C[C@@]2(C)[C@@H](C[C@@H](O)[C@H]3[C@@]4(C)CC[C@@H](O)[C@@H](C)[C@@H]4CC[C@@]32C)/C1=C(\CCC=C(C)C)C(=O)O,CHEMBL4665583,Elongation factor G,INHIBITOR,Elongation factor G inhibitor,3
CHEMBL1738,DEXRAZOXANE,C[C@@H](CN1CC(=O)NC(=O)C1)N1CC(=O)NC(=O)C1,CHEMBL2363058,Iron,SEQUESTERING AGENT,Iron sequestering agent,4
CHEMBL4297510,EMERAMIDE,O=C(NCCS)c1cccc(C(=O)NCCS)c1,CHEMBL2363061,Mercury,SEQUESTERING AGENT,Mercury sequestering agent,2
CHEMBL284838,K-134,O=C(NCCCOc1ccc2[nH]c(=O)ccc2c1)N(C1CC1)[C@@H]1CCCC[C@H]1O,CHEMBL2094125,Phosphodiesterase 3,INHIBITOR,Phosphodiesterase 3 inhibitor,2
CHEMBL4297344,OBEFAZIMOD,FC(F)(F)Oc1ccc(Nc2ccc3cccc(Cl)c3n2)cc1,CHEMBL4665589,Cap binding complex,MODULATOR,Cap binding complex modulator,3
CHEMBL1256987,FUSIDATE SODIUM,CC(=O)O[C@H]1C[C@@]2(C)[C@@H](C[C@@H](O)[C@H]3[C@@]4(C)CC[C@@H](O)[C@@H](C)[C@@H]4CC[C@@]32C)/C1=C(\CCC=C(C)C)C(=O)[O-].[Na+],CHEMBL4665583,Elongation factor G,INHIBITOR,Elongation factor G inhibitor,3
CHEMBL1738,DEXRAZOXANE,C[C@@H](CN1CC(=O)NC(=O)C1)N1CC(=O)NC(=O)C1,CHEMBL2094255,DNA topoisomerase II,INHIBITOR,DNA topoisomerase II inhibitor,4
CHEMBL1492500,DOTHIEPIN,CN(C)CC/C=C1\c2ccccc2CSc2ccccc21,CHEMBL222,Sodium-dependent noradrenaline transporter,INHIBITOR,Norepinephrine transporter inhibitor,2
CHEMBL2106370,ILAPRAZOLE,COc1ccnc(C[S+]([O-])c2nc3cc(-n4cccc4)ccc3[nH]2)c1C,CHEMBL2095173,Potassium-transporting ATPase,INHIBITOR,Potassium-transporting ATPase inhibitor,3
CHEMBL298817,ALBACONAZOLE,C[C@@H](n1cnc2cc(Cl)ccc2c1=O)[C@](O)(Cn1cncn1)c1ccc(F)cc1F,CHEMBL4662933,Lanosterol 14-alpha demethylase,INHIBITOR,Lanosterol 14-alpha demethylase inhibitor,2
CHEMBL3549142,EPETRABOROLE,NC[C@H]1OB(O)c2c(OCCCO)cccc21,CHEMBL4662935,Leucine--tRNA ligase,INHIBITOR,Leucine--tRNA ligase inhibitor,2
CHEMBL4297510,EMERAMIDE,O=C(NCCS)c1cccc(C(=O)NCCS)c1,CHEMBL2363058,Iron,SEQUESTERING AGENT,Iron sequestering agent,2
CHEMBL573352,TAS-106,C#C[C@@]1(O)[C@@H](CO)O[C@@H](n2ccc(N)nc2=O)[C@@H]1O,CHEMBL4665582,DNA-directed RNA polymerase III subunit RPC1,INHIBITOR,DNA-directed RNA polymerase III subunit RPC1 inhibitor,2
CHEMBL249856,ENOXIMONE,CSc1ccc(C(=O)c2[nH]c(=O)[nH]c2C)cc1,CHEMBL2094125,Phosphodiesterase 3,INHIBITOR,Phosphodiesterase 3 inhibitor,3
CHEMBL2347704,ACOZIBOROLE,CC1(C)OB(O)c2cc(NC(=O)c3ccc(F)cc3C(F)(F)F)ccc21,CHEMBL4665581,Cleavage and polyadenylation specificity factor subunit,INHIBITOR,Cleavage and polyadenylation specificity factor subunit inhibitor,2
CHEMBL4650319,MOBOCERTINIB,C=CC(=O)Nc1cc(Nc2ncc(C(=O)OC(C)C)c(-c3cn(C)c4ccccc34)n2)c(OC)cc1N(C)CCN(C)C,CHEMBL203,Epidermal growth factor receptor,INHIBITOR,Epidermal growth factor receptor erbB1 inhibitor,4
CHEMBL4297591,FOSMANOGEPIX,Nc1c(-c2cc(Cc3ccc(COc4ccccn4)cc3)no2)ccc[n+]1COP(=O)([O-])O,CHEMBL4662934,GPI-anchored wall transfer protein 1,INHIBITOR,GPI-anchored wall transfer protein 1 inhibitor,3
CHEMBL4297370,CRS-3123,O=c1cc(NCCCN[C@@H]2CCOc3c(Br)cc(Br)cc32)[nH]c2ccsc12,CHEMBL4662937,Methionine--tRNA ligase,INHIBITOR,Methionine--tRNA ligase inhibitor,2
CHEMBL2219413,BRILACIDIN,N=C(N)NCCCCC(=O)Nc1cc(C(F)(F)F)cc(NC(=O)c2cc(C(=O)Nc3cc(C(F)(F)F)cc(NC(=O)CCCCNC(=N)N)c3O[C@@H]3CCNC3)ncn2)c1O[C@@H]1CCNC1,CHEMBL4662968,Membrane,DISRUPTING AGENT,Membrane disrupting agent,2
CHEMBL1492500,DOTHIEPIN,CN(C)CC/C=C1\c2ccccc2CSc2ccccc21,CHEMBL228,Sodium-dependent serotonin transporter,INHIBITOR,Serotonin transporter inhibitor,2
CHEMBL4650326,TEREVALEFIM,C(=C/c1cccs1)\c1cc[nH]n1,CHEMBL3717,Hepatocyte growth factor receptor,AGONIST,Hepatocyte growth factor receptor agonist,3
CHEMBL187927,DIANICLINE,c1cnc2c(c1)O[C@H]1CCN3CC[C@@]1(C2)C3,CHEMBL1907589,Neuronal acetylcholine receptor; alpha4/beta2,PARTIAL AGONIST,Neuronal acetylcholine receptor; alpha4/beta2 partial agonist,3
CHEMBL459324,DIACETYLMORPHINE,CC(=O)Oc1ccc2c3c1O[C@H]1[C@@H](OC(C)=O)C=C[C@H]4[C@@H](C2)N(C)CC[C@@]341,CHEMBL233,Mu-type opioid receptor,AGONIST,Mu opioid receptor agonist,3
CHEMBL3989869,UMBRALISIB TOSYLATE,CC(C)Oc1ccc(-c2nn([C@@H](C)c3oc4ccc(F)cc4c(=O)c3-c3cccc(F)c3)c3ncnc(N)c23)cc1F.Cc1ccc(S(=O)(=O)O)cc1,CHEMBL4937,Casein kinase I isoform epsilon,INHIBITOR,Casein kinase I epsilon inhibitor,4
CHEMBL3989869,UMBRALISIB TOSYLATE,CC(C)Oc1ccc(-c2nn([C@@H](C)c3oc4ccc(F)cc4c(=O)c3-c3cccc(F)c3)c3ncnc(N)c23)cc1F.Cc1ccc(S(=O)(=O)O)cc1,CHEMBL1862,Tyrosine-protein kinase ABL1,INHIBITOR,Tyrosine-protein kinase ABL inhibitor,4
CHEMBL412309,AR-67,CC[C@@]1(O)C(=O)OCc2c1cc1n(c2=O)Cc2c-1nc1ccc(O)cc1c2[Si](C)(C)C(C)(C)C,CHEMBL1781,DNA topoisomerase 1,INHIBITOR,DNA topoisomerase I inhibitor,2
CHEMBL4650342,ONZIGOLIDE,CCCN1C[C@H](CSCC(=O)NCCCC[C@@H](NC(=O)CSC[C@@H]2C[C@@H]3c4cccc5[nH]cc(c45)C[C@H]3N(CCC)C2)C(=O)N[C@H]2CSSC[C@@H](C(=O)N[C@H](C(N)=O)[C@@H](C)O)NC(=O)[C@H](CC)NC(=O)[C@H](CCCCN)NC(=O)[C@@H](Cc3c[nH]c4ccccc34)NC(=O)[C@H](Cc3ccc(O)cc3)NC2=O)C[C@@H]2c3cccc4[nH]cc(c34)C[C@H]21,CHEMBL1804,Somatostatin receptor type 2,AGONIST,Somatostatin receptor 2 agonist,2
CHEMBL278398,PHENINDAMINE,CN1CCC2=C(C1)C(c1ccccc1)c1ccccc12,CHEMBL231,Histamine H1 receptor,ANTAGONIST,Histamine H1 receptor antagonist,2
CHEMBL4650336,EMVODODSTAT,COc1ccc([C@H]2c3[nH]c4ccc(Cl)cc4c3CCN2C(=O)Oc2ccc(Cl)cc2)cc1,CHEMBL1966,"Dihydroorotate dehydrogenase (quinone), mitochondrial",INHIBITOR,Dihydroorotate dehydrogenase inhibitor,2
CHEMBL124363,CENSAVUDINE,C#C[C@@]1(CO)C=C[C@H](n2cc(C)c(=O)[nH]c2=O)O1,CHEMBL247,Human immunodeficiency virus type 1 reverse transcriptase,INHIBITOR,Human immunodeficiency virus type 1 reverse transcriptase inhibitor,2
CHEMBL440498,CTS-1027,O=C(NO)C1(CS(=O)(=O)c2ccc(Oc3ccc(Cl)cc3)cc2)CCOCC1,CHEMBL283,Stromelysin-1,INHIBITOR,Matrix metalloproteinase 3 inhibitor,2
CHEMBL440498,CTS-1027,O=C(NO)C1(CS(=O)(=O)c2ccc(Oc3ccc(Cl)cc3)cc2)CCOCC1,CHEMBL3869,Matrix metalloproteinase-14,INHIBITOR,Matrix metalloproteinase 14 inhibitor,2
CHEMBL3264610,SEVITERONEL,CC(C)[C@](O)(c1ccc2cc(OC(F)F)c(OC(F)F)cc2c1)c1c[nH]nn1,CHEMBL3522,"Steroid 17-alpha-hydroxylase/17,20 lyase",INHIBITOR,Cytochrome P450 17A1 inhibitor,2
CHEMBL4297392,IOWH-032,O=C(NCc1ccc(Oc2ccccc2)cc1)c1nc(-c2cc(Br)c(O)c(Br)c2)no1,CHEMBL4051,Cystic fibrosis transmembrane conductance regulator,INHIBITOR,Cystic fibrosis transmembrane conductance regulator inhibitor,2
CHEMBL269864,ULODESINE,O=c1[nH]cnc2c(CN3C[C@H](CO)[C@@H](O)C3)c[nH]c12,CHEMBL4338,Purine nucleoside phosphorylase,INHIBITOR,Purine nucleoside phosphorylase inhibitor,2
CHEMBL4802154,TILPISERTIB,Cn1ccc2c([C@H](Nc3cc(Cl)c4ncc(C#N)c(NCC(C)(C)C)c4c3)c3cn(C45CC(C4)C5)nn3)cccc2c1=O,CHEMBL4899,Mitogen-activated protein kinase kinase kinase 8,INHIBITOR,Mitogen-activated protein kinase kinase kinase 8 inhibitor,2
CHEMBL4650313,ZANDATRIGINE,Cc1cc(S(=O)(=O)Nc2cscn2)c(F)cc1N(C)[C@H]1CCN(Cc2ccccc2)C1,CHEMBL5202,Sodium channel protein type 8 subunit alpha,INHIBITOR,Sodium channel protein type VIII alpha subunit inhibitor,2
CHEMBL4650338,EDRALBRUTINIB,CC#CC(=O)N1CC[C@@H](n2cc(-c3ccc(Oc4c(F)cccc4F)cc3)c3c(N)n[nH]c(=O)c32)C1,CHEMBL5251,Tyrosine-protein kinase BTK,INHIBITOR,Tyrosine-protein kinase BTK inhibitor,2
CHEMBL383322,RESIQUIMOD,CCOCc1nc2c(N)nc3ccccc3c2n1CC(C)(C)O,CHEMBL5805,Toll-like receptor 8,AGONIST,Toll-like receptor 8 agonist,2
CHEMBL124363,CENSAVUDINE,C#C[C@@]1(CO)C=C[C@H](n2cc(C)c(=O)[nH]c2=O)O1,CHEMBL1681630,Reverse transcriptase,INHIBITOR,Reverse transcriptase inhibitor,2
CHEMBL63,ROLIPRAM,COc1ccc(C2CNC(=O)C2)cc1OC1CCCC1,CHEMBL2093863,Phosphodiesterase 4,INHIBITOR,Phosphodiesterase 4 inhibitor,2
CHEMBL3114577,ZALUNFIBAN,NCC(=O)Nc1cncc(-c2nn3c(=O)cc(N4CCNCC4)nc3s2)c1,CHEMBL2093869,Integrin alpha-IIb/beta-3,INHIBITOR,Integrin alpha-IIb/beta-3 inhibitor,3
CHEMBL1551724,ACADESINE,NC(=O)c1ncn([C@@H]2O[C@H](CO)[C@@H](O)[C@H]2O)c1N,CHEMBL2096907,"AMP-activated protein kinase, AMPK",ACTIVATOR,"AMP-activated protein kinase, AMPK activator",3
CHEMBL1643880,PUMOSETRAG,O=C(N[C@H]1CN2CCC1CC2)c1c[nH]c2ccsc2c1=O,CHEMBL2094132,Serotonin 3 (5-HT3) receptor,PARTIAL AGONIST,Serotonin 3 (5-HT3) receptor partial agonist,2
CHEMBL427216,GLICLAZIDE,Cc1ccc(S(=O)(=O)NC(=O)NN2CC3CCCC3C2)cc1,CHEMBL2096972,"Sulfonylurea receptor 1, Kir6.2",BLOCKER,"Sulfonylurea receptor 1, Kir6.2 blocker",3
CHEMBL295698,LEVOKETOCONAZOLE,CC(=O)N1CCN(c2ccc(OC[C@@H]3CO[C@@](Cn4ccnc4)(c4ccc(Cl)cc4Cl)O3)cc2)CC1,CHEMBL1908,"Cytochrome P450 11B1, mitochondrial",INHIBITOR,Cytochrome P450 11B1 inhibitor,4
CHEMBL295698,LEVOKETOCONAZOLE,CC(=O)N1CCN(c2ccc(OC[C@@H]3CO[C@@](Cn4ccnc4)(c4ccc(Cl)cc4Cl)O3)cc2)CC1,CHEMBL2722,"Cytochrome P450 11B2, mitochondrial",INHIBITOR,Cytochrome P450 11B2 inhibitor,4
CHEMBL383322,RESIQUIMOD,CCOCc1nc2c(N)nc3ccccc3c2n1CC(C)(C)O,CHEMBL5936,Toll-like receptor 7,AGONIST,Toll-like receptor 7 agonist,2
CHEMBL4297645,CEFILAVANCIN,CN[C@H](CC(C)C)C(=O)N[C@H]1C(=O)N[C@@H](CC(N)=O)C(=O)N[C@H]2C(=O)N[C@H]3C(=O)N[C@H](C(=O)N[C@H](C(=O)NCCCO/N=C(\C(=O)N[C@@H]4C(=O)N5C(C(=O)[O-])=C(C[n+]6ccccc6)CS[C@H]45)c4nc(N)sc4Cl)c4cc(O)cc(O)c4-c4cc3ccc4O)[C@H](O)c3ccc(c(Cl)c3)Oc3cc2cc(c3O[C@@H]2O[C@H](CO)[C@@H](O)[C@H](O)[C@H]2O[C@H]2C[C@](C)(N)[C@H](O)[C@H](C)O2)Oc2ccc(cc2Cl)[C@H]1O,CHEMBL3041361,Peptidoglycan,INHIBITOR,Peptidoglycan inhibitor,2
CHEMBL2107811,ZABOFLOXACIN,CO/N=C1\CN(c2nc3c(cc2F)c(=O)c(C(=O)O)cn3C2CC2)CC12CNC2,CHEMBL2363076,Topoisomerase IV,INHIBITOR,Topoisomerase IV inhibitor,3
CHEMBL3827379,BMS-955176,C=C(C)[C@@H]1CC[C@]2(NCCN3CCS(=O)(=O)CC3)CC[C@]3(C)[C@H](CC[C@@H]4[C@@]5(C)CC=C(c6ccc(C(=O)O)cc6)C(C)(C)[C@@H]5CC[C@]43C)[C@@H]12,CHEMBL2366517,Protease,INHIBITOR,Protease inhibitor,2
CHEMBL50882,TIRAPAZAMINE,Nc1n[n+]([O-])c2ccccc2[n+]1[O-],CHEMBL2311221,DNA,DISRUPTING AGENT,DNA disrupting agent,3
CHEMBL571209,INDOXIMOD,Cn1cc(C[C@@H](N)C(=O)O)c2ccccc21,CHEMBL4296661,mTORC1,ACTIVATOR,mTORC1 activator,2
CHEMBL4297600,RELDESEMTIV,NC(=O)c1ccn(-c2cnc(NC[C@]3(c4ncccc4F)C[C@H](F)C3)nc2)c1,CHEMBL3831282,Fast skeletal troponin complex,ACTIVATOR,Fast skeletal troponin complex activator,3
CHEMBL4650230,SIMUFILAM,CN1CCC2(CC1)NCC(=O)N2Cc1ccccc1,CHEMBL4804243,Filamin-A,POSITIVE MODULATOR,Filamin-A positive modulator,3
CHEMBL486226,BMS-707035,Cn1c(N2CCCCS2(=O)=O)nc(C(=O)NCc2ccc(F)cc2)c(O)c1=O,CHEMBL4296304,Integrase,INHIBITOR,Integrase inhibitor,2
CHEMBL4650342,ONZIGOLIDE,CCCN1C[C@H](CSCC(=O)NCCCC[C@@H](NC(=O)CSC[C@@H]2C[C@@H]3c4cccc5[nH]cc(c45)C[C@H]3N(CCC)C2)C(=O)N[C@H]2CSSC[C@@H](C(=O)N[C@H](C(N)=O)[C@@H](C)O)NC(=O)[C@H](CC)NC(=O)[C@H](CCCCN)NC(=O)[C@@H](Cc3c[nH]c4ccccc34)NC(=O)[C@H](Cc3ccc(O)cc3)NC2=O)C[C@@H]2c3cccc4[nH]cc(c34)C[C@H]21,CHEMBL217,D(2) dopamine receptor,AGONIST,Dopamine D2 receptor agonist,2
CHEMBL4594447,MESDOPETAM,CCCNCCOc1cc(F)cc(S(C)(=O)=O)c1,CHEMBL234,D(3) dopamine receptor,ANTAGONIST,Dopamine D3 receptor antagonist,2
CHEMBL4650340,TRAZPIROBEN,O=C(O)c1cccc(CN2CN(C3CCCCC3)C3(CCN(CCCC(=O)c4ccccc4)CC3)C2=O)c1,CHEMBL234,D(3) dopamine receptor,ANTAGONIST,Dopamine D3 receptor antagonist,2
CHEMBL314691,BQ-123,CC(C)C[C@@H]1NC(=O)[C@@H](C(C)C)NC(=O)[C@@H]2CCCN2C(=O)[C@@H](CC(=O)O)NC(=O)[C@@H](Cc2c[nH]c3ccccc23)NC1=O,CHEMBL252,Endothelin-1 receptor,ANTAGONIST,Endothelin receptor ET-A antagonist,2
CHEMBL1946618,AZD-7268,CN(CCO)C(=O)c1ccc(C(=C2CCN(Cc3cscn3)CC2)c2cccc3cccnc23)cc1,CHEMBL236,Delta-type opioid receptor,AGONIST,Delta opioid receptor agonist,2
CHEMBL4650368,IRSENONTRINE,COc1ncc(C)c(-c2ccc3c(c2)[nH]c(=O)c2cnn([C@H]4CCOC4)c23)c1C,CHEMBL3535,"High affinity cGMP-specific 3',5'-cyclic phosphodiesterase 9A",INHIBITOR,Phosphodiesterase 9A inhibitor,2
CHEMBL2107361,PELITREXOL,Cc1cc(C(=O)N[C@@H](CCC(=O)O)C(=O)O)sc1CC[C@@H]1CNc2nc(N)[nH]c(=O)c2C1,CHEMBL3972,Trifunctional purine biosynthetic protein adenosine-3,INHIBITOR,GAR transformylase inhibitor,2
CHEMBL206815,APRATASTAT,CC1(C)SCCN(S(=O)(=O)c2ccc(OCC#CCO)cc2)[C@H]1C(=O)NO,CHEMBL280,Collagenase 3,INHIBITOR,Matrix metalloproteinase 13 inhibitor,2
CHEMBL3833371,UPRIFOSBUVIR,CC(C)OC(=O)[C@@H](C)N[P@@](=O)(OC[C@H]1O[C@@H](n2ccc(=O)[nH]c2=O)[C@](C)(Cl)[C@@H]1O)Oc1ccccc1,CHEMBL4296320,RNA-directed RNA polymerase,INHIBITOR,RNA-directed RNA polymerase inhibitor,2
CHEMBL1092581,NESBUVIR,CNC(=O)c1c(-c2ccc(F)cc2)oc2cc(N(CCO)S(C)(=O)=O)c(C3CC3)cc12,CHEMBL4296320,RNA-directed RNA polymerase,INHIBITOR,RNA-directed RNA polymerase inhibitor,2
CHEMBL4303525,OMAVELOXOLONE,CC1(C)CC[C@]2(NC(=O)C(C)(F)F)CC[C@]3(C)[C@H](C(=O)C=C4[C@@]5(C)C=C(C#N)C(=O)C(C)(C)[C@@H]5CC[C@]43C)[C@@H]2C1,CHEMBL1075094,Nuclear factor erythroid 2-related factor 2,ACTIVATOR,Nuclear factor erythroid 2-related factor 2 activator,4
CHEMBL3653256,SIREMADLIN,COc1ncc(-c2nc3c(n2C(C)C)[C@H](c2ccc(Cl)cc2)N(c2cc(Cl)cn(C)c2=O)C3=O)c(OC)n1,CHEMBL1907611,Tumour suppressor p53/oncoprotein Mdm2,INHIBITOR,Tumour suppressor p53/oncoprotein Mdm2 inhibitor,2
CHEMBL2105763,QUISINOSTAT,Cn1cc(CNCC2CCN(c3ncc(C(=O)NO)cn3)CC2)c2ccccc21,CHEMBL2093865,Histone deacetylase,INHIBITOR,Histone deacetylase inhibitor,2
CHEMBL1770916,NIROGACESTAT,CCC[C@H](N[C@H]1CCc2cc(F)cc(F)c2C1)C(=O)Nc1cn(C(C)(C)CNCC(C)(C)C)cn1,CHEMBL2094135,Gamma-secretase,INHIBITOR,Gamma-secretase inhibitor,4
CHEMBL4466233,PEMRAMETOSTAT,CC(=O)N1CCC(Nc2cc(C(=O)NC[C@H](O)CN3CCc4ccccc4C3)ncn2)CC1,CHEMBL1795116,Protein arginine N-methyltransferase 5,INHIBITOR,Protein arginine N-methyltransferase 5 inhibitor,2
CHEMBL4802157,ELINZANETANT,Cc1cc(F)ccc1-c1cc(N2C[C@H]3COCCN3C[C@H]2CO)ncc1N(C)C(=O)C(C)(C)c1cc(C(F)(F)F)cc(C(F)(F)F)c1,CHEMBL249,Substance-P receptor,ANTAGONIST,Neurokinin 1 receptor antagonist,3
CHEMBL57997,T-62,Nc1sc2c(c1C(=O)c1ccc(Cl)cc1)CCCC2,CHEMBL226,Adenosine receptor A1,MODULATOR,Adenosine A1 receptor modulator,2
CHEMBL4297519,NAFITHROMYCIN,CC[C@H]1OC(=O)[C@H](C)C(=O)[C@H](C)[C@@H](O[C@@H]2O[C@H](C)C[C@H](N(C)C)[C@H]2O)[C@](C)(OC)C[C@@H](C)C(=O)[C@H](C)[C@H]2[C@H](/C(N)=N/O[C@@H](C)c3nnc(-c4ccccn4)s3)C(=O)O[C@@]21C,CHEMBL2363135,Bacterial 70S ribosome,INHIBITOR,Bacterial 70S ribosome inhibitor,2
CHEMBL4297453,PM-00104,COc1c(C)cc2c(c1O)[C@@H]1[C@@H]3Cc4c(OC(C)=O)c(C)c5c(c4[C@H](CNC(=O)/C=C/c4cccc(C(F)(F)F)c4)N3[C@@H](O)[C@H](C2)N1C)OCO5,CHEMBL2311221,DNA,DISRUPTING AGENT,DNA disrupting agent,2
CHEMBL277535,BIFONAZOLE,c1ccc(-c2ccc(C(c3ccccc3)n3ccnc3)cc2)cc1,CHEMBL4662933,Lanosterol 14-alpha demethylase,INHIBITOR,Lanosterol 14-alpha demethylase inhibitor,3
CHEMBL3330226,MACOZINONE,O=c1nc(N2CCN(CC3CCCCC3)CC2)sc2c([N+](=O)[O-])cc(C(F)(F)F)cc12,CHEMBL3804751,Decaprenylphosphoryl-beta-D-ribose oxidase,INHIBITOR,FAD-dependent decaprenylphosphoryl-beta-D-ribofuranose 2-oxidase inhibitor,2
CHEMBL1773683,EZUTROMID,CCS(=O)(=O)c1ccc2oc(-c3ccc4ccccc4c3)nc2c1,CHEMBL4523230,Utrophin,MODULATOR,Utrophin modulator,2
CHEMBL4558324,LAZERTINIB,C=CC(=O)Nc1cc(Nc2nccc(-n3cc(CN(C)C)c(-c4ccccc4)n3)n2)c(OC)cc1N1CCOCC1,CHEMBL203,Epidermal growth factor receptor,INHIBITOR,Epidermal growth factor receptor erbB1 inhibitor,4
CHEMBL494480,ADL-5859,CCN(CC)C(=O)c1ccc(C2=CC3(CCNCC3)Oc3cccc(O)c32)cc1,CHEMBL236,Delta-type opioid receptor,AGONIST,Delta opioid receptor agonist,2
CHEMBL4650337,ULOTARONT,CNC[C@@H]1OCCc2ccsc21,CHEMBL214,5-hydroxytryptamine receptor 1A,AGONIST,Serotonin 1a (5-HT1a) receptor agonist,3
CHEMBL2103772,RACECADOTRIL,CC(=O)SCC(Cc1ccccc1)C(=O)NCC(=O)OCc1ccccc1,CHEMBL1944,Neprilysin,INHIBITOR,Neprilysin inhibitor,3
CHEMBL194378,PSILOCYBIN,CN(C)CCc1c[nH]c2cccc(OP(=O)(O)O)c12,CHEMBL224,5-hydroxytryptamine receptor 2A,AGONIST,Serotonin 2a (5-HT2a) receptor agonist,3
CHEMBL3666807,VELSECORAT,C[C@H](NC(=O)C(C)(F)F)[C@H](Oc1ccc2c(cnn2-c2cccc(C(=O)N[C@@H]3CCOC3)c2)c1)c1ccc2c(c1)OCCO2,CHEMBL2034,Glucocorticoid receptor,MODULATOR,Glucocorticoid receptor modulator,2
CHEMBL478858,PACTIMIBE,CCCCCCCCN1CCc2c(C)c(CC(=O)O)c(C)c(NC(=O)C(C)(C)C)c21,CHEMBL2782,Sterol O-acyltransferase 1,INHIBITOR,Acyl coenzyme A:cholesterol acyltransferase 1 inhibitor,2
CHEMBL4112929,MILVEXIAN,C[C@@H]1CCC[C@H](n2cnc(-c3cc(Cl)ccc3-n3cc(Cl)nn3)cc2=O)c2cc(ccn2)-c2c(cnn2C(F)F)NC1=O,CHEMBL2820,Coagulation factor XI,INHIBITOR,Coagulation factor XI inhibitor,3
CHEMBL4117187,MASUPIRDINE,COc1ccc2c(c1)c(CN1CCN(C)CC1)cn2S(=O)(=O)c1ccccc1Br,CHEMBL3371,5-hydroxytryptamine receptor 6,ANTAGONIST,Serotonin 6 (5-HT6) receptor antagonist,3
CHEMBL4297849,BAMOCAFTOR,C[C@@H]1CN(c2nc(-n3ccc(OCCC4(C(F)(F)F)CC4)n3)ccc2C(=O)NS(=O)(=O)c2ccccc2)C(C)(C)C1,CHEMBL4051,Cystic fibrosis transmembrane conductance regulator,POSITIVE MODULATOR,Cystic fibrosis transmembrane conductance regulator positive modulator,3
CHEMBL76222,REBIMASTAT,CNC(=O)[C@@H](NC(=O)[C@H](CC(C)C)NC(=O)[C@@H](S)CCN1C(=O)N(C)C(C)(C)C1=O)C(C)(C)C,CHEMBL321,Matrix metalloproteinase-9,INHIBITOR,Matrix metalloproteinase 9 inhibitor,2
CHEMBL478858,PACTIMIBE,CCCCCCCCN1CCc2c(C)c(CC(=O)O)c(C)c(NC(=O)C(C)(C)C)c21,CHEMBL4465,Sterol O-acyltransferase 2,INHIBITOR,Acyl coenzyme A:cholesterol acyltransferase 2 inhibitor,2
CHEMBL4297223,MITAPIVAT SULFATE,O.O.O.O=C(c1ccc(NS(=O)(=O)c2cccc3cccnc23)cc1)N1CCN(CC2CC2)CC1.O=C(c1ccc(NS(=O)(=O)c2cccc3cccnc23)cc1)N1CCN(CC2CC2)CC1.O=S(=O)(O)O,CHEMBL1075126,Pyruvate kinase PKLR,ACTIVATOR,Pyruvate kinase isozymes R/L activator,4
CHEMBL4802159,ENPATORAN,N#Cc1ccc(N2C[C@H](N)C[C@H](C(F)(F)F)C2)c2cccnc12,CHEMBL5805,Toll-like receptor 8,ANTAGONIST,Toll-like receptor 8 antagonist,2
CHEMBL2106643,MYCOPHENOLATE SODIUM,COc1c(C)c2c(c(O)c1C/C=C(\C)CCC(=O)[O-])C(=O)OC2.[Na+],CHEMBL2111369,Inosine-5'-monophosphate dehydrogenase (IMPDH),INHIBITOR,Inosine-5'-monophosphate dehydrogenase (IMPDH) inhibitor,4
CHEMBL471498,MITIGLINIDE,O=C(O)[C@H](CC(=O)N1C[C@H]2CCCC[C@H]2C1)Cc1ccccc1,CHEMBL2096972,"Sulfonylurea receptor 1, Kir6.2",BLOCKER,"Sulfonylurea receptor 1, Kir6.2 blocker",3
CHEMBL4297257,ALBUVIRTIDE,CC[C@H](C)[C@H](NC(=O)[C@H](CC(C)C)NC(=O)[C@H](CCC(=O)O)NC(=O)[C@H](Cc1c[nH]cn1)NC(=O)[C@@H](NC(=O)[C@H](CC(C)C)NC(=O)[C@H](CCCCNC(=O)COCCOCCNC(=O)CCN1C(=O)C=CC1=O)NC(=O)[C@@H](NC(=O)[C@H](Cc1ccc(O)cc1)NC(=O)[C@H](CC(N)=O)NC(=O)[C@H](CC(N)=O)NC(=O)[C@@H](NC(=O)[C@H](CCC(=O)O)NC(=O)[C@H](CCCNC(=N)N)NC(=O)[C@H](CC(=O)O)NC(=O)[C@H](Cc1c[nH]c2ccccc12)NC(=O)[C@H](CCC(=O)O)NC(=O)[C@H](CCC(=O)O)NC(=O)[C@H](Cc1c[nH]c2ccccc12)NC(C)=O)[C@@H](C)CC)[C@@H](C)O)[C@@H](C)CC)C(=O)N[C@@H](CCC(=O)O)C(=O)N[C@@H](CCC(=O)O)C(=O)N[C@@H](CO)C(=O)N[C@@H](CCC(N)=O)C(=O)N[C@@H](CC(N)=O)C(=O)N[C@@H](CCC(N)=O)C(=O)N[C@@H](CCC(N)=O)C(=O)N[C@@H](CCC(=O)O)C(=O)N[C@@H](CCCCN)C(=O)N[C@@H](CC(N)=O)C(=O)N[C@@H](CCC(=O)O)C(=O)N[C@@H](CCC(N)=O)C(=O)N[C@@H](CCC(=O)O)C(=O)N[C@@H](CC(C)C)C(=O)N[C@@H](CC(C)C)C(N)=O,CHEMBL3559676,GP41,INHIBITOR,GP41 inhibitor,3
CHEMBL42442,OXFENDAZOLE,COC(=O)Nc1nc2cc([S+]([O-])c3ccccc3)ccc2[nH]1,CHEMBL2364705,Tubulin,INHIBITOR,Tubulin inhibitor,2
CHEMBL4105630,ZURANOLONE,C[C@@]1(O)CC[C@H]2[C@H](CC[C@@H]3[C@@H]2CC[C@]2(C)[C@@H](C(=O)Cn4cc(C#N)cn4)CC[C@@H]32)C1,CHEMBL2093872,GABA-A receptor; anion channel,POSITIVE ALLOSTERIC MODULATOR,GABA-A receptor; anion channel positive allosteric modulator,4
CHEMBL3527000,E-7016,O=c1[nH]nc2c3c(cccc13)Oc1ccc(CN3CCC(O)CC3)cc1-2,CHEMBL3390820,"PARP 1, 2 and 3",INHIBITOR,"PARP 1, 2 and 3 inhibitor",2
CHEMBL136737,NIMUSTINE,Cc1ncc(CNC(=O)N(CCCl)N=O)c(N)n1,CHEMBL2311221,DNA,DISRUPTING AGENT,DNA disrupting agent,2
CHEMBL134713,GTS-21,COc1ccc(/C=C2\CCCN=C2c2cccnc2)c(OC)c1,CHEMBL2492,Neuronal acetylcholine receptor subunit alpha-7,AGONIST,Neuronal acetylcholine receptor protein alpha-7 subunit agonist,2
CHEMBL274070,9-AMINOCAMPTOTHECIN,CC[C@@]1(O)C(=O)OCc2c1cc1n(c2=O)Cc2cc3c(N)cccc3nc2-1,CHEMBL1781,DNA topoisomerase 1,INHIBITOR,DNA topoisomerase I inhibitor,2
CHEMBL5267842,PALTUSOTINE,N#Cc1cccc(-c2ccc3ncc(-c4cc(F)cc(F)c4)c(N4CCC(N)CC4)c3c2)c1O,CHEMBL1804,Somatostatin receptor type 2,AGONIST,Somatostatin receptor 2 agonist,3
CHEMBL4297622,ROVATIRELIN,C[C@@H]1OC(=O)N[C@@H]1C(=O)N[C@@H](Cc1cscn1)C(=O)N1CCC[C@H]1C,CHEMBL1810,Thyrotropin-releasing hormone receptor,AGONIST,Thyrotropin-releasing hormone receptor agonist,3
CHEMBL4297363,UCB-1184197,CCOC(=O)[C@H](Cc1ccc(Nc2nccc3ccncc23)cc1)NC1=C(Br)C(=O)C12CCCCC2,CHEMBL278,Integrin alpha-4,INHIBITOR,Integrin alpha-4 inhibitor,2
CHEMBL4650333,SERALUTINIB,COc1ccc(-c2cncc(N[C@@H](C)c3cccc(NC(=O)c4cncc(C)c4)c3)n2)cc1OC,CHEMBL1936,Mast/stem cell growth factor receptor Kit,INHIBITOR,Stem cell growth factor receptor inhibitor,3
CHEMBL4110551,SITOKIREN,COC(=O)NCCCn1nc([C@@H](C)N(C(=O)[C@H]2CNCCO2)C2CC2)c2ccc(C)nc21,CHEMBL286,Renin,INHIBITOR,Renin inhibitor,3
CHEMBL4080062,BFH-772,O=C(Nc1cccc(C(F)(F)F)c1)c1cccc2cc(Oc3cc(CO)ncn3)ccc12,CHEMBL279,Vascular endothelial growth factor receptor 2,INHIBITOR,Vascular endothelial growth factor receptor 2 inhibitor,2
CHEMBL4297611,VENGLUSTAT,CC(C)(NC(=O)O[C@@H]1CN2CCC1CC2)c1csc(-c2ccc(F)cc2)n1,CHEMBL2063,Ceramide glucosyltransferase,INHIBITOR,Ceramide glucosyltransferase inhibitor,3
CHEMBL5314421,AMELPARIB DIHYDROCHLORIDE DIHYDRATE,CCOc1cc(CN2CCOCC2)cc2[nH]c(=O)c3c(c12)NCCC3.Cl.Cl.O.O,CHEMBL3105,Poly [ADP-ribose] polymerase 1,INHIBITOR,Poly [ADP-ribose] polymerase-1 inhibitor,2
CHEMBL4802152,SENAPARIB,O=C(c1cc(Cn2c(=O)[nH]c(=O)c3c(F)cccc32)ccc1F)N1CCN(c2ncccn2)CC1,CHEMBL3105,Poly [ADP-ribose] polymerase 1,INHIBITOR,Poly [ADP-ribose] polymerase-1 inhibitor,2
CHEMBL76222,REBIMASTAT,CNC(=O)[C@@H](NC(=O)[C@H](CC(C)C)NC(=O)[C@@H](S)CCN1C(=O)N(C)C(C)(C)C1=O)C(C)(C)C,CHEMBL3869,Matrix metalloproteinase-14,INHIBITOR,Matrix metalloproteinase 14 inhibitor,2
CHEMBL440498,CTS-1027,O=C(NO)C1(CS(=O)(=O)c2ccc(Oc3ccc(Cl)cc3)cc2)CCOCC1,CHEMBL4588,Neutrophil collagenase,INHIBITOR,Matrix metalloproteinase 8 inhibitor,2
CHEMBL5095036,AZENOSERTIB,C=CCn1c(=O)c2cnc(Nc3ccc(N4CCN(C)CC4)cc3)nc2n1-c1ccc2c(n1)[C@@](O)(CC)CC2,CHEMBL5491,Wee1-like protein kinase,INHIBITOR,Serine/threonine-protein kinase WEE1 inhibitor,2
CHEMBL4650989,TALETRECTINIB,C[C@@H](N)COc1ccc(-c2cnc3ccc(N[C@H](C)c4cccc(F)c4)nn23)cc1,CHEMBL5568,Proto-oncogene tyrosine-protein kinase ROS,INHIBITOR,Proto-oncogene tyrosine-protein kinase ROS inhibitor,2
CHEMBL3746329,SHR-4640,O=C(O)C1(Sc2ccnc3ccc(Br)cc23)CCC1,CHEMBL6120,Solute carrier family 22 member 12,INHIBITOR,Solute carrier family 22 member 12 inhibitor,3
CHEMBL4650333,SERALUTINIB,COc1ccc(-c2cncc(N[C@@H](C)c3cccc(NC(=O)c4cncc(C)c4)c3)n2)cc1OC,CHEMBL2095189,Platelet-derived growth factor receptor,INHIBITOR,Platelet-derived growth factor receptor inhibitor,3
CHEMBL3544975,RELENOPRIDE,COc1cc(N)c(Cl)cc1C(=O)NCC1CCN(CC[C@H](OC(N)=O)c2ccc(F)cc2)CC1,CHEMBL1875,5-hydroxytryptamine receptor 4,AGONIST,Serotonin 4 (5-HT4) receptor agonist,2
CHEMBL2375161,SUROTOMYCIN,CCCCCc1ccc(/C(C)=C/C(=O)N[C@H](Cc2c[nH]c3ccccc23)C(=O)N[C@H](CC(N)=O)C(=O)N[C@@H](CC(=O)O)C(=O)N[C@@H]2C(=O)NCC(=O)N[C@@H](CCCN)C(=O)N[C@@H](CC(=O)O)C(=O)N[C@H](C)C(=O)N[C@@H](CC(=O)O)C(=O)NCC(=O)N[C@H](CO)C(=O)N[C@@H]([C@H](C)CC(=O)O)C(=O)N[C@@H](CC(=O)c3ccccc3N)C(=O)O[C@@H]2C)cc1,CHEMBL2364031,Cell membrane,DISRUPTING AGENT,Cell membrane disrupting agent,3
CHEMBL4297218,ROVAZOLAC,CCOC(=O)Cn1nc(C(F)(F)F)cc1-c1ccc(-c2cccc(S(C)(=O)=O)c2)cc1,CHEMBL3706564,Liver X receptor,AGONIST,Liver X receptor agonist,2
CHEMBL4116649,LENUMLOSTAT,NCc1cc(Oc2cccc(C(=O)N3C[C@@H](O)[C@H](F)C3)c2)nc(C(F)(F)F)c1,CHEMBL3714029,Lysyl oxidase homolog 2,INHIBITOR,Lysyl oxidase homolog 2 inhibitor,2
CHEMBL4650301,VALILTRAMIPROSATE,CC(C)[C@H](N)C(=O)NCCCS(=O)(=O)O,CHEMBL2487,Amyloid-beta precursor protein,STABILISER,Amyloid-beta A4 protein stabiliser,3
CHEMBL113051,GIMATECAN,CC[C@@]1(O)C(=O)OCc2c1cc1n(c2=O)Cc2c-1nc1ccccc1c2/C=N/OC(C)(C)C,CHEMBL1781,DNA topoisomerase 1,INHIBITOR,DNA topoisomerase I inhibitor,2
CHEMBL73451,MEQUITAZINE,c1ccc2c(c1)Sc1ccccc1N2CC1CN2CCC1CC2,CHEMBL231,Histamine H1 receptor,ANTAGONIST,Histamine H1 receptor antagonist,2
CHEMBL46516,FLUSPIRILENE,O=C1NCN(c2ccccc2)C12CCN(CCCC(c1ccc(F)cc1)c1ccc(F)cc1)CC2,CHEMBL217,D(2) dopamine receptor,INHIBITOR,Dopamine D2 receptor inhibitor,3
CHEMBL4594401,RAFUTROMBOPAG,CC1=NN(c2ccc3c(c2)CCCC3)C(=O)/C1=N\Nc1cccc(-c2ccc(C(=O)O)o2)c1O,CHEMBL1864,Thrombopoietin receptor,AGONIST,Thrombopoietin receptor agonist,3
CHEMBL38434,BREQUINAR,Cc1c(-c2ccc(-c3ccccc3F)cc2)nc2ccc(F)cc2c1C(=O)O,CHEMBL1966,"Dihydroorotate dehydrogenase (quinone), mitochondrial",INHIBITOR,Dihydroorotate dehydrogenase inhibitor,2
CHEMBL4297399,LY-2608204,O=C(Nc1ncc(SCCN2CCCC2)s1)[C@]1(c2ccc(S(=O)(=O)C3CC3)cc2)C[C@H]1C1CCCCC1,CHEMBL3820,Hexokinase-4,ACTIVATOR,Hexokinase type IV activator,2
CHEMBL295698,LEVOKETOCONAZOLE,CC(=O)N1CCN(c2ccc(OC[C@@H]3CO[C@@](Cn4ccnc4)(c4ccc(Cl)cc4Cl)O3)cc2)CC1,CHEMBL3522,"Steroid 17-alpha-hydroxylase/17,20 lyase",INHIBITOR,Cytochrome P450 17A1 inhibitor,4
CHEMBL4802150,NAVOCAFTOR,Nc1cc(S(=O)(=O)c2ccc(OC(F)(F)F)cc2)cnc1-c1nnc(CO)o1,CHEMBL4051,Cystic fibrosis transmembrane conductance regulator,POSITIVE MODULATOR,Cystic fibrosis transmembrane conductance regulator positive modulator,2
CHEMBL562318,MARDEPODECT,Cn1cc(-c2ccncc2)c(-c2ccc(OCc3ccc4ccccc4n3)cc2)n1,CHEMBL4409,"cAMP and cAMP-inhibited cGMP 3',5'-cyclic phosphodiesterase 10A",INHIBITOR,Phosphodiesterase 10A inhibitor,2
CHEMBL4802157,ELINZANETANT,Cc1cc(F)ccc1-c1cc(N2C[C@H]3COCCN3C[C@H]2CO)ncc1N(C)C(=O)C(C)(C)c1cc(C(F)(F)F)cc(C(F)(F)F)c1,CHEMBL4429,Neuromedin-K receptor,ANTAGONIST,Neurokinin 3 receptor antagonist,3
CHEMBL76222,REBIMASTAT,CNC(=O)[C@@H](NC(=O)[C@H](CC(C)C)NC(=O)[C@@H](S)CCN1C(=O)N(C)C(C)(C)C1=O)C(C)(C)C,CHEMBL4588,Neutrophil collagenase,INHIBITOR,Matrix metalloproteinase 8 inhibitor,2
CHEMBL76222,REBIMASTAT,CNC(=O)[C@@H](NC(=O)[C@H](CC(C)C)NC(=O)[C@@H](S)CCN1C(=O)N(C)C(C)(C)C1=O)C(C)(C)C,CHEMBL280,Collagenase 3,INHIBITOR,Matrix metalloproteinase 13 inhibitor,2
CHEMBL76222,REBIMASTAT,CNC(=O)[C@@H](NC(=O)[C@H](CC(C)C)NC(=O)[C@@H](S)CCN1C(=O)N(C)C(C)(C)C1=O)C(C)(C)C,CHEMBL332,Interstitial collagenase,INHIBITOR,Matrix metalloproteinase-1 inhibitor,2
CHEMBL4650323,TOLEBRUTINIB,C=CC(=O)N1CCC[C@@H](n2c(=O)n(-c3ccc(Oc4ccccc4)cc3)c3c(N)nccc32)C1,CHEMBL5251,Tyrosine-protein kinase BTK,INHIBITOR,Tyrosine-protein kinase BTK inhibitor,3
CHEMBL303933,PIPERAQUINE,Clc1ccc2c(N3CCN(CCCN4CCN(c5ccnc6cc(Cl)ccc56)CC4)CC3)ccnc2c1,CHEMBL613897,Ferriprotoporphyrin IX,INHIBITOR,Ferriprotoporphyrin IX inhibitor,3
CHEMBL4650324,VEBICORVIR,O=C(NCc1cnc(C(F)(F)F)s1)c1ccc2c(c1)NC(=O)c1ccccc1S2(=O)=O,CHEMBL1075091,Core antigen,INHIBITOR,Core antigen inhibitor,2
CHEMBL4303187,SETANAXIB,CN(C)c1cccc(-c2c3c(=O)n(-c4ccccc4Cl)[nH]c3cc(=O)n2C)c1,CHEMBL1287628,NADPH oxidase 1,INHIBITOR,NADPH oxidase 1 inhibitor,2
CHEMBL4650337,ULOTARONT,CNC[C@@H]1OCCc2ccsc21,CHEMBL5857,Trace amine-associated receptor 1,AGONIST,Trace amine-associated receptor 1 agonist,3
CHEMBL4303187,SETANAXIB,CN(C)c1cccc(-c2c3c(=O)n(-c4ccccc4Cl)[nH]c3cc(=O)n2C)c1,CHEMBL1250375,NADPH oxidase 4,INHIBITOR,NADPH oxidase 4 inhibitor,2
CHEMBL3545122,DOLCANATIDE,CC(C)C[C@@H]1NC(=O)[C@H](CCC(=O)O)NC(=O)[C@@H](NC(=O)[C@H](CCC(=O)O)NC(=O)[C@H](CC(=O)O)NC(=O)[C@H](N)CC(N)=O)CSSC[C@H](NC(=O)[C@H](C)NC(=O)[C@@H](NC(=O)[C@@H](N)CC(N)=O)C(C)C)C(=O)N[C@@H]([C@@H](C)O)C(=O)NCC(=O)N[C@H](C(=O)N[C@H](CC(C)C)C(=O)O)CSSC[C@@H](C(=O)N[C@H](C(=O)O)C(C)C)NC1=O,CHEMBL1795197,Guanylyl cyclase C,AGONIST,Heat-stable enterotoxin receptor agonist,2
CHEMBL3264610,SEVITERONEL,CC(C)[C@](O)(c1ccc2cc(OC(F)F)c(OC(F)F)cc2c1)c1c[nH]nn1,CHEMBL1871,Androgen receptor,ANTAGONIST,Androgen Receptor antagonist,2
CHEMBL1084173,VILANTEROL .ALPHA.-PHENYL CINNAMATE,O=C(O)/C(=C/c1ccccc1)c1ccccc1.OCc1cc([C@@H](O)CNCCCCCCOCCOCc2c(Cl)cccc2Cl)ccc1O,CHEMBL210,Beta-2 adrenergic receptor,AGONIST,Beta-2 adrenergic receptor agonist,2
CHEMBL3545305,CIBINETIDE,CC(C)C[C@H](NC(=O)[C@H](C)NC(=O)[C@H](CCCNC(=N)N)NC(=O)[C@H](CCC(=O)O)NC(=O)[C@H](CC(C)C)NC(=O)[C@H](CCC(N)=O)NC(=O)[C@H](CCC(=O)O)NC(=O)[C@@H]1CCC(=O)N1)C(=O)N[C@@H](CC(N)=O)C(=O)N[C@@H](CO)C(=O)N[C@@H](CO)C(=O)O,CHEMBL4804252,Innate repair receptor,AGONIST,Innate repair receptor agonist,2
CHEMBL473159,PHLOROGLUCINOL,Oc1cc(O)cc(O)c1,CHEMBL2363032,Voltage-gated calcium channel,BLOCKER,Voltage-gated calcium channel blocker,3
CHEMBL4567446,CLESACOSTAT,COc1cc(C(=O)N2CCC3(CC2)CC(=O)c2c(cnn2C(C)C)C3)cc(-c2ccc(C(=O)O)cc2)n1,CHEMBL3885507,Acetyl-CoA carboxylase,INHIBITOR,Acetyl-CoA carboxylase inhibitor,2
CHEMBL2063705,LFF-571,CNC(=O)C[C@@H]1NC(=O)c2csc(n2)-c2ccc(-c3nc(N(CCCCC(=O)O)C(=O)O[C@H]4CC[C@H](C(=O)O)CC4)cs3)nc2-c2csc(n2)-c2csc(n2)[C@H]([C@@H](O)c2ccccc2)NC(=O)CNC(=O)c2nc(sc2COC)[C@H](C(C)C)NC(=O)c2nc1sc2C,CHEMBL4804248,Elongation factor Tu,INHIBITOR,Elongation factor Tu inhibitor,2
CHEMBL4650334,ALDUMASTAT,C[C@H]1CN(C(=O)CC[C@@]2(C3CC3)NC(=O)NC2=O)CCN1c1cc(F)cc(F)c1,CHEMBL2285,A disintegrin and metalloproteinase with thrombospondin motifs 5,INHIBITOR,ADAMTS5 inhibitor,2
CHEMBL4650342,ONZIGOLIDE,CCCN1C[C@H](CSCC(=O)NCCCC[C@@H](NC(=O)CSC[C@@H]2C[C@@H]3c4cccc5[nH]cc(c45)C[C@H]3N(CCC)C2)C(=O)N[C@H]2CSSC[C@@H](C(=O)N[C@H](C(N)=O)[C@@H](C)O)NC(=O)[C@H](CC)NC(=O)[C@H](CCCCN)NC(=O)[C@@H](Cc3c[nH]c4ccccc34)NC(=O)[C@H](Cc3ccc(O)cc3)NC2=O)C[C@@H]2c3cccc4[nH]cc(c34)C[C@H]21,CHEMBL1792,Somatostatin receptor type 5,AGONIST,Somatostatin receptor 5 agonist,2
CHEMBL13828,OXATOMIDE,O=c1[nH]c2ccccc2n1CCCN1CCN(C(c2ccccc2)c2ccccc2)CC1,CHEMBL231,Histamine H1 receptor,ANTAGONIST,Histamine H1 receptor antagonist,2
CHEMBL591501,PF-03049423,CCCOCCn1c(=O)c(N2CCN(CCO)CC2)nc2cnc(-c3ccc(OC)nc3)cc21,CHEMBL1827,"cGMP-specific 3',5'-cyclic phosphodiesterase",INHIBITOR,Phosphodiesterase 5A inhibitor,2
CHEMBL4650340,TRAZPIROBEN,O=C(O)c1cccc(CN2CN(C3CCCCC3)C3(CCN(CCCC(=O)c4ccccc4)CC3)C2=O)c1,CHEMBL217,D(2) dopamine receptor,ANTAGONIST,Dopamine D2 receptor antagonist,2
CHEMBL284092,GEPIRONE,CC1(C)CC(=O)N(CCCCN2CCN(c3ncccn3)CC2)C(=O)C1,CHEMBL214,5-hydroxytryptamine receptor 1A,AGONIST,Serotonin 1a (5-HT1a) receptor agonist,4
CHEMBL395280,HUPERZINE A,C/C=C1\[C@H]2C=C(C)C[C@]1(N)c1ccc(=O)[nH]c1C2,CHEMBL220,Acetylcholinesterase,INHIBITOR,Acetylcholinesterase inhibitor,2
CHEMBL76688,SIVELESTAT,CC(C)(C)C(=O)Oc1ccc(S(=O)(=O)Nc2ccccc2C(=O)NCC(=O)O)cc1,CHEMBL248,Neutrophil elastase,INHIBITOR,Leukocyte elastase inhibitor,3
CHEMBL4206492,OSORESNONTRINE,O=c1[nH]c(Cc2ccccn2)nc2c1cnn2C1CCOCC1,CHEMBL3535,"High affinity cGMP-specific 3',5'-cyclic phosphodiesterase 9A",INHIBITOR,Phosphodiesterase 9A inhibitor,2
CHEMBL206815,APRATASTAT,CC1(C)SCCN(S(=O)(=O)c2ccc(OCC#CCO)cc2)[C@H]1C(=O)NO,CHEMBL3706,Disintegrin and metalloproteinase domain-containing protein 17,INHIBITOR,ADAM17 inhibitor,2
CHEMBL440498,CTS-1027,O=C(NO)C1(CS(=O)(=O)c2ccc(Oc3ccc(Cl)cc3)cc2)CCOCC1,CHEMBL321,Matrix metalloproteinase-9,INHIBITOR,Matrix metalloproteinase 9 inhibitor,2
CHEMBL4594298,ENCEQUIDAR,COc1cc2c(cc1OC)CN(CCc1ccc(-n3nnc(-c4cc(OC)c(OC)cc4NC(=O)c4cc(=O)c5ccccc5o4)n3)cc1)CC2,CHEMBL4302,ATP-dependent translocase ABCB1,INHIBITOR,P-glycoprotein 1 inhibitor,3
CHEMBL440498,CTS-1027,O=C(NO)C1(CS(=O)(=O)c2ccc(Oc3ccc(Cl)cc3)cc2)CCOCC1,CHEMBL4393,Macrophage metalloelastase,INHIBITOR,Matrix metalloproteinase 12 inhibitor,2
CHEMBL440498,CTS-1027,O=C(NO)C1(CS(=O)(=O)c2ccc(Oc3ccc(Cl)cc3)cc2)CCOCC1,CHEMBL280,Collagenase 3,INHIBITOR,Matrix metalloproteinase 13 inhibitor,2
CHEMBL4802152,SENAPARIB,O=C(c1cc(Cn2c(=O)[nH]c(=O)c3c(F)cccc32)ccc1F)N1CCN(c2ncccn2)CC1,CHEMBL5366,Poly [ADP-ribose] polymerase 2,INHIBITOR,Poly [ADP-ribose] polymerase 2 inhibitor,2
CHEMBL2104765,TRIMEGESTONE,C[C@H](O)C(=O)[C@@]1(C)CC[C@H]2[C@@H]3CCC4=CC(=O)CCC4=C3CC[C@@]21C,CHEMBL208,Progesterone receptor,AGONIST,Progesterone receptor agonist,3
CHEMBL1476022,NOMEGESTROL ACETATE,CC(=O)O[C@]1(C(C)=O)CC[C@H]2[C@@H]3C=C(C)C4=CC(=O)CC[C@@H]4[C@H]3CC[C@@]21C,CHEMBL208,Progesterone receptor,AGONIST,Progesterone receptor agonist,3
CHEMBL4297527,REVAMILAST,O=C(Nc1c(Cl)c[n+]([O-])cc1Cl)c1ccc(OC(F)F)c2oc3ccncc3c12,CHEMBL2093863,Phosphodiesterase 4,INHIBITOR,Phosphodiesterase 4 inhibitor,2
CHEMBL2107759,MILATAXEL,CCC(=O)O[C@H]1C[C@H]2OC[C@@]2(OC(C)=O)C2[C@H](OC(=O)c3ccccc3)[C@]3(O)C[C@H](OC(=O)[C@H](O)[C@@H](CC(=O)OC(C)(C)C)c4ccco4)C(C)=C([C@@H](O)C(=O)[C@@]21C)C3(C)C,CHEMBL2095182,Tubulin,INHIBITOR,Tubulin inhibitor,2
CHEMBL1823872,SOMATOSTATIN,C[C@H](N)C(=O)NCC(=O)N[C@H]1CSSC[C@@H](C(=O)O)NC(=O)[C@H](CO)NC(=O)[C@H]([C@@H](C)O)NC(=O)[C@H](Cc2ccccc2)NC(=O)[C@H]([C@@H](C)O)NC(=O)[C@H](CCCCN)NC(=O)[C@H](Cc2c[nH]c3ccccc23)NC(=O)[C@H](Cc2ccccc2)NC(=O)[C@H](Cc2ccccc2)NC(=O)[C@H](CC(N)=O)NC(=O)[C@H](CCCCN)NC1=O,CHEMBL2111436,Somatostatin receptor,AGONIST,Somatostatin receptor agonist,3
CHEMBL128748,DIMETHYLCURCUMIN,COc1ccc(/C=C/C(=O)/C=C(O)/C=C/c2ccc(OC)c(OC)c2)cc1OC,CHEMBL1871,Androgen receptor,DEGRADER,Androgen Receptor degrader,2
CHEMBL1095607,REPROTEROL,Cn1c(=O)c2c(ncn2CCCNCC(O)c2cc(O)cc(O)c2)n(C)c1=O,CHEMBL210,Beta-2 adrenergic receptor,AGONIST,Beta-2 adrenergic receptor agonist,2
CHEMBL42442,OXFENDAZOLE,COC(=O)Nc1nc2cc([S+]([O-])c3ccccc3)ccc2[nH]1,CHEMBL2364704,Tubulin,INHIBITOR,Tubulin inhibitor,2
CHEMBL4802159,ENPATORAN,N#Cc1ccc(N2C[C@H](N)C[C@H](C(F)(F)F)C2)c2cccnc12,CHEMBL5936,Toll-like receptor 7,ANTAGONIST,Toll-like receptor 7 antagonist,2
CHEMBL277535,BIFONAZOLE,c1ccc(-c2ccc(C(c3ccccc3)n3ccnc3)cc2)cc1,CHEMBL4804261,3-hydroxy-3-methylglutaryl-coenzyme A reductase,INHIBITOR,HMG-CoA reductase inhibitor,3
CHEMBL4650989,TALETRECTINIB,C[C@@H](N)COc1ccc(-c2cnc3ccc(N[C@H](C)c4cccc(F)c4)nn23)cc1,CHEMBL3559684,Neurotrophic tyrosine kinase receptor,INHIBITOR,Neurotrophic tyrosine kinase receptor inhibitor,2
CHEMBL1447,LINCOMYCIN,CCC[C@@H]1C[C@@H](C(=O)N[C@@H]([C@H]2O[C@H](SC)[C@H](O)[C@@H](O)[C@H]2O)[C@@H](C)O)N(C)C1,CHEMBL2363135,Bacterial 70S ribosome,INHIBITOR,Bacterial 70S ribosome inhibitor,4
CHEMBL2107811,ZABOFLOXACIN,CO/N=C1\CN(c2nc3c(cc2F)c(=O)c(C(=O)O)cn3C2CC2)CC12CNC2,CHEMBL2311224,Bacterial DNA gyrase,INHIBITOR,Bacterial DNA gyrase inhibitor,3
CHEMBL3311228,OTESECONAZOLE,O[C@@](Cn1cnnn1)(c1ccc(F)cc1F)C(F)(F)c1ccc(-c2ccc(OCC(F)(F)F)cc2)cn1,CHEMBL4662933,Lanosterol 14-alpha demethylase,INHIBITOR,Lanosterol 14-alpha demethylase inhibitor,4
CHEMBL435191,EDOTECARIN,O=C1c2c(c3c4ccc(O)cc4n([C@@H]4O[C@H](CO)[C@@H](O)[C@H](O)[C@H]4O)c3c3[nH]c4cc(O)ccc4c23)C(=O)N1NC(CO)CO,CHEMBL1781,DNA topoisomerase 1,INHIBITOR,DNA topoisomerase I inhibitor,3
CHEMBL1743260,KARENITECIN,CC[C@@]1(O)C(=O)OCc2c1cc1n(c2=O)Cc2cc3c(CC[Si](C)(C)C)cccc3nc2-1,CHEMBL1781,DNA topoisomerase 1,INHIBITOR,DNA topoisomerase I inhibitor,3
CHEMBL4297593,ATECEGATRAN METOXIL,CONC(=N)c1ccc(CNC(=O)[C@@H]2CCN2C(=O)[C@H](O)c2cc(Cl)cc(OC(F)F)c2)cc1,CHEMBL204,Prothrombin,INHIBITOR,Thrombin inhibitor,2
CHEMBL4650333,SERALUTINIB,COc1ccc(-c2cncc(N[C@@H](C)c3cccc(NC(=O)c4cncc(C)c4)c3)n2)cc1OC,CHEMBL1844,Macrophage colony-stimulating factor 1 receptor,INHIBITOR,Macrophage colony stimulating factor receptor inhibitor,3
CHEMBL1082462,DBPR-108,CC(C)(CC(=O)N1CCCC1)NCC(=O)N1C[C@@H](F)C[C@H]1C#N,CHEMBL284,Dipeptidyl peptidase 4,INHIBITOR,Dipeptidyl peptidase IV inhibitor,3
CHEMBL3918017,SELETRACETAM,CC[C@@H](C(N)=O)N1C[C@H](C=C(F)F)CC1=O,CHEMBL1998,Synaptic vesicle glycoprotein 2A,MODULATOR,Synaptic vesicle glycoprotein 2A modulator,3
CHEMBL3617964,ALVELESTAT,Cc1c(-c2ccnn2C)cc(C(=O)NCc2ccc(S(C)(=O)=O)cn2)c(=O)n1-c1cccc(C(F)(F)F)c1,CHEMBL248,Neutrophil elastase,INHIBITOR,Leukocyte elastase inhibitor,2
CHEMBL295698,LEVOKETOCONAZOLE,CC(=O)N1CCN(c2ccc(OC[C@@H]3CO[C@@](Cn4ccnc4)(c4ccc(Cl)cc4Cl)O3)cc2)CC1,CHEMBL2033,"Cholesterol side-chain cleavage enzyme, mitochondrial",INHIBITOR,Cytochrome P450 11A1 inhibitor,4
CHEMBL4297635,SETOGEPRAM,CCCCCc1cccc(CC(=O)O)c1,CHEMBL4422,Free fatty acid receptor 1,AGONIST,Free fatty acid receptor 1 agonist,2
CHEMBL4299940,MITAPIVAT,O=C(c1ccc(NS(=O)(=O)c2cccc3cccnc23)cc1)N1CCN(CC2CC2)CC1,CHEMBL1075126,Pyruvate kinase PKLR,ACTIVATOR,Pyruvate kinase isozymes R/L activator,4
CHEMBL572284,OMBRABULIN,COc1ccc(/C=C\c2cc(OC)c(OC)c(OC)c2)cc1NC(=O)[C@@H](N)CO,CHEMBL2095182,Tubulin,INHIBITOR,Tubulin inhibitor,3
CHEMBL460291,LACIDIPINE,CCOC(=O)C1=C(C)NC(C)=C(C(=O)OCC)C1c1ccccc1/C=C/C(=O)OC(C)(C)C,CHEMBL2095229,Voltage-gated L-type calcium channel,BLOCKER,Voltage-gated L-type calcium channel blocker,3
CHEMBL2106939,POLIHEXANIDE,CCCCCCNC(=N)NC(=N)N,CHEMBL4804260,Cell membrane,DISRUPTING AGENT,Cell membrane disrupting agent,4
CHEMBL3639788,TELAGLENASTAT,O=C(Cc1cccc(OC(F)(F)F)c1)Nc1ccc(CCCCc2nnc(NC(=O)Cc3ccccn3)s2)nn1,CHEMBL2146302,"Glutaminase kidney isoform, mitochondrial",INHIBITOR,"Glutaminase kidney isoform, mitochondrial inhibitor",2
CHEMBL4297645,CEFILAVANCIN,CN[C@H](CC(C)C)C(=O)N[C@H]1C(=O)N[C@@H](CC(N)=O)C(=O)N[C@H]2C(=O)N[C@H]3C(=O)N[C@H](C(=O)N[C@H](C(=O)NCCCO/N=C(\C(=O)N[C@@H]4C(=O)N5C(C(=O)[O-])=C(C[n+]6ccccc6)CS[C@H]45)c4nc(N)sc4Cl)c4cc(O)cc(O)c4-c4cc3ccc4O)[C@H](O)c3ccc(c(Cl)c3)Oc3cc2cc(c3O[C@@H]2O[C@H](CO)[C@@H](O)[C@H](O)[C@H]2O[C@H]2C[C@](C)(N)[C@H](O)[C@H](C)O2)Oc2ccc(cc2Cl)[C@H]1O,CHEMBL2354204,Bacterial penicillin-binding protein,INHIBITOR,Bacterial penicillin-binding protein inhibitor,2
CHEMBL224436,JOSAMYCIN,CO[C@@H]1[C@@H](O[C@@H]2O[C@H](C)[C@@H](O[C@H]3C[C@@](C)(O)[C@@H](OC(=O)CC(C)C)[C@H](C)O3)[C@H](N(C)C)[C@H]2O)[C@@H](CC=O)C[C@@H](C)[C@@H](O)/C=C/C=C/C[C@@H](C)OC(=O)C[C@H]1OC(C)=O,CHEMBL2363135,Bacterial 70S ribosome,INHIBITOR,Bacterial 70S ribosome inhibitor,3
CHEMBL2106939,POLIHEXANIDE,CCCCCCNC(=N)NC(=N)N,CHEMBL2364031,Cell membrane,DISRUPTING AGENT,Cell membrane disrupting agent,4
CHEMBL4297635,SETOGEPRAM,CCCCCc1cccc(CC(=O)O)c1,CHEMBL3714079,G-protein coupled receptor 84,ANTAGONIST,G-protein coupled receptor 84 antagonist,2
CHEMBL1908318,NEPADUTANT,CC(=O)N[C@@H]1[C@@H](O)[C@H](O)[C@@H](CO)O[C@H]1NC(=O)C[C@@H]1NC(=O)[C@H](CC(C)C)NC(=O)[C@@H]2CNC(=O)C[C@H](NC1=O)C(=O)N[C@@H](Cc1c[nH]c3ccccc13)C(=O)N[C@@H](Cc1ccccc1)C(=O)N2,CHEMBL2327,Substance-K receptor,ANTAGONIST,Neurokinin 2 receptor antagonist,2
CHEMBL1921904,AZD-9164,C[C@@](C(=O)O[C@H]1C[N+]2(CCc3ccc(F)cc3)CCC1CC2)(c1ccccc1)N1CCCCC1,CHEMBL245,Muscarinic acetylcholine receptor M3,ANTAGONIST,Muscarinic acetylcholine receptor M3 antagonist,2
CHEMBL4297447,TRV-120027,CC[C@H](C)[C@H](NC(=O)[C@H](Cc1ccc(O)cc1)NC(=O)[C@@H](NC(=O)[C@H](CCCNC(=N)N)NC(=O)CNC)C(C)C)C(=O)N[C@@H](Cc1cnc[nH]1)C(=O)N1CCC[C@H]1C(=O)N[C@H](C)C(=O)O,CHEMBL227,Type-1 angiotensin II receptor,ANTAGONIST,Type-1 angiotensin II receptor antagonist,2
CHEMBL4802239,MOBOCERTINIB SUCCINATE,C=CC(=O)Nc1cc(Nc2ncc(C(=O)OC(C)C)c(-c3cn(C)c4ccccc34)n2)c(OC)cc1N(C)CCN(C)C.O=C(O)CCC(=O)O,CHEMBL203,Epidermal growth factor receptor,INHIBITOR,Epidermal growth factor receptor erbB1 inhibitor,4
CHEMBL3673452,GZ-389988,COc1ccc(COc2ccc(Cn3c(N)nc4cc(-c5cnn(C)c5)cnc43)cc2OC)cc1,CHEMBL2815,High affinity nerve growth factor receptor,INHIBITOR,Nerve growth factor receptor Trk-A inhibitor,2
CHEMBL4802160,DERSIMELAGON,COC[C@H]1CN(C(=O)[C@]2(F)CN(C3CCCC3)C[C@H]2c2ccc(OC)cc2)C[C@@H]1c1ccc(C(F)(F)F)cc1N1CCC(C(=O)O)CC1,CHEMBL3795,Melanocyte-stimulating hormone receptor,AGONIST,Melanocortin receptor 1 agonist,3
CHEMBL3545186,FONADELPAR,Cc1cc2c(CCc3sc(-c4ccc(C(F)(F)F)cc4)nc3C(C)C)noc2cc1OCC(=O)O,CHEMBL3979,Peroxisome proliferator-activated receptor delta,AGONIST,Peroxisome proliferator-activated receptor delta agonist,3
CHEMBL440498,CTS-1027,O=C(NO)C1(CS(=O)(=O)c2ccc(Oc3ccc(Cl)cc3)cc2)CCOCC1,CHEMBL333,72 kDa type IV collagenase,INHIBITOR,Matrix metalloproteinase-2 inhibitor,2
CHEMBL76222,REBIMASTAT,CNC(=O)[C@@H](NC(=O)[C@H](CC(C)C)NC(=O)[C@@H](S)CCN1C(=O)N(C)C(C)(C)C1=O)C(C)(C)C,CHEMBL333,72 kDa type IV collagenase,INHIBITOR,Matrix metalloproteinase-2 inhibitor,2
CHEMBL1086218,VALSPODAR,C/C=C/C[C@@H](C)C(=O)[C@H]1C(=O)N[C@@H](C(C)C)C(=O)N(C)CC(=O)N(C)[C@@H](CC(C)C)C(=O)N[C@@H](C(C)C)C(=O)N(C)[C@@H](CC(C)C)C(=O)N[C@@H](C)C(=O)N[C@H](C)C(=O)N(C)[C@@H](CC(C)C)C(=O)N(C)[C@@H](CC(C)C)C(=O)N(C)[C@@H](C(C)C)C(=O)N1C,CHEMBL4302,ATP-dependent translocase ABCB1,INHIBITOR,P-glycoprotein 1 inhibitor,3
CHEMBL4071864,GSK2982772,CN1C(=O)[C@@H](NC(=O)c2n[nH]c(Cc3ccccc3)n2)COc2ccccc21,CHEMBL5464,Receptor-interacting serine/threonine-protein kinase 1,INHIBITOR,Receptor-interacting serine/threonine-protein kinase 1 inhibitor,2
CHEMBL4744254,BERSACAPAVIR,C[C@H](NS(=O)(=O)c1cc(C(=O)Nc2ccc(F)c(C#N)c2)n(C)c1)C(F)(F)F,CHEMBL1075091,Core antigen,MODULATOR,Core antigen modulator,2
CHEMBL4650332,ETAVOPIVAT,O=C([C@H](CO)c1ccccc1)N1CC2=C(C1)CN(S(=O)(=O)c1cnc3c(c1)OCCO3)C2,CHEMBL1075126,Pyruvate kinase PKLR,ACTIVATOR,Pyruvate kinase isozymes R/L activator,2
CHEMBL4594287,ENSIFENTRINE,COc1cc2c(cc1OC)-c1c/c(=N\c3c(C)cc(C)cc3C)n(CCNC(N)=O)c(=O)n1CC2,CHEMBL2093863,Phosphodiesterase 4,INHIBITOR,Phosphodiesterase 4 inhibitor,4
CHEMBL4594445,ABEPRAZAN,CNCc1cn(S(=O)(=O)c2cccc(F)c2)c(-c2ccc(F)cc2F)c1OC,CHEMBL2095173,Potassium-transporting ATPase,INHIBITOR,Potassium-transporting ATPase inhibitor,3
CHEMBL3989512,SOBLIDOTIN,CC[C@H](C)[C@@H]([C@@H](CC(=O)N1CCC[C@H]1[C@H](OC)[C@@H](C)C(=O)NCCc1ccccc1)OC)N(C)C(=O)[C@@H](NC(=O)[C@H](C(C)C)N(C)C)C(C)C,CHEMBL2095182,Tubulin,INHIBITOR,Tubulin inhibitor,2
CHEMBL4297636,PLOCABULIN,C/C=C\C[C@@H](C/C=C\NC(=O)[C@@H](NC(=O)/C=C\C=C/C(C)=C/[C@H](C)[C@@H]1CC=C(OC)C(=O)O1)C(C)(C)C)OC(N)=O,CHEMBL2095182,Tubulin,INHIBITOR,Tubulin inhibitor,2
CHEMBL4297220,ASCIMINIB HYDROCHLORIDE,Cl.O=C(Nc1ccc(OC(F)(F)Cl)cc1)c1cnc(N2CC[C@@H](O)C2)c(-c2cc[nH]n2)c1,CHEMBL2096618,Bcr/Abl fusion protein,INHIBITOR,Bcr/Abl fusion protein inhibitor,4
CHEMBL4594287,ENSIFENTRINE,COc1cc2c(cc1OC)-c1c/c(=N\c3c(C)cc(C)cc3C)n(CCNC(N)=O)c(=O)n1CC2,CHEMBL2094125,Phosphodiesterase 3,INHIBITOR,Phosphodiesterase 3 inhibitor,4
CHEMBL312448,XYLOMETAZOLINE,Cc1cc(C(C)(C)C)cc(C)c1CC1=NCCN1,CHEMBL2095203,Adrenergic receptor alpha,AGONIST,Adrenergic receptor alpha agonist,3
CHEMBL2397415,ZAVEGEPANT,Cc1cc(C[C@@H](NC(=O)N2CCC(c3cc4ccccc4[nH]c3=O)CC2)C(=O)N2CCN(C3CCN(C)CC3)CC2)cc2cn[nH]c12,CHEMBL2107838,"Calcitonin-gene-related peptide receptor, CALCRL/RAMP1",ANTAGONIST,"Calcitonin-gene-related peptide receptor, CALCRL/RAMP1 antagonist",4
CHEMBL4297312,ORM-12741,COC[C@@]1(C)CCCN2CCc3c(oc4ccccc34)[C@@H]21,CHEMBL1916,Alpha-2C adrenergic receptor,ANTAGONIST,Alpha-2c adrenergic receptor antagonist,2
CHEMBL5095035,CAMLIPIXANT,CNC(=O)c1cc(F)c(-c2nc3cc(C)ccn3c2C[C@H]2CN(C(=O)OC)CCO2)c(F)c1,CHEMBL2998,P2X purinoceptor 3,ANTAGONIST,P2X purinoceptor 3 antagonist,3
CHEMBL4802163,NEZULCITINIB,CCc1cc(O)ccc1-c1ccc2c(-c3nc4c([nH]3)C[C@@H](C(=O)N3CC(N(C)C)C3)N(C(C)C)C4)n[nH]c2c1,CHEMBL2363062,Janus Kinase (JAK),INHIBITOR,Janus Kinase (JAK) inhibitor,2
CHEMBL6068000,IDROXIOLEIC ACID,CCCCCCCC/C=C\CCCCCCC(O)C(=O)O,CHEMBL3390826,Cell membrane,DISRUPTING AGENT,Cell membrane disrupting agent,2
CHEMBL2107143,GLUFOSFAMIDE,O=P(NCCCl)(NCCCl)O[C@@H]1O[C@H](CO)[C@@H](O)[C@H](O)[C@H]1O,CHEMBL2311221,DNA,DISRUPTING AGENT,DNA disrupting agent,3
CHEMBL4297517,MAVACAMTEN,CC(C)n1c(=O)cc(N[C@@H](C)c2ccccc2)[nH]c1=O,CHEMBL3831286,Cardiac myosin,INHIBITOR,Cardiac myosin inhibitor,4
CHEMBL5095420,TRIENTINE TETRAHYDROCHLORIDE,Cl.Cl.Cl.Cl.NCCNCCNCCN,CHEMBL2363057,Copper,CHELATING AGENT,Copper chelating agent,4
CHEMBL4650216,DARIDOREXANT HYDROCHLORIDE,COc1ccc(-n2nccn2)c(C(=O)N2CCC[C@@]2(C)c2nc3c(C)c(Cl)ccc3[nH]2)c1.Cl,CHEMBL5113,Orexin/Hypocretin receptor type 1,ANTAGONIST,Orexin receptor 1 antagonist,4
CHEMBL4650216,DARIDOREXANT HYDROCHLORIDE,COc1ccc(-n2nccn2)c(C(=O)N2CCC[C@@]2(C)c2nc3c(C)c(Cl)ccc3[nH]2)c1.Cl,CHEMBL4792,Orexin receptor type 2,ANTAGONIST,Orexin receptor 2 antagonist,4
CHEMBL4594293,ACALABRUTINIB MALEATE,CC#CC(=O)N1CCC[C@H]1c1nc(-c2ccc(C(=O)Nc3ccccn3)cc2)c2c(N)nccn12.O=C(O)/C=C\C(=O)O,CHEMBL5251,Tyrosine-protein kinase BTK,INHIBITOR,Tyrosine-protein kinase BTK inhibitor,4
CHEMBL5095049,PACRITINIB CITRATE,C1=C/COCc2cc(ccc2OCCN2CCCC2)Nc2nccc(n2)-c2cccc(c2)COC/1.O=C(O)CC(O)(CC(=O)O)C(=O)O,CHEMBL2971,Tyrosine-protein kinase JAK2,INHIBITOR,Tyrosine-protein kinase JAK2 inhibitor,4
CHEMBL5095049,PACRITINIB CITRATE,C1=C/COCc2cc(ccc2OCCN2CCCC2)Nc2nccc(n2)-c2cccc(c2)COC/1.O=C(O)CC(O)(CC(=O)O)C(=O)O,CHEMBL1974,Receptor-type tyrosine-protein kinase FLT3,INHIBITOR,Tyrosine-protein kinase receptor FLT3 inhibitor,4
CHEMBL3989962,PEMETREXED TROMETHAMINE,NC(CO)(CO)CO.NC(CO)(CO)CO.Nc1nc(=O)c2c(CCc3ccc(C(=O)N[C@@H](CCC(=O)O)C(=O)O)cc3)c[nH]c2[nH]1.O.O,CHEMBL202,Dihydrofolate reductase,INHIBITOR,Dihydrofolate reductase inhibitor,4
CHEMBL3989962,PEMETREXED TROMETHAMINE,NC(CO)(CO)CO.NC(CO)(CO)CO.Nc1nc(=O)c2c(CCc3ccc(C(=O)N[C@@H](CCC(=O)O)C(=O)O)cc3)c[nH]c2[nH]1.O.O,CHEMBL3972,Trifunctional purine biosynthetic protein adenosine-3,INHIBITOR,GAR transformylase inhibitor,4
CHEMBL5095050,FINGOLIMOD LAURYL SULFATE,CCCCCCCCCCCCOS(=O)(=O)O.CCCCCCCCc1ccc(CCC(N)(CO)CO)cc1,CHEMBL2363041,Sphingosine 1-phosphate receptor,BINDING AGENT,Sphingosine 1-phosphate receptor binding agent,4
CHEMBL3989962,PEMETREXED TROMETHAMINE,NC(CO)(CO)CO.NC(CO)(CO)CO.Nc1nc(=O)c2c(CCc3ccc(C(=O)N[C@@H](CCC(=O)O)C(=O)O)cc3)c[nH]c2[nH]1.O.O,CHEMBL2555,Thymidylate synthase,INHIBITOR,Thymidylate synthase inhibitor,4
CHEMBL2135460,TERLIPRESSIN,NCCCC[C@H](NC(=O)[C@@H]1CCCN1C(=O)[C@@H]1CSSC[C@H](NC(=O)CNC(=O)CNC(=O)CN)C(=O)N[C@@H](Cc2ccc(O)cc2)C(=O)N[C@@H](Cc2ccccc2)C(=O)N[C@@H](CCC(N)=O)C(=O)N[C@@H](CC(N)=O)C(=O)N1)C(=O)NCC(N)=O,CHEMBL2111456,Vasopressin V1 receptor,BINDING AGENT,Vasopressin V1 receptor binding agent,4
CHEMBL2135460,TERLIPRESSIN,NCCCC[C@H](NC(=O)[C@@H]1CCCN1C(=O)[C@@H]1CSSC[C@H](NC(=O)CNC(=O)CNC(=O)CN)C(=O)N[C@@H](Cc2ccc(O)cc2)C(=O)N[C@@H](Cc2ccccc2)C(=O)N[C@@H](CCC(N)=O)C(=O)N[C@@H](CC(N)=O)C(=O)N1)C(=O)NCC(N)=O,CHEMBL1790,Vasopressin V2 receptor,BINDING AGENT,Vasopressin V2 receptor binding agent,4
CHEMBL37161,FENBENDAZOLE,COC(=O)Nc1nc2cc(Sc3ccccc3)ccc2[nH]1,CHEMBL5058521,Tubulin beta chain,BINDING AGENT,Tubulin beta chain binding agent,2
CHEMBL37161,FENBENDAZOLE,COC(=O)Nc1nc2cc(Sc3ccccc3)ccc2[nH]1,CHEMBL5058522,Tubulin beta chain,BINDING AGENT,Tubulin beta chain binding agent,2
CHEMBL4594273,ELACESTRANT HYDROCHLORIDE,CCNCCc1ccc(CN(CC)c2cc(OC)ccc2[C@@H]2CCc3cc(O)ccc3C2)cc1.Cl.Cl,CHEMBL206,Estrogen receptor,DEGRADER,Estrogen receptor alpha degrader,4
CHEMBL5315055,NALMEFENE HYDROCHLORIDE DIHYDRATE,C=C1CC[C@@]2(O)[C@H]3Cc4ccc(O)c5c4[C@@]2(CCN3CC2CC2)[C@H]1O5.Cl.O.O,CHEMBL233,Mu-type opioid receptor,ANTAGONIST,Mu opioid receptor antagonist,4
CHEMBL5315055,NALMEFENE HYDROCHLORIDE DIHYDRATE,C=C1CC[C@@]2(O)[C@H]3Cc4ccc(O)c5c4[C@@]2(CCN3CC2CC2)[C@H]1O5.Cl.O.O,CHEMBL236,Delta-type opioid receptor,ANTAGONIST,Delta opioid receptor antagonist,4
CHEMBL5315055,NALMEFENE HYDROCHLORIDE DIHYDRATE,C=C1CC[C@@]2(O)[C@H]3Cc4ccc(O)c5c4[C@@]2(CCN3CC2CC2)[C@H]1O5.Cl.O.O,CHEMBL237,Kappa-type opioid receptor,PARTIAL AGONIST,Kappa opioid receptor partial agonist,4
CHEMBL3989909,LENIOLISIB PHOSPHATE,CCC(=O)N1CC[C@H](Nc2ncnc3c2CN(c2cnc(OC)c(C(F)(F)F)c2)CC3)C1.O=P(O)(O)O,CHEMBL3130,"Phosphatidylinositol 4,5-bisphosphate 3-kinase catalytic subunit delta isoform",INHIBITOR,PI3-kinase p110-delta subunit inhibitor,4
CHEMBL4650220,ZAVEGEPANT HYDROCHLORIDE,Cc1cc(C[C@@H](NC(=O)N2CCC(c3cc4ccccc4[nH]c3=O)CC2)C(=O)N2CCN(C3CCN(C)CC3)CC2)cc2cn[nH]c12.Cl,CHEMBL3798,Calcitonin gene-related peptide type 1 receptor,ANTAGONIST,Calcitonin gene-related peptide type 1 receptor antagonist,4
CHEMBL4802135,NIRMATRELVIR,CC(C)(C)[C@H](NC(=O)C(F)(F)F)C(=O)N1C[C@H]2[C@@H]([C@H]1C(=O)N[C@H](C#N)C[C@@H]1CCNC1=O)C2(C)C,CHEMBL3927,Replicase polyprotein 1a,INHIBITOR,SARS coronavirus 3C-like proteinase inhibitor,4
CHEMBL3989928,REZAFUNGIN ACETATE,CC(=O)[O-].CCCCCOc1ccc(-c2ccc(-c3ccc(C(=O)N[C@H]4C[C@@H](O)[C@@H](OCC[N+](C)(C)C)NC(=O)[C@@H]5[C@@H](O)[C@@H](C)CN5C(=O)[C@H]([C@@H](C)O)NC(=O)[C@H]([C@H](O)[C@@H](O)c5ccc(O)cc5)NC(=O)[C@@H]5C[C@@H](O)CN5C(=O)[C@H]([C@@H](C)O)NC4=O)cc3)cc2)cc1,CHEMBL612867,Candida,INHIBITOR,Candida inhibitor,4
CHEMBL4297378,DURLOBACTAM SODIUM,CC1=C[C@@H]2CN(C(=O)N2OS(=O)(=O)[O-])[C@@H]1C(N)=O.[Na+],CHEMBL1075159,Beta-lactamase,INHIBITOR,Beta-lactamase inhibitor,4
CHEMBL4802249,LENACAPAVIR SODIUM,CC(C)(C#Cc1ccc(-c2ccc(Cl)c3c([N-]S(C)(=O)=O)nn(CC(F)(F)F)c23)c([C@H](Cc2cc(F)cc(F)c2)NC(=O)Cn2nc(C(F)(F)F)c3c2C(F)(F)[C@@H]2C[C@H]32)n1)S(C)(=O)=O.[Na+],CHEMBL2366504,Structural capsid protein,INHIBITOR,Structural capsid protein inhibitor,4
CHEMBL4297378,DURLOBACTAM SODIUM,CC1=C[C@@H]2CN(C(=O)N2OS(=O)(=O)[O-])[C@@H]1C(N)=O.[Na+],CHEMBL5223041,Beta-lactamase,INHIBITOR,Beta-lactamase inhibitor,4
CHEMBL4297378,DURLOBACTAM SODIUM,CC1=C[C@@H]2CN(C(=O)N2OS(=O)(=O)[O-])[C@@H]1C(N)=O.[Na+],CHEMBL5223042,Beta-lactamase,INHIBITOR,Beta-lactamase inhibitor,4
CHEMBL4297378,DURLOBACTAM SODIUM,CC1=C[C@@H]2CN(C(=O)N2OS(=O)(=O)[O-])[C@@H]1C(N)=O.[Na+],CHEMBL5223043,Beta-lactamase,INHIBITOR,Beta-lactamase inhibitor,4
CHEMBL225072,PEMETREXED,Nc1nc2[nH]cc(CCc3ccc(C(=O)N[C@@H](CCC(=O)O)C(=O)O)cc3)c2c(=O)[nH]1,CHEMBL202,Dihydrofolate reductase,INHIBITOR,Dihydrofolate reductase inhibitor,4
CHEMBL2348780,VAMOROLONE,C[C@@H]1C[C@H]2[C@@H]3CCC4=CC(=O)C=C[C@]4(C)C3=CC[C@]2(C)[C@@]1(O)C(=O)CO,CHEMBL2034,Glucocorticoid receptor,AGONIST,Glucocorticoid receptor agonist,4
CHEMBL225072,PEMETREXED,Nc1nc2[nH]cc(CCc3ccc(C(=O)N[C@@H](CCC(=O)O)C(=O)O)cc3)c2c(=O)[nH]1,CHEMBL1952,Thymidylate synthase,INHIBITOR,Thymidylate synthase inhibitor,4
CHEMBL2348780,VAMOROLONE,C[C@@H]1C[C@H]2[C@@H]3CCC4=CC(=O)C=C[C@]4(C)C3=CC[C@]2(C)[C@@]1(O)C(=O)CO,CHEMBL1994,Mineralocorticoid receptor,ANTAGONIST,Mineralocorticoid receptor antagonist,4
CHEMBL6067988,RASAGILINE TARTRATE,C#CCN[C@@H]1CCc2ccccc21.C#CCN[C@@H]1CCc2ccccc21.O=C(O)[C@H](O)[C@@H](O)C(=O)O,CHEMBL2039,Amine oxidase [flavin-containing] B,INHIBITOR,Monoamine oxidase B inhibitor,4
CHEMBL5315050,ATOSIBAN ACETATE,CC(=O)O.CCOc1ccc(C[C@H]2NC(=O)CCSSC[C@@H](C(=O)N3CCC[C@H]3C(=O)N[C@@H](CCCN)C(=O)NCC(N)=O)NC(=O)[C@H](CC(N)=O)NC(=O)[C@H]([C@@H](C)O)NC(=O)[C@H]([C@@H](C)CC)NC2=O)cc1,CHEMBL2049,Oxytocin receptor,ANTAGONIST,Oxytocin receptor antagonist,4
CHEMBL3989933,ETRASIMOD ARGININE,N=C(N)NCCC[C@@H](N)C(=O)O.O=C(O)C[C@H]1CCc2c1[nH]c1ccc(OCc3ccc(C4CCCC4)c(C(F)(F)F)c3)cc21,CHEMBL3230,Sphingosine 1-phosphate receptor 4,MODULATOR,Sphingosine 1-phosphate receptor Edg-6 modulator,4
CHEMBL5314649,RITLECITINIB TOSYLATE,C=CC(=O)N1C[C@H](Nc2ncnc3[nH]ccc23)CC[C@@H]1C.Cc1ccc(S(=O)(=O)O)cc1,CHEMBL2148,Tyrosine-protein kinase JAK3,INHIBITOR,Tyrosine-protein kinase JAK3 inhibitor,4
CHEMBL5315049,SITAGLIPTIN FUMARATE,N[C@@H](CC(=O)N1CCn2c(nnc2C(F)(F)F)C1)Cc1cc(F)c(F)cc1F.O=C(O)/C=C\C(=O)O,CHEMBL284,Dipeptidyl peptidase 4,INHIBITOR,Dipeptidyl peptidase IV inhibitor,4
CHEMBL3989933,ETRASIMOD ARGININE,N=C(N)NCCC[C@@H](N)C(=O)O.O=C(O)C[C@H]1CCc2c1[nH]c1ccc(OCc3ccc(C4CCCC4)c(C(F)(F)F)c3)cc21,CHEMBL4333,Sphingosine 1-phosphate receptor 1,MODULATOR,Sphingosine 1-phosphate receptor Edg-1 modulator,4
CHEMBL4298138,REPOTRECTINIB,C[C@H]1CNC(=O)c2cnn3ccc(nc23)N[C@H](C)c2cc(F)ccc2O1,CHEMBL2815,High affinity nerve growth factor receptor,INHIBITOR,Nerve growth factor receptor Trk-A inhibitor,4
CHEMBL3989933,ETRASIMOD ARGININE,N=C(N)NCCC[C@@H](N)C(=O)O.O=C(O)C[C@H]1CCc2c1[nH]c1ccc(OCc3ccc(C4CCCC4)c(C(F)(F)F)c3)cc21,CHEMBL2274,Sphingosine 1-phosphate receptor 5,MODULATOR,Sphingosine 1-phosphate receptor Edg-8 modulator,4
CHEMBL225072,PEMETREXED,Nc1nc2[nH]cc(CCc3ccc(C(=O)N[C@@H](CCC(=O)O)C(=O)O)cc3)c2c(=O)[nH]1,CHEMBL3972,Trifunctional purine biosynthetic protein adenosine-3,INHIBITOR,GAR transformylase inhibitor,4
CHEMBL4298138,REPOTRECTINIB,C[C@H]1CNC(=O)c2cnn3ccc(nc23)N[C@H](C)c2cc(F)ccc2O1,CHEMBL4898,BDNF/NT-3 growth factors receptor,INHIBITOR,Neurotrophic tyrosine kinase receptor type 2 inhibitor,4
CHEMBL4298138,REPOTRECTINIB,C[C@H]1CNC(=O)c2cnn3ccc(nc23)N[C@H](C)c2cc(F)ccc2O1,CHEMBL5568,Proto-oncogene tyrosine-protein kinase ROS,INHIBITOR,Proto-oncogene tyrosine-protein kinase ROS inhibitor,4
CHEMBL4298138,REPOTRECTINIB,C[C@H]1CNC(=O)c2cnn3ccc(nc23)N[C@H](C)c2cc(F)ccc2O1,CHEMBL5608,NT-3 growth factor receptor,INHIBITOR,NT-3 growth factor receptor inhibitor,4
CHEMBL6067998,LASOFOXIFENE TARTRATE,O=C(O)C(O)C(O)C(=O)O.Oc1ccc2c(c1)CC[C@H](c1ccccc1)[C@@H]2c1ccc(OCCN2CCCC2)cc1,CHEMBL2093866,Estrogen receptor,MODULATOR,Estrogen receptor modulator,4
CHEMBL3707243,GLYCOPYRRONIUM TOSYLATE,C[N+]1(C)CCC(OC(=O)C(O)(c2ccccc2)C2CCCC2)C1.Cc1ccc(S(=O)(=O)[O-])cc1.O,CHEMBL2094109,Muscarinic acetylcholine receptor,INHIBITOR,Muscarinic acetylcholine receptor inhibitor,4
CHEMBL5315056,NALOXONE HYDROCHLORIDE DIHYDRATE,C=CCN1CC[C@]23c4c5ccc(O)c4O[C@H]2C(=O)CC[C@@]3(O)[C@H]1C5.Cl.O.O,CHEMBL2095181,Opioid receptors; mu/kappa/delta,ANTAGONIST,Opioid receptors; mu/kappa/delta antagonist,4
CHEMBL455186,TREOSULFAN,CS(=O)(=O)OC[C@H](O)[C@@H](O)COS(C)(=O)=O,CHEMBL2311221,DNA,CROSS-LINKING AGENT,DNA cross-linking agent,4
CHEMBL5314649,RITLECITINIB TOSYLATE,C=CC(=O)N1C[C@H](Nc2ncnc3[nH]ccc23)CC[C@@H]1C.Cc1ccc(S(=O)(=O)O)cc1,CHEMBL4296642,TEC family kinase,INHIBITOR,TEC family kinase inhibitor,4
CHEMBL4298138,REPOTRECTINIB,C[C@H]1CNC(=O)c2cnn3ccc(nc23)N[C@H](C)c2cc(F)ccc2O1,CHEMBL4680046,CD74-ROS1,INHIBITOR,CD74-ROS1 inhibitor,4
CHEMBL4594268,TASIPIMIDINE SULFATE,COc1cccc2c1CCOC2C1=NCCN1.O=S(=O)(O)O,CHEMBL5303559,Alpha-2A adrenergic receptor,AGONIST,Alpha-2A adrenergic receptor agonist,1
CHEMBL410414,DIRLOTAPIDE,CN(Cc1ccccc1)C(=O)[C@@H](NC(=O)c1cc2cc(NC(=O)c3ccccc3-c3ccc(C(F)(F)F)cc3)ccc2n1C)c1ccccc1,CHEMBL5303567,Microsomal triglyceride transfer protein,INHIBITOR,Microsomal triglyceride transfer protein inhibitor,2
CHEMBL4298138,REPOTRECTINIB,C[C@H]1CNC(=O)c2cnn3ccc(nc23)N[C@H](C)c2cc(F)ccc2O1,CHEMBL5303568,ROS1-SDC4,INHIBITOR,ROS1-SDC4 inhibitor,4
CHEMBL3989916,TIGILANOL TIGLATE,C/C=C(\C)C(=O)O[C@@H]1[C@@H](C)[C@@]2(O)[C@H]([C@@H]3C(C)(C)[C@]13OC(=O)[C@@H](C)CC)[C@@H]1O[C@]1(CO)[C@@H](O)[C@]1(O)C(=O)C(C)=C[C@H]12,CHEMBL5303570,Protein kinase C (PKC),ACTIVATOR,Protein kinase C (PKC) activator,2
CHEMBL2105420,TAUROLIDINE,O=S1(=O)CCN(CN2CCS(=O)(=O)NC2)CN1,CHEMBL5303716,Cell wall,DISRUPTING AGENT,Cell wall disrupting agent,4
CHEMBL1257073,TECOVIRIMAT,O=C(NN1C(=O)[C@@H]2[C@@H]3C=C[C@@H]([C@H]4C[C@@H]34)[C@@H]2C1=O)c1ccc(C(F)(F)F)cc1,CHEMBL5308522,Envelope phospholipase OPG057,INHIBITOR,Envelope phospholipase OPG057 inhibitor,4
CHEMBL3301607,FILGOTINIB,O=C(Nc1nc2cccc(-c3ccc(CN4CCS(=O)(=O)CC4)cc3)n2n1)C1CC1,CHEMBL2971,Tyrosine-protein kinase JAK2,INHIBITOR,Tyrosine-protein kinase JAK2 inhibitor,4
CHEMBL3301607,FILGOTINIB,O=C(Nc1nc2cccc(-c3ccc(CN4CCS(=O)(=O)CC4)cc3)n2n1)C1CC1,CHEMBL3553,Non-receptor tyrosine-protein kinase TYK2,INHIBITOR,Tyrosine-protein kinase TYK2 inhibitor,4
CHEMBL3301607,FILGOTINIB,O=C(Nc1nc2cccc(-c3ccc(CN4CCS(=O)(=O)CC4)cc3)n2n1)C1CC1,CHEMBL2148,Tyrosine-protein kinase JAK3,INHIBITOR,Tyrosine-protein kinase JAK3 inhibitor,4
CHEMBL535,SUNITINIB,CCN(CC)CCNC(=O)c1c(C)[nH]c(/C=C2\C(=O)Nc3ccc(F)cc32)c1C,CHEMBL1844,Macrophage colony-stimulating factor 1 receptor,INHIBITOR,Macrophage colony stimulating factor receptor inhibitor,4
CHEMBL535,SUNITINIB,CCN(CC)CCNC(=O)c1c(C)[nH]c(/C=C2\C(=O)Nc3ccc(F)cc32)c1C,CHEMBL279,Vascular endothelial growth factor receptor 2,INHIBITOR,Vascular endothelial growth factor receptor 2 inhibitor,4
CHEMBL535,SUNITINIB,CCN(CC)CCNC(=O)c1c(C)[nH]c(/C=C2\C(=O)Nc3ccc(F)cc32)c1C,CHEMBL1936,Mast/stem cell growth factor receptor Kit,INHIBITOR,Stem cell growth factor receptor inhibitor,4
CHEMBL535,SUNITINIB,CCN(CC)CCNC(=O)c1c(C)[nH]c(/C=C2\C(=O)Nc3ccc(F)cc32)c1C,CHEMBL1913,Platelet-derived growth factor receptor beta,INHIBITOR,Platelet-derived growth factor receptor beta inhibitor,4
CHEMBL535,SUNITINIB,CCN(CC)CCNC(=O)c1c(C)[nH]c(/C=C2\C(=O)Nc3ccc(F)cc32)c1C,CHEMBL2007,Platelet-derived growth factor receptor alpha,INHIBITOR,Platelet-derived growth factor receptor alpha inhibitor,4
CHEMBL535,SUNITINIB,CCN(CC)CCNC(=O)c1c(C)[nH]c(/C=C2\C(=O)Nc3ccc(F)cc32)c1C,CHEMBL1868,Vascular endothelial growth factor receptor 1,INHIBITOR,Vascular endothelial growth factor receptor 1 inhibitor,4
CHEMBL535,SUNITINIB,CCN(CC)CCNC(=O)c1c(C)[nH]c(/C=C2\C(=O)Nc3ccc(F)cc32)c1C,CHEMBL1955,Vascular endothelial growth factor receptor 3,INHIBITOR,Vascular endothelial growth factor receptor 3 inhibitor,4
CHEMBL535,SUNITINIB,CCN(CC)CCNC(=O)c1c(C)[nH]c(/C=C2\C(=O)Nc3ccc(F)cc32)c1C,CHEMBL1974,Receptor-type tyrosine-protein kinase FLT3,INHIBITOR,Tyrosine-protein kinase receptor FLT3 inhibitor,4
CHEMBL535,SUNITINIB,CCN(CC)CCNC(=O)c1c(C)[nH]c(/C=C2\C(=O)Nc3ccc(F)cc32)c1C,CHEMBL2041,Proto-oncogene tyrosine-protein kinase receptor Ret,INHIBITOR,Tyrosine-protein kinase receptor RET inhibitor,4
CHEMBL2105629,VINFLUNINE DITARTRATE,CC[C@]12C=CCN3CC[C@@]4(c5cc([C@@]6(C(=O)OC)C[C@@H]7C[C@@H](C(C)(F)F)CN(Cc8c6[nH]c6ccccc86)C7)c(OC)cc5N(C)[C@H]4[C@@](O)(C(=O)OC)[C@@H]1OC(C)=O)[C@@H]32.O=C(O)C(O)C(O)C(=O)O.O=C(O)C(O)C(O)C(=O)O,CHEMBL2095182,Tubulin,INHIBITOR,Tubulin inhibitor,4
CHEMBL1951095,ERAVACYCLINE,CN(C)[C@@H]1C(O)=C(C(N)=O)C(=O)[C@@]2(O)C(O)=C3C(=O)c4c(O)c(NC(=O)CN5CCCC5)cc(F)c4C[C@H]3C[C@@H]12,CHEMBL2363135,Bacterial 70S ribosome,INHIBITOR,Bacterial 70S ribosome inhibitor,4
CHEMBL427,MECHLORETHAMINE,CN(CCCl)CCCl,CHEMBL2311221,DNA,INHIBITOR,DNA inhibitor,4
CHEMBL1200778,DEXRAZOXANE HYDROCHLORIDE,C[C@@H](CN1CC(=O)NC(=O)C1)N1CC(=O)NC(=O)C1.Cl,CHEMBL2094255,DNA topoisomerase II,INHIBITOR,DNA topoisomerase II inhibitor,4
CHEMBL1200778,DEXRAZOXANE HYDROCHLORIDE,C[C@@H](CN1CC(=O)NC(=O)C1)N1CC(=O)NC(=O)C1.Cl,CHEMBL2363058,Iron,CHELATING AGENT,Iron chelating agent,4
CHEMBL561157,TREPROSTINIL SODIUM,CCCCC[C@H](O)CC[C@@H]1[C@H]2Cc3cccc(OCC(=O)[O-])c3C[C@H]2C[C@H]1O.[Na+],CHEMBL1995,Prostacyclin receptor,AGONIST,Prostanoid IP receptor agonist,4
CHEMBL3545183,ETELCALCETIDE HYDROCHLORIDE,CC(=O)N[C@H](CSSC[C@H](N)C(=O)O)C(=O)N[C@H](C)C(=O)N[C@H](CCCNC(=N)N)C(=O)N[C@H](CCCNC(=N)N)C(=O)N[C@H](CCCNC(=N)N)C(=O)N[C@H](C)C(=O)N[C@H](CCCNC(=N)N)C(N)=O.Cl,CHEMBL1878,Extracellular calcium-sensing receptor,AGONIST,Calcium sensing receptor agonist,4
CHEMBL3833340,AZTREONAM LYSINE,C[C@H]1[C@H](NC(=O)/C(=N\OC(C)(C)C(=O)O)c2csc(N)n2)C(=O)N1S(=O)(=O)O.NCCCC[C@H](N)C(=O)O,CHEMBL2354204,Bacterial penicillin-binding protein,INHIBITOR,Bacterial penicillin-binding protein inhibitor,4
CHEMBL4298167,FILGOTINIB MALEATE,O=C(Nc1nc2cccc(-c3ccc(CN4CCS(=O)(=O)CC4)cc3)n2n1)C1CC1.O=C(O)/C=C\C(=O)O,CHEMBL2835,Tyrosine-protein kinase JAK1,INHIBITOR,Tyrosine-protein kinase JAK1 inhibitor,4
CHEMBL4298167,FILGOTINIB MALEATE,O=C(Nc1nc2cccc(-c3ccc(CN4CCS(=O)(=O)CC4)cc3)n2n1)C1CC1.O=C(O)/C=C\C(=O)O,CHEMBL2148,Tyrosine-protein kinase JAK3,INHIBITOR,Tyrosine-protein kinase JAK3 inhibitor,4
CHEMBL4298167,FILGOTINIB MALEATE,O=C(Nc1nc2cccc(-c3ccc(CN4CCS(=O)(=O)CC4)cc3)n2n1)C1CC1.O=C(O)/C=C\C(=O)O,CHEMBL3553,Non-receptor tyrosine-protein kinase TYK2,INHIBITOR,Tyrosine-protein kinase TYK2 inhibitor,4
CHEMBL4298167,FILGOTINIB MALEATE,O=C(Nc1nc2cccc(-c3ccc(CN4CCS(=O)(=O)CC4)cc3)n2n1)C1CC1.O=C(O)/C=C\C(=O)O,CHEMBL2971,Tyrosine-protein kinase JAK2,INHIBITOR,Tyrosine-protein kinase JAK2 inhibitor,4
CHEMBL4298171,LINZAGOLIX CHOLINE,COc1cc(F)c(-n2c(=O)[nH]c3csc(C(=O)[O-])c3c2=O)cc1OCc1c(OC)ccc(F)c1F.C[N+](C)(C)CCO,CHEMBL1855,Gonadotropin-releasing hormone receptor,ANTAGONIST,Gonadotropin-releasing hormone receptor antagonist,4
CHEMBL5315053,PEMETREXED MONOHYDRATE,Nc1nc2[nH]cc(CCc3ccc(C(=O)N[C@@H](CCC(=O)O)C(=O)O)cc3)c2c(=O)[nH]1.O,CHEMBL3972,Trifunctional purine biosynthetic protein adenosine-3,INHIBITOR,GAR transformylase inhibitor,4
CHEMBL5315053,PEMETREXED MONOHYDRATE,Nc1nc2[nH]cc(CCc3ccc(C(=O)N[C@@H](CCC(=O)O)C(=O)O)cc3)c2c(=O)[nH]1.O,CHEMBL202,Dihydrofolate reductase,INHIBITOR,Dihydrofolate reductase inhibitor,4
CHEMBL5315053,PEMETREXED MONOHYDRATE,Nc1nc2[nH]cc(CCc3ccc(C(=O)N[C@@H](CCC(=O)O)C(=O)O)cc3)c2c(=O)[nH]1.O,CHEMBL1952,Thymidylate synthase,INHIBITOR,Thymidylate synthase inhibitor,4
CHEMBL5315054,ERTUGLIFLOZIN PIDOLATE,CCOc1ccc(Cc2cc([C@]34OC[C@](CO)(O3)[C@@H](O)[C@H](O)[C@H]4O)ccc2Cl)cc1.O=C1CC[C@@H](C(=O)O)N1,CHEMBL3884,Sodium/glucose cotransporter 2,INHIBITOR,Sodium/glucose cotransporter 2 inhibitor,4
CHEMBL5315117,ZANAMIVIR HYDRATE,CC(=O)N[C@H]1[C@H]([C@H](O)[C@H](O)CO)OC(C(=O)O)=C[C@@H]1NC(=N)N.O,CHEMBL4295840,Neuraminidase,INHIBITOR,Neuraminidase inhibitor,4
CHEMBL5315117,ZANAMIVIR HYDRATE,CC(=O)N[C@H]1[C@H]([C@H](O)[C@H](O)CO)OC(C(=O)O)=C[C@@H]1NC(=N)N.O,CHEMBL6135,Neuraminidase,INHIBITOR,Neuraminidase inhibitor,4
CHEMBL4303454,DORIPENEM MONOHYDRATE,C[C@@H](O)[C@H]1C(=O)N2C(C(=O)O)=C(S[C@@H]3CN[C@H](CNS(N)(=O)=O)C3)[C@H](C)[C@H]12.O,CHEMBL2354204,Bacterial penicillin-binding protein,INHIBITOR,Bacterial penicillin-binding protein inhibitor,4
CHEMBL5315118,ILOPROST TROMETHAMINE,CC#CCC(C)[C@H](O)/C=C/[C@@H]1[C@H]2C/C(=C/CCCC(=O)O)C[C@H]2C[C@H]1O.NC(CO)(CO)CO,CHEMBL1995,Prostacyclin receptor,AGONIST,Prostanoid IP receptor agonist,4
CHEMBL5315119,UPADACITINIB HEMIHYDRATE,CC[C@@H]1CN(C(=O)NCC(F)(F)F)C[C@@H]1c1cnc2cnc3[nH]ccc3n12.CC[C@@H]1CN(C(=O)NCC(F)(F)F)C[C@@H]1c1cnc2cnc3[nH]ccc3n12.O,CHEMBL3553,Non-receptor tyrosine-protein kinase TYK2,INHIBITOR,Tyrosine-protein kinase TYK2 inhibitor,4
CHEMBL5315119,UPADACITINIB HEMIHYDRATE,CC[C@@H]1CN(C(=O)NCC(F)(F)F)C[C@@H]1c1cnc2cnc3[nH]ccc3n12.CC[C@@H]1CN(C(=O)NCC(F)(F)F)C[C@@H]1c1cnc2cnc3[nH]ccc3n12.O,CHEMBL2148,Tyrosine-protein kinase JAK3,INHIBITOR,Tyrosine-protein kinase JAK3 inhibitor,4
CHEMBL5315119,UPADACITINIB HEMIHYDRATE,CC[C@@H]1CN(C(=O)NCC(F)(F)F)C[C@@H]1c1cnc2cnc3[nH]ccc3n12.CC[C@@H]1CN(C(=O)NCC(F)(F)F)C[C@@H]1c1cnc2cnc3[nH]ccc3n12.O,CHEMBL2971,Tyrosine-protein kinase JAK2,INHIBITOR,Tyrosine-protein kinase JAK2 inhibitor,4
CHEMBL5315119,UPADACITINIB HEMIHYDRATE,CC[C@@H]1CN(C(=O)NCC(F)(F)F)C[C@@H]1c1cnc2cnc3[nH]ccc3n12.CC[C@@H]1CN(C(=O)NCC(F)(F)F)C[C@@H]1c1cnc2cnc3[nH]ccc3n12.O,CHEMBL2835,Tyrosine-protein kinase JAK1,INHIBITOR,Tyrosine-protein kinase JAK1 inhibitor,4
CHEMBL5315120,ODEVIXIBAT SESQUIHYDRATE,CCCCC1(CCCC)CN(c2ccccc2)c2cc(SC)c(OCC(=O)N[C@@H](C(=O)N[C@@H](CC)C(=O)O)c3ccc(O)cc3)cc2S(=O)(=O)N1.CCCCC1(CCCC)CN(c2ccccc2)c2cc(SC)c(OCC(=O)N[C@@H](C(=O)N[C@@H](CC)C(=O)O)c3ccc(O)cc3)cc2S(=O)(=O)N1.O.O.O,CHEMBL2778,Ileal sodium/bile acid cotransporter,INHIBITOR,Ileal bile acid transporter inhibitor,4
CHEMBL5315121,TECOVIRIMAT MONOHYDRATE,O.O=C(NN1C(=O)[C@@H]2[C@@H]3C=C[C@@H]([C@H]4C[C@@H]34)[C@@H]2C1=O)c1ccc(C(F)(F)F)cc1,CHEMBL5308524,Envelope phospholipase OPG057,INHIBITOR,Envelope phospholipase OPG057 inhibitor,4
CHEMBL5315121,TECOVIRIMAT MONOHYDRATE,O.O=C(NN1C(=O)[C@@H]2[C@@H]3C=C[C@@H]([C@H]4C[C@@H]34)[C@@H]2C1=O)c1ccc(C(F)(F)F)cc1,CHEMBL5308523,Envelope phospholipase OPG057,INHIBITOR,Envelope phospholipase OPG057 inhibitor,4
CHEMBL5315122,BORTEZOMIB D-MANNITOL,CC(C)C[C@H](NC(=O)[C@H](Cc1ccccc1)NC(=O)c1cnccn1)B1O[C@H]([C@H](O)CO)[C@@H]([C@H](O)CO)O1,CHEMBL2364701,26S proteasome,INHIBITOR,26S proteasome inhibitor,4
CHEMBL5315123,DIFELIKEFALIN ACETATE,CC(=O)O.CC(C)C[C@@H](NC(=O)[C@@H](Cc1ccccc1)NC(=O)[C@H](N)Cc1ccccc1)C(=O)N[C@H](CCCCN)C(=O)N1CCC(N)(C(=O)O)CC1,CHEMBL237,Kappa-type opioid receptor,AGONIST,Kappa opioid receptor agonist,4
CHEMBL5315125,DUVELISIB MONOHYDRATE,C[C@H](Nc1ncnc2nc[nH]c12)c1cc2cccc(Cl)c2c(=O)n1-c1ccccc1.O,CHEMBL3130,"Phosphatidylinositol 4,5-bisphosphate 3-kinase catalytic subunit delta isoform",INHIBITOR,PI3-kinase p110-delta subunit inhibitor,4
CHEMBL5315125,DUVELISIB MONOHYDRATE,C[C@H](Nc1ncnc2nc[nH]c12)c1cc2cccc(Cl)c2c(=O)n1-c1ccccc1.O,CHEMBL3267,"Phosphatidylinositol 4,5-bisphosphate 3-kinase catalytic subunit gamma isoform",INHIBITOR,PI3-kinase p110-gamma subunit inhibitor,4
CHEMBL1514,LEVOMETHADYL ACETATE,CC[C@H](OC(C)=O)C(C[C@H](C)N(C)C)(c1ccccc1)c1ccccc1,CHEMBL233,Mu-type opioid receptor,AGONIST,Mu opioid receptor agonist,4
CHEMBL307261,ARTENIMOL,C[C@H]1[C@@H](O)O[C@@H]2O[C@@]3(C)CC[C@H]4[C@H](C)CC[C@@H]1[C@@]24OO3,CHEMBL613897,Ferriprotoporphyrin IX,BINDING AGENT,Ferriprotoporphyrin IX binding agent,3
CHEMBL4802240,FOSCARBIDOPA,C[C@@](Cc1ccc(OP(=O)(O)O)c(O)c1)(NN)C(=O)O,CHEMBL1843,Aromatic-L-amino-acid decarboxylase,INHIBITOR,DOPA decarboxylase inhibitor,4
CHEMBL6068328,ELTROMBOPAG CHOLINE,CC1=NN(c2ccc(C)c(C)c2)C(=O)/C1=N\Nc1cccc(-c2cccc(C(=O)[O-])c2)c1O.C[N+](C)(C)CCO,CHEMBL1864,Thrombopoietin receptor,AGONIST,Thrombopoietin receptor agonist,4
CHEMBL121,ROSIGLITAZONE,CN(CCOc1ccc(CC2SC(=O)NC2=O)cc1)c1ccccn1,CHEMBL235,Peroxisome proliferator-activated receptor gamma,AGONIST,Peroxisome proliferator-activated receptor gamma agonist,4
CHEMBL2105709,QUIZARTINIB DIHYDROCHLORIDE,CC(C)(C)c1cc(NC(=O)Nc2ccc(-c3cn4c(n3)sc3cc(OCCN5CCOCC5)ccc34)cc2)no1.Cl.Cl,CHEMBL1974,Receptor-type tyrosine-protein kinase FLT3,INHIBITOR,Tyrosine-protein kinase receptor FLT3 inhibitor,4
CHEMBL4594382,DEURUXOLITINIB PHOSPHATE,O=P(O)(O)O.[2H]C1([2H])C([C@@H](CC#N)n2cc(-c3ncnc4[nH]ccc34)cn2)C([2H])([2H])C([2H])([2H])C1([2H])[2H],CHEMBL2148,Tyrosine-protein kinase JAK3,INHIBITOR,Tyrosine-protein kinase JAK3 inhibitor,4
CHEMBL4650226,ACORAMIDIS HYDROCHLORIDE,Cc1n[nH]c(C)c1CCCOc1cc(C(=O)O)ccc1F.Cl,CHEMBL3194,Transthyretin,STABILISER,Transthyretin stabiliser,4
CHEMBL501122,CEFTAROLINE FOSAMIL,CCO/N=C(\C(=O)N[C@@H]1C(=O)N2C(C(=O)[O-])=C(Sc3nc(-c4cc[n+](C)cc4)cs3)CS[C@H]12)c1nsc(NP(=O)(O)O)n1,CHEMBL3512,Penicillin-binding protein 2a,INHIBITOR,Penicillin-binding protein 2a inhibitor,4
CHEMBL428,TROVAFLOXACIN,N[C@@H]1[C@H]2CN(c3nc4c(cc3F)c(=O)c(C(=O)O)cn4-c3ccc(F)cc3F)C[C@@H]12,CHEMBL2363076,Topoisomerase IV,INHIBITOR,Topoisomerase IV inhibitor,4
CHEMBL2362410,LANDIOLOL HYDROCHLORIDE,CC1(C)OC[C@@H](COC(=O)CCc2ccc(OC[C@@H](O)CNCCNC(=O)N3CCOCC3)cc2)O1.Cl,CHEMBL213,Beta-1 adrenergic receptor,ANTAGONIST,Beta-1 adrenergic receptor antagonist,4
CHEMBL4297101,CEFTOBIPROLE MEDOCARIL SODIUM,Cc1oc(=O)oc1COC(=O)N1CC[C@@H](N2CC/C(=C\C3=C(C(=O)[O-])N4C(=O)[C@@H](NC(=O)/C(=N/O)c5nsc(N)n5)[C@H]4SC3)C2=O)C1.[Na+],CHEMBL4268,Penicillin-binding protein 1,INHIBITOR,Penicillin-binding protein 1 inhibitor,4
CHEMBL4297354,AZD-7687,Cc1nc(C)c(-c2ccc(C3CCC(CC(=O)O)CC3)cc2)nc1C(N)=O,CHEMBL6009,Diacylglycerol O-acyltransferase 1,INHIBITOR,Diacylglycerol O-acyltransferase 1 inhibitor,1
CHEMBL334966,CANGRELOR,CSCCNc1nc(SCCC(F)(F)F)nc2c1ncn2[C@@H]1O[C@H](COP(=O)(O)OP(=O)(O)C(Cl)(Cl)P(=O)(O)O)[C@@H](O)[C@H]1O,CHEMBL2001,P2Y purinoceptor 12,INHIBITOR,Purinergic receptor P2Y12 inhibitor,4
CHEMBL4594278,GEFAPIXANT CITRATE,COc1cc(C(C)C)c(Oc2cnc(N)nc2N)cc1S(N)(=O)=O.O=C(O)CC(O)(CC(=O)O)C(=O)O,CHEMBL2998,P2X purinoceptor 3,ANTAGONIST,P2X purinoceptor 3 antagonist,4
CHEMBL1200985,CEFTIBUTEN DIHYDRATE,Nc1nc(/C(=C/CC(=O)O)C(=O)N[C@@H]2C(=O)N3C(C(=O)O)=CCS[C@H]23)cs1.O.O,CHEMBL2354204,Bacterial penicillin-binding protein,INHIBITOR,Bacterial penicillin-binding protein inhibitor,4
CHEMBL6068341,TENOFOVIR DISOPROXIL PHOSPHATE,CC(C)OC(=O)OCOP(=O)(CO[C@H](C)Cn1cnc2c(N)ncnc21)OCOC(=O)OC(C)C.O=P(O)(O)O,CHEMBL2362994,DNA polymerase/reverse transcriptase,INHIBITOR,DNA polymerase/reverse transcriptase inhibitor,4
CHEMBL2336050,XANOMELINE TARTRATE,CCCCCCOc1nsnc1C1=CCCN(C)C1.O=C(O)C(O)C(O)C(=O)O,CHEMBL1821,Muscarinic acetylcholine receptor M4,AGONIST,Muscarinic acetylcholine receptor M4 agonist,4
CHEMBL5314441,SIPAGLADENANT,Cc1ccc(C(=O)Nc2nc(-c3ccco3)c(C(=O)C3CCOCC3)s2)cn1,CHEMBL251,Adenosine receptor A2a,INVERSE AGONIST,Adenosine A2a receptor inverse agonist,2
CHEMBL4594382,DEURUXOLITINIB PHOSPHATE,O=P(O)(O)O.[2H]C1([2H])C([C@@H](CC#N)n2cc(-c3ncnc4[nH]ccc34)cn2)C([2H])([2H])C([2H])([2H])C1([2H])[2H],CHEMBL2971,Tyrosine-protein kinase JAK2,INHIBITOR,Tyrosine-protein kinase JAK2 inhibitor,4
CHEMBL6068336,MOMELOTINIB DIHYDROCHLORIDE MONOHYDRATE,Cl.Cl.N#CCNC(=O)c1ccc(-c2ccnc(Nc3ccc(N4CCOCC4)cc3)n2)cc1.O,CHEMBL2971,Tyrosine-protein kinase JAK2,INHIBITOR,Tyrosine-protein kinase JAK2 inhibitor,4
CHEMBL4297101,CEFTOBIPROLE MEDOCARIL SODIUM,Cc1oc(=O)oc1COC(=O)N1CC[C@@H](N2CC/C(=C\C3=C(C(=O)[O-])N4C(=O)[C@@H](NC(=O)/C(=N/O)c5nsc(N)n5)[C@H]4SC3)C2=O)C1.[Na+],CHEMBL3825,Penicillin-binding protein 2,INHIBITOR,Penicillin-binding protein 2 inhibitor,4
CHEMBL6068395,REVUMENIB CITRATE,CCN(C(=O)c1cc(F)ccc1Oc1cncnc1N1CC2(CCN(C[C@H]3CC[C@H](NS(=O)(=O)CC)CC3)CC2)C1)C(C)C.O.O=C(O)CC(O)(CC(=O)O)C(=O)O,CHEMBL1615381,Menin,INHIBITOR,Menin inhibitor,4
CHEMBL405110,METHYLENE BLUE ANHYDROUS,CN(C)c1ccc2nc3ccc(N(C)C)cc3[s+]c2c1.[Cl-],CHEMBL2111348,Soluble guanylate cyclase,INHIBITOR,Soluble guanylate cyclase inhibitor,4
CHEMBL6068338,CLOPIDOGREL HYDROCHLORIDE,COC(=O)[C@H](c1ccccc1Cl)N1CCc2sccc2C1.Cl,CHEMBL2001,P2Y purinoceptor 12,ANTAGONIST,Purinergic receptor P2Y12 antagonist,4
CHEMBL4594378,VORASIDENIB CITRATE,C[C@@H](Nc1nc(N[C@H](C)C(F)(F)F)nc(-c2cccc(Cl)n2)n1)C(F)(F)F.C[C@@H](Nc1nc(N[C@H](C)C(F)(F)F)nc(-c2cccc(Cl)n2)n1)C(F)(F)F.O.O=C(O)CC(O)(CC(=O)O)C(=O)O,CHEMBL3991501,"Isocitrate dehydrogenase [NADP], mitochondrial",INHIBITOR,"Isocitrate dehydrogenase [NADP], mitochondrial inhibitor",1
CHEMBL6068339,IRBESARTAN HYDROCHLORIDE,CCCCC1=NC2(CCCC2)C(=O)N1Cc1ccc(-c2ccccc2-c2nnn[nH]2)cc1.Cl,CHEMBL227,Type-1 angiotensin II receptor,ANTAGONIST,Type-1 angiotensin II receptor antagonist,4
CHEMBL6068431,BENZGALANTAMINE GLUCONATE,COc1ccc2c3c1O[C@H]1C[C@@H](OC(=O)c4ccccc4)C=C[C@@]31CCN(C)C2.O=C(O)C(O)C(O)C(O)C(O)CO,CHEMBL220,Acetylcholinesterase,INHIBITOR,Acetylcholinesterase inhibitor,4
CHEMBL4594382,DEURUXOLITINIB PHOSPHATE,O=P(O)(O)O.[2H]C1([2H])C([C@@H](CC#N)n2cc(-c3ncnc4[nH]ccc34)cn2)C([2H])([2H])C([2H])([2H])C1([2H])[2H],CHEMBL2835,Tyrosine-protein kinase JAK1,INHIBITOR,Tyrosine-protein kinase JAK1 inhibitor,4
CHEMBL6068329,PEMETREXED DIPOTASSIUM,Nc1nc2[nH]cc(CCc3ccc(C(=O)N[C@@H](CCC(=O)[O-])C(=O)[O-])cc3)c2c(=O)[nH]1.[K+].[K+],CHEMBL3972,Trifunctional purine biosynthetic protein adenosine-3,INHIBITOR,GAR transformylase inhibitor,4
CHEMBL3989960,SELADELPAR LYSINE,CCO[C@H](COc1ccc(C(F)(F)F)cc1)CSc1ccc(OCC(=O)O)c(C)c1.NCCCC[C@H](N)C(=O)O.O.O,CHEMBL3979,Peroxisome proliferator-activated receptor delta,AGONIST,Peroxisome proliferator-activated receptor delta agonist,4
CHEMBL501122,CEFTAROLINE FOSAMIL,CCO/N=C(\C(=O)N[C@@H]1C(=O)N2C(C(=O)[O-])=C(Sc3nc(-c4cc[n+](C)cc4)cs3)CS[C@H]12)c1nsc(NP(=O)(O)O)n1,CHEMBL6188,Penicillin-binding protein 2x,INHIBITOR,Penicillin-binding protein 2x inhibitor,4
CHEMBL4298153,NIROGACESTAT HYDROBROMIDE,Br.Br.CCC[C@H](N[C@H]1CCc2cc(F)cc(F)c2C1)C(=O)Nc1cn(C(C)(C)CNCC(C)(C)C)cn1,CHEMBL2094135,Gamma-secretase,INHIBITOR,Gamma-secretase inhibitor,4
CHEMBL6068340,PRASUGREL BESYLATE,CC(=O)Oc1cc2c(s1)CCN(C(C(=O)C1CC1)c1ccccc1F)C2.O=S(=O)(O)c1ccccc1,CHEMBL2001,P2Y purinoceptor 12,ANTAGONIST,Purinergic receptor P2Y12 antagonist,4
CHEMBL4297101,CEFTOBIPROLE MEDOCARIL SODIUM,Cc1oc(=O)oc1COC(=O)N1CC[C@@H](N2CC/C(=C\C3=C(C(=O)[O-])N4C(=O)[C@@H](NC(=O)/C(=N/O)c5nsc(N)n5)[C@H]4SC3)C2=O)C1.[Na+],CHEMBL2362973,Penicillin-binding protein,INHIBITOR,Penicillin-binding protein inhibitor,4
CHEMBL4297101,CEFTOBIPROLE MEDOCARIL SODIUM,Cc1oc(=O)oc1COC(=O)N1CC[C@@H](N2CC/C(=C\C3=C(C(=O)[O-])N4C(=O)[C@@H](NC(=O)/C(=N/O)c5nsc(N)n5)[C@H]4SC3)C2=O)C1.[Na+],CHEMBL2549,Penicillin-binding protein 4,INHIBITOR,Penicillin-binding protein 4 inhibitor,4
CHEMBL6068329,PEMETREXED DIPOTASSIUM,Nc1nc2[nH]cc(CCc3ccc(C(=O)N[C@@H](CCC(=O)[O-])C(=O)[O-])cc3)c2c(=O)[nH]1.[K+].[K+],CHEMBL2555,Thymidylate synthase,INHIBITOR,Thymidylate synthase inhibitor,4
CHEMBL4594379,FOSLEVODOPA,N[C@@H](Cc1ccc(OP(=O)(O)O)c(O)c1)C(=O)O,CHEMBL213,Beta-1 adrenergic receptor,AGONIST,Beta-1 adrenergic receptor agonist,4
CHEMBL4594382,DEURUXOLITINIB PHOSPHATE,O=P(O)(O)O.[2H]C1([2H])C([C@@H](CC#N)n2cc(-c3ncnc4[nH]ccc34)cn2)C([2H])([2H])C([2H])([2H])C1([2H])[2H],CHEMBL3553,Non-receptor tyrosine-protein kinase TYK2,INHIBITOR,Tyrosine-protein kinase TYK2 inhibitor,4
CHEMBL4297603,DEUTIVACAFTOR,[2H]C([2H])([2H])C(c1cc(C(C)(C)C)c(NC(=O)c2c[nH]c3ccccc3c2=O)cc1O)(C([2H])([2H])[2H])C([2H])([2H])[2H],CHEMBL4051,Cystic fibrosis transmembrane conductance regulator,ACTIVATOR,Cystic fibrosis transmembrane conductance regulator activator,4
CHEMBL5314934,VANZACAFTOR,CC1(C)C[C@@H]2CCCNc3cccc(n3)S(=O)(=O)NC(=O)c3ccc(-n4ccc(OCCC5C6(CC6)C56CC6)n4)nc3N1C2,CHEMBL4051,Cystic fibrosis transmembrane conductance regulator,POSITIVE MODULATOR,Cystic fibrosis transmembrane conductance regulator positive modulator,4
CHEMBL4297101,CEFTOBIPROLE MEDOCARIL SODIUM,Cc1oc(=O)oc1COC(=O)N1CC[C@@H](N2CC/C(=C\C3=C(C(=O)[O-])N4C(=O)[C@@H](NC(=O)/C(=N/O)c5nsc(N)n5)[C@H]4SC3)C2=O)C1.[Na+],CHEMBL4269,Penicillin-binding protein 3,INHIBITOR,Penicillin-binding protein 3 inhibitor,4
CHEMBL5095401,IPTACOPAN HYDROCHLORIDE,CCO[C@H]1CCN(Cc2c(OC)cc(C)c3[nH]ccc23)[C@H](c2ccc(C(=O)O)cc2)C1.Cl.O,CHEMBL5731,Complement factor B,INHIBITOR,Complement factor B inhibitor,4
CHEMBL4594378,VORASIDENIB CITRATE,C[C@@H](Nc1nc(N[C@H](C)C(F)(F)F)nc(-c2cccc(Cl)n2)n1)C(F)(F)F.C[C@@H](Nc1nc(N[C@H](C)C(F)(F)F)nc(-c2cccc(Cl)n2)n1)C(F)(F)F.O.O=C(O)CC(O)(CC(=O)O)C(=O)O,CHEMBL2007625,Isocitrate dehydrogenase [NADP] cytoplasmic,INHIBITOR,Isocitrate dehydrogenase [NADP] cytoplasmic inhibitor,1
CHEMBL6068400,GIVINOSTAT HYDROCHLORIDE,CCN(CC)Cc1ccc2cc(COC(=O)Nc3ccc(C(=O)NO)cc3)ccc2c1.Cl.O,CHEMBL2093865,Histone deacetylase,INHIBITOR,Histone deacetylase inhibitor,4
CHEMBL92,DOCETAXEL ANHYDROUS,CC(=O)O[C@@]12CO[C@@H]1C[C@H](O)[C@@]1(C)C(=O)[C@H](O)C3=C(C)[C@@H](OC(=O)[C@H](O)[C@@H](NC(=O)OC(C)(C)C)c4ccccc4)C[C@@](O)([C@@H](OC(=O)c4ccccc4)[C@H]21)C3(C)C,CHEMBL2095182,Tubulin,STABILISER,Tubulin stabiliser,4
CHEMBL6068333,CLOPIDOGREL BESILATE,COC(=O)[C@H](c1ccccc1Cl)N1CCc2sccc2C1.O=S(=O)(O)c1ccccc1,CHEMBL2001,P2Y purinoceptor 12,ANTAGONIST,Purinergic receptor P2Y12 antagonist,4
CHEMBL1359,ERTAPENEM,C[C@@H](O)[C@H]1C(=O)N2C(C(=O)O)=C(S[C@@H]3CN[C@H](C(=O)Nc4cccc(C(=O)O)c4)C3)[C@H](C)[C@H]12,CHEMBL2354204,Bacterial penicillin-binding protein,INHIBITOR,Bacterial penicillin-binding protein inhibitor,4
CHEMBL428,TROVAFLOXACIN,N[C@@H]1[C@H]2CN(c3nc4c(cc3F)c(=O)c(C(=O)O)cn4-c3ccc(F)cc3F)C[C@@H]12,CHEMBL2311224,Bacterial DNA gyrase,INHIBITOR,Bacterial DNA gyrase inhibitor,4
CHEMBL6068332,TENOFOVIR DISOPROXIL MALEATE,CC(C)OC(=O)OCOP(=O)(CO[C@H](C)Cn1cnc2c(N)ncnc21)OCOC(=O)OC(C)C.O=C(O)/C=C\C(=O)O,CHEMBL247,Human immunodeficiency virus type 1 reverse transcriptase,INHIBITOR,Human immunodeficiency virus type 1 reverse transcriptase inhibitor,4
CHEMBL4458276,ENMETAZOBACTAM,C[n+]1ccn(C[C@@]2(C)[C@H](C(=O)[O-])N3C(=O)C[C@H]3S2(=O)=O)n1,CHEMBL2364670,Beta-lactamase TEM,INHIBITOR,Bacterial beta-lactamase TEM inhibitor,4
CHEMBL1650818,AMDINOCILLIN PIVOXIL,CC(C)(C)C(=O)OCOC(=O)[C@@H]1N2C(=O)[C@@H](/N=C/N3CCCCCC3)[C@H]2SC1(C)C,CHEMBL2354313,"Peptidoglycan D,D-transpeptidase MrdA",INHIBITOR,Bacterial penicillin-binding protein 2 inhibitor,4
CHEMBL1251,GANIRELIX,CC/N=C(\NCC)NCCCC[C@H](NC(=O)[C@H](CC(C)C)NC(=O)[C@@H](CCCCN/C(=N/CC)NCC)NC(=O)[C@H](Cc1ccc(O)cc1)NC(=O)[C@H](CO)NC(=O)[C@@H](Cc1cccnc1)NC(=O)[C@@H](Cc1ccc(Cl)cc1)NC(=O)[C@@H](Cc1ccc2ccccc2c1)NC(C)=O)C(=O)N1CCC[C@H]1C(=O)N[C@H](C)C(N)=O,CHEMBL1855,Gonadotropin-releasing hormone receptor,ANTAGONIST,Gonadotropin-releasing hormone receptor antagonist,4
CHEMBL2336050,XANOMELINE TARTRATE,CCCCCCOc1nsnc1C1=CCCN(C)C1.O=C(O)C(O)C(O)C(=O)O,CHEMBL216,Muscarinic acetylcholine receptor M1,AGONIST,Muscarinic acetylcholine receptor M1 agonist,4
CHEMBL1204187,GEPIRONE HYDROCHLORIDE,CC1(C)CC(=O)N(CCCCN2CCN(c3ncccn3)CC2)C(=O)C1.Cl,CHEMBL214,5-hydroxytryptamine receptor 1A,AGONIST,Serotonin 1a (5-HT1a) receptor agonist,4
CHEMBL6068329,PEMETREXED DIPOTASSIUM,Nc1nc2[nH]cc(CCc3ccc(C(=O)N[C@@H](CCC(=O)[O-])C(=O)[O-])cc3)c2c(=O)[nH]1.[K+].[K+],CHEMBL202,Dihydrofolate reductase,INHIBITOR,Dihydrofolate reductase inhibitor,4
CHEMBL6068336,MOMELOTINIB DIHYDROCHLORIDE MONOHYDRATE,Cl.Cl.N#CCNC(=O)c1ccc(-c2ccnc(Nc3ccc(N4CCOCC4)cc3)n2)cc1.O,CHEMBL2835,Tyrosine-protein kinase JAK1,INHIBITOR,Tyrosine-protein kinase JAK1 inhibitor,4
CHEMBL4297101,CEFTOBIPROLE MEDOCARIL SODIUM,Cc1oc(=O)oc1COC(=O)N1CC[C@@H](N2CC/C(=C\C3=C(C(=O)[O-])N4C(=O)[C@@H](NC(=O)/C(=N/O)c5nsc(N)n5)[C@H]4SC3)C2=O)C1.[Na+],CHEMBL6187,MecA,INHIBITOR,MecA inhibitor,4
CHEMBL5416410,DASATINIB,Cc1nc(Nc2ncc(C(=O)Nc3c(C)cccc3Cl)s2)cc(N2CCN(CCO)CC2)n1.O,CHEMBL2096618,Bcr/Abl fusion protein,INHIBITOR,Bcr/Abl fusion protein inhibitor,4
CHEMBL6068343,CLOPIDOGREL HYDROBROMIDE,Br.COC(=O)[C@H](c1ccccc1Cl)N1CCc2sccc2C1,CHEMBL2001,P2Y purinoceptor 12,ANTAGONIST,Purinergic receptor P2Y12 antagonist,4
CHEMBL501122,CEFTAROLINE FOSAMIL,CCO/N=C(\C(=O)N[C@@H]1C(=O)N2C(C(=O)[O-])=C(Sc3nc(-c4cc[n+](C)cc4)cs3)CS[C@H]12)c1nsc(NP(=O)(O)O)n1,CHEMBL2354204,Bacterial penicillin-binding protein,INHIBITOR,Bacterial penicillin-binding protein inhibitor,4
CHEMBL6068332,TENOFOVIR DISOPROXIL MALEATE,CC(C)OC(=O)OCOP(=O)(CO[C@H](C)Cn1cnc2c(N)ncnc21)OCOC(=O)OC(C)C.O=C(O)/C=C\C(=O)O,CHEMBL2362994,DNA polymerase/reverse transcriptase,INHIBITOR,DNA polymerase/reverse transcriptase inhibitor,4
CHEMBL1359,ERTAPENEM,C[C@@H](O)[C@H]1C(=O)N2C(C(=O)O)=C(S[C@@H]3CN[C@H](C(=O)Nc4cccc(C(=O)O)c4)C3)[C@H](C)[C@H]12,CHEMBL5500282,"Peptidoglycan D,D-transpeptidase FtsI",INHIBITOR,"Peptidoglycan D,D-transpeptidase FtsI inhibitor",4
CHEMBL6068478,LAZERTINIB MESYLATE,C=CC(=O)Nc1cc(Nc2nccc(-n3cc(CN(C)C)c(-c4ccccc4)n3)n2)c(OC)cc1N1CCOCC1.CS(=O)(=O)O.O,CHEMBL203,Epidermal growth factor receptor,INHIBITOR,Epidermal growth factor receptor erbB1 inhibitor,4
CHEMBL6068334,SITAGLIPTIN HYDROCHLORIDE MONOHYDRATE,Cl.N[C@@H](CC(=O)N1CCn2c(nnc2C(F)(F)F)C1)Cc1cc(F)c(F)cc1F.O,CHEMBL284,Dipeptidyl peptidase 4,INHIBITOR,Dipeptidyl peptidase IV inhibitor,4
CHEMBL6068341,TENOFOVIR DISOPROXIL PHOSPHATE,CC(C)OC(=O)OCOP(=O)(CO[C@H](C)Cn1cnc2c(N)ncnc21)OCOC(=O)OC(C)C.O=P(O)(O)O,CHEMBL247,Human immunodeficiency virus type 1 reverse transcriptase,INHIBITOR,Human immunodeficiency virus type 1 reverse transcriptase inhibitor,4
CHEMBL6068336,MOMELOTINIB DIHYDROCHLORIDE MONOHYDRATE,Cl.Cl.N#CCNC(=O)c1ccc(-c2ccnc(Nc3ccc(N4CCOCC4)cc3)n2)cc1.O,CHEMBL5903,Activin receptor type-1,INHIBITOR,Activin receptor type-1 inhibitor,4
CHEMBL1359,ERTAPENEM,C[C@@H](O)[C@H]1C(=O)N2C(C(=O)O)=C(S[C@@H]3CN[C@H](C(=O)Nc4cccc(C(=O)O)c4)C3)[C@H](C)[C@H]12,CHEMBL3309036,Cell shape peptidoglycan synthetase penicillin-binding protein 2,INHIBITOR,Cell shape peptidoglycan synthetase penicillin-binding protein 2 inhibitor,4
CHEMBL4650320,MOLNUPIRAVIR,CC(C)C(=O)OC[C@H]1O[C@@H](n2cc/c(=N\O)[nH]c2=O)[C@H](O)[C@@H]1O,CHEMBL5604041,RNA,DISRUPTING AGENT,RNA disrupting agent,3
CHEMBL6068337,LENALIDOMIDE HYDROCHLORIDE MONOHYDRATE,Cl.Nc1cccc2c1CN(C1CCC(=O)NC1=O)C2=O.O,CHEMBL3833061,CRL4(CRBN) E3 ubiquitin ligase,MODULATOR,CRL4(CRBN) E3 ubiquitin ligase modulator,4
CHEMBL1358,FULVESTRANT,C[C@]12CC[C@@H]3c4ccc(O)cc4C[C@@H](CCCCCCCCC[S+]([O-])CCCC(F)(F)C(F)(F)F)[C@H]3[C@@H]1CC[C@@H]2O,CHEMBL206,Estrogen receptor,DEGRADER,Estrogen receptor degrader,4
CHEMBL312443,GABOXADOL,Oc1noc2c1CCNC2,CHEMBL3430899,Gamma-aminobutyric acid receptor subunit alpha-4/beta3/delta,AGONIST,Gamma-aminobutyric acid receptor subunit alpha-4/beta3/delta agonist,3
CHEMBL3581693,BRILANESTRANT,CC/C(=C(/c1ccc(/C=C/C(=O)O)cc1)c1ccc2[nH]ncc2c1)c1ccc(F)cc1Cl,CHEMBL206,Estrogen receptor,DEGRADER,Estrogen receptor degrader,2
CHEMBL3787344,NAZARTINIB,Cc1cc(C(=O)Nc2nc3cccc(Cl)c3n2[C@@H]2CCCCN(C(=O)/C=C/CN(C)C)C2)ccn1,CHEMBL203,Epidermal growth factor receptor,INHIBITOR,Epidermal growth factor receptor inhibitor,2
CHEMBL1220,TINIDAZOLE,CCS(=O)(=O)CCn1c([N+](=O)[O-])cnc1C,CHEMBL2364041,DNA,DISRUPTING AGENT,DNA disrupting agent,4
CHEMBL4297639,LORECIVIVINT,CC(C)CC(=O)Nc1cncc(-c2ccc3[nH]nc(-c4nc5cncc(-c6cccc(F)c6)c5[nH]4)c3c2)c1,CHEMBL2292,Dual specificity tyrosine-phosphorylation-regulated kinase 1A,INHIBITOR,Dual specificity tyrosine-phosphorylation-regulated kinase 1A inhibitor,3
CHEMBL4650329,AFIMETORAN,Cc1c(-c2[nH]c3ccc(C4CCN(CC(N)=O)CC4)cc3c2C(C)C)cn2ncnc2c1C,CHEMBL5805,Toll-like receptor 8,INHIBITOR,Toll-like receptor 8 inhibitor,2
CHEMBL4650329,AFIMETORAN,Cc1c(-c2[nH]c3ccc(C4CCN(CC(N)=O)CC4)cc3c2C(C)C)cn2ncnc2c1C,CHEMBL5936,Toll-like receptor 7,INHIBITOR,Toll-like receptor 7 inhibitor,2
CHEMBL4297639,LORECIVIVINT,CC(C)CC(=O)Nc1cncc(-c2ccc3[nH]nc(-c4nc5cncc(-c6cccc(F)c6)c5[nH]4)c3c2)c1,CHEMBL4225,Dual specificity protein kinase CLK2,INHIBITOR,Dual specificity protein kinase CLK2 inhibitor,3
CHEMBL43048,MIDOMAFETAMINE,CNC(C)Cc1ccc2c(c1)OCO2,CHEMBL238,Sodium-dependent dopamine transporter,RELEASING AGENT,Sodium-dependent dopamine transporter releasing agent,3
CHEMBL3707247,OZANIMOD,CC(C)Oc1ccc(-c2nc(-c3cccc4c3CC[C@@H]4NCCO)no2)cc1C#N,CHEMBL2274,Sphingosine 1-phosphate receptor 5,MODULATOR,Sphingosine 1-phosphate receptor 5 modulator,4
CHEMBL1628227,DOXEPIN,CN(C)CCC=C1c2ccccc2COc2ccccc21,CHEMBL231,Histamine H1 receptor,ANTAGONIST,Histamine H1 receptor antagonist,4
CHEMBL601719,CRIZOTINIB,C[C@@H](Oc1cc(-c2cnn(C3CCNCC3)c2)cnc1N)c1c(Cl)ccc(F)c1Cl,CHEMBL5568,Proto-oncogene tyrosine-protein kinase ROS,INHIBITOR,Proto-oncogene tyrosine-protein kinase ROS inhibitor,4
CHEMBL934,METYRAPONE,CC(C)(C(=O)c1cccnc1)c1cccnc1,CHEMBL1908,"Cytochrome P450 11B1, mitochondrial",INHIBITOR,"Cytochrome P450 11B1, mitochondrial inhibitor",4
CHEMBL601719,CRIZOTINIB,C[C@@H](Oc1cc(-c2cnn(C3CCNCC3)c2)cnc1N)c1c(Cl)ccc(F)c1Cl,CHEMBL2689,Macrophage-stimulating protein receptor,INHIBITOR,Macrophage-stimulating protein receptor inhibitor,4
CHEMBL43048,MIDOMAFETAMINE,CNC(C)Cc1ccc2c(c1)OCO2,CHEMBL228,Sodium-dependent serotonin transporter,RELEASING AGENT,Sodium-dependent serotonin transporter releasing agent,3
CHEMBL43048,MIDOMAFETAMINE,CNC(C)Cc1ccc2c(c1)OCO2,CHEMBL222,Sodium-dependent noradrenaline transporter,RELEASING AGENT,Sodium-dependent noradrenaline transporter releasing agent,3
CHEMBL81,RALOXIFENE,O=C(c1ccc(OCCN2CCCCC2)cc1)c1c(-c2ccc(O)cc2)sc2cc(O)ccc12,CHEMBL206,Estrogen receptor,MODULATOR,Estrogen receptor modulator,4
CHEMBL5095049,PACRITINIB CITRATE,C1=C/COCc2cc(ccc2OCCN2CCCC2)Nc2nccc(n2)-c2cccc(c2)COC/1.O=C(O)CC(O)(CC(=O)O)C(=O)O,CHEMBL5903,Activin receptor type-1,INHIBITOR,Activin receptor type-1 inhibitor,4
CHEMBL5095049,PACRITINIB CITRATE,C1=C/COCc2cc(ccc2OCCN2CCCC2)Nc2nccc(n2)-c2cccc(c2)COC/1.O=C(O)CC(O)(CC(=O)O)C(=O)O,CHEMBL3357,Interleukin-1 receptor-associated kinase 1,INHIBITOR,Interleukin-1 receptor-associated kinase 1 inhibitor,4
